,pattern,weight,status
0,PRVSRR,-1.2500000000000009,1
1,PRVSRR,-1.0600000000000007,1
2,PRVSRR,3.909999999999999,1
3,PRVSRR,-2.210000000000001,1
4,PRVSRR,-0.060000000000000775,1
5,PRVSRS,1.4499999999999988,0
6,RVSRVR,-1.700000000000001,0
7,PPRVSR,-0.5600000000000005,0
8,PWRSRR,3.6499999999999986,0
9,PRVSER,0.40999999999999925,0
10,RVESRR,-2.8900000000000006,0
11,RSRMRK,-5.08,0
12,PRVCHR,-0.6500000000000007,0
13,PRVLRR,1.1999999999999988,0
14,PRVRLT,-1.0500000000000012,0
15,CPGVER,-9.992007221626409e-16,0
16,YPRSSR,1.029999999999999,0
17,VSRSER,-1.7500000000000009,0
18,PPRVRR,1.949999999999999,0
19,GDTHVM,4.97,0
20,AKHSAR,1.3800000000000003,0
21,QARQPQ,-2.3900000000000006,0
22,PRSRR,-0.2800000000000011,0
23,PRVRR,-0.5700000000000011,0
24,AVSRR,-1.9700000000000006,0
25,RVSRR,-0.9400000000000008,1
26,WPSQQ,6.13,0
27,SVWRN,-0.12000000000000094,0
28,PGTRS,-4.010000000000001,0
29,PRMM,-0.8600000000000009,0
30,VDSR,-0.2600000000000009,0
31,RSFV,0.239999999999999,0
32,RPVR,0.26999999999999913,1
33,VSRR,-3.7500000000000013,1
34,PRVR,-1.550000000000001,0
35,RVWR,0.3799999999999992,0
36,PVSR,-2.7300000000000013,0
37,NSGS,0.14999999999999977,0
38,LVSR,0.28999999999999904,0
39,RVSR,0.759999999999999,1
40,RVSR,-1.970000000000001,1
41,VRDR,-0.30000000000000093,0
42,RSRA,0.6799999999999989,0
43,MKEA,-0.23000000000000007,0
44,TRVR,1.3299999999999992,0
45,PAYM,0.8299999999999996,0
46,SIER,-1.4800000000000009,0
47,WSD,0.9799999999999986,0
48,DQF,0.349999999999999,0
49,PSR,-0.9900000000000008,0
50,HPC,0.2299999999999997,0
51,GPP,2.619999999999999,0
52,INY,4.72,0
53,CRC,-1.1699999999999995,0
54,EEP,-4.380000000000001,0
55,VTR,-9.992007221626409e-16,0
56,VPR,1.809999999999999,1
57,PR,-3.0400000000000005,1
58,WY,-2.9400000000000004,1
59,PC,2.349999999999999,1
60,PQ,1.5199999999999996,0
61,PR,-0.8400000000000004,1
62,CP,2.88,1
63,PC,3.3900000000000006,1
64,RT,0.22999999999999987,1
65,MT,0.7399999999999994,0
66,P,0.6599999999999989,1
67,P,0.89,1
68,C,0.10000000000000023,1
69,L,-0.6400000000000001,1
70,P,-2.3800000000000003,1
71,E,-2.37,1
72,T,0.82,1
73,R,1.5899999999999996,1
74,K,1.3399999999999999,1
75,E,1.7199999999999998,1
76,S,0.8599999999999997,1
77,G,0.8599999999999997,1
78,V,1.16,1
