,pattern,weight,status
0,VSRRRR,0.01000000000000198,1
1,VSRRRR,-4.839999999999997,1
2,VSRRRR,0.8300000000000015,1
3,VSRRRR,2.3800000000000017,1
4,VSRRRR,3.8800000000000017,1
5,VSRRRR,-4.769999999999998,1
6,VSRLRR,-4.389999999999999,0
7,VSARRR,-1.3999999999999984,0
8,VPVRRT,0.3100000000000017,0
9,KSRRRR,0.0700000000000015,0
10,VSRRPR,0.5200000000000018,0
11,PMVRRR,1.0900000000000016,0
12,VFERRR,0.6400000000000017,0
13,VSRRVR,-0.6999999999999984,0
14,VSRPRR,1.0900000000000014,0
15,VSRRRR,-1.4899999999999984,1
16,VRRRGN,-0.9499999999999984,0
17,TCVWRR,3.8700000000000014,0
18,VKRRR,-2.3199999999999976,0
19,VSRSR,-0.6899999999999984,0
20,SRRRR,-1.0899999999999985,1
21,VTCRR,-1.2499999999999987,0
22,SRVRR,1.8400000000000012,0
23,SRRRR,1.5200000000000016,1
24,VSRWR,-1.4199999999999984,0
25,VSRRR,1.7100000000000015,1
26,HVSRR,1.5900000000000012,0
27,SWRRR,3.910000000000002,0
28,SHRRR,-1.0499999999999985,0
29,PMSEQ,1.5299999999999996,0
30,VSYRR,0.05000000000000171,0
31,MCYFT,8.5,0
32,RRRQ,-1.4799999999999986,0
33,VRRY,0.7600000000000017,0
34,VRRR,1.0200000000000018,1
35,VSRR,-1.0699999999999987,1
36,RRRA,-1.8499999999999988,0
37,SRRR,-2.5399999999999983,1
38,SRRR,1.8000000000000018,1
39,VSRR,-2.549999999999998,1
40,SPRR,-1.7999999999999985,0
41,VRRR,-2.3599999999999985,1
42,DIGA,2.89,0
43,SCLS,4.2200000000000015,0
44,QMSM,1.0399999999999996,0
45,RRH,-0.18999999999999861,0
46,VRR,-2.7599999999999985,1
47,QRR,2.6400000000000023,0
48,SRR,-2.3699999999999983,1
49,PRR,-1.7199999999999989,1
50,YRI,2.78,1
51,RR,-0.7899999999999985,1
52,TV,-0.4000000000000003,0
53,RY,-1.5400000000000005,1
54,SW,0.2699999999999998,1
55,NP,1.0499999999999998,1
56,SH,1.5999999999999996,1
57,ST,-0.2700000000000003,1
58,TS,2.0299999999999994,1
59,LS,-0.5000000000000001,1
60,SA,0.9099999999999998,1
61,KW,1.98,1
62,E,-0.7600000000000003,1
63,T,0.8900000000000001,1
64,R,1.4300000000000002,1
65,M,1.98,1
66,K,1.63,1
67,R,0.9100000000000001,1
68,C,3.3899999999999997,1
69,S,1.2899999999999996,1
70,P,-1.86,1
71,S,-0.4900000000000002,1
72,S,0.09999999999999953,1
