,pattern,weight,status
0,NVSHLV,5.510000000000001,0
1,TRKVIY,1.5799999999999998,0
2,YRGGI,6.11,0
3,PAAPF,7.33,0
4,FMPDC,4.4399999999999995,0
5,WPKID,5.52,0
6,NFWAR,11.079999999999998,0
7,KQAN,4.43,0
8,KINL,3.3499999999999996,0
9,MLW,0.44,0
10,YFG,6.62,0
11,FWY,4.48,0
12,SNN,10.07,1
13,DQ,5.519999999999999,1
14,EW,4.799999999999999,1
15,KY,4.85,1
16,RT,1.06,1
17,LE,4.73,1
18,QE,5.53,1
19,LK,7.1499999999999995,1
20,WI,7.119999999999999,1
21,S,0.9099999999999999,1
22,W,1.6499999999999995,1
23,R,1.31,1
24,T,0.6900000000000001,1
25,K,1.5899999999999996,1
26,C,1.28,1
