,pattern,weight,status
0,GGRRRRRRS,0.5599999999999996,1
1,RRRRGGRRR,-2.9899999999999998,1
2,RRRRPRVSR,3.4800000000000013,1
3,QERRDDILW,-12.219999999999995,1
4,MGKLIGIPV,25.05,1
5,RPRVSRRRR,1.8500000000000005,1
6,PRVSRMRRR,-5.830000000000001,0
7,RRRGRGRRR,-0.030000000000000082,0
8,RPVSRRSRR,1.7600000000000005,0
9,KGMKHKKKF,5.67,0
10,GGRRRRNRS,1.9400000000000004,0
11,RRRRGGRPR,3.229999999999999,0
12,RRRRGGRS,3.6999999999999993,0
13,GGRRRRRS,2.4600000000000004,0
14,MGKIGIPV,23.040000000000003,0
15,SQKRTKYY,10.129999999999995,0
16,RRRRRRHR,2.1900000000000017,0
17,RRRRGGRR,-2.9899999999999998,1
18,RRRRRRRR,1.5800000000000016,1
19,PRVSRRRR,-3.900000000000001,1
20,PRVSRRRR,-4.450000000000001,0
21,SQKRTKTY,9.589999999999995,1
22,WWRRRRRR,2.120000000000001,0
23,RRRRPSR,3.7700000000000014,0
24,RRRGGRR,3.329999999999999,0
25,KKHKKMK,5.73,0
26,QERDDLW,-12.759999999999994,0
27,RSRRRGR,4.060000000000001,0
28,SQKRTTY,8.859999999999994,0
29,RRRRRRR,1.7700000000000014,1
30,VKGMKHK,2.05,1
31,RRRPRST,1.3800000000000012,0
32,FVGMKHK,1.44,0
33,MIAYASY,2.37,0
34,IKGMHKK,0.6699999999999999,0
35,TRRRRRR,1.4200000000000015,0
36,RRRRRR,2.500000000000001,1
37,AVFTEA,9.02,0
38,LQCSTV,-2.0599999999999996,0
39,RPRS,1.5600000000000012,0
40,SMVW,-3.87,0
41,GCLK,4.140000000000001,0
42,YWTR,2.2399999999999993,0
43,TNR,0.6599999999999993,0
44,CLK,4.380000000000001,1
45,WTR,2.059999999999999,1
46,TRP,2.869999999999999,1
47,AWE,5.89,0
48,LFR,0.41999999999999954,0
49,DYY,-2.9100000000000006,0
50,YNY,-2.9100000000000006,0
51,YHS,-1.0800000000000005,0
52,HLS,-0.42000000000000065,0
53,TN,-0.8699999999999997,0
54,QT,0.5300000000000002,1
55,YS,-4.23,1
56,WE,6.35,1
57,RN,2.8,1
58,RN,1.9399999999999995,0
59,LR,-0.4600000000000004,1
60,YS,-3.3000000000000007,0
61,LK,7.76,1
62,LK,7.75,0
63,TR,1.9699999999999995,1
64,PK,-1.01,1
65,PK,0.49,0
66,WD,5.3,1
67,WI,5.87,1
68,IR,1.5399999999999998,1
69,QS,-0.11999999999999966,1
70,ID,5.1499999999999995,1
71,TW,0.5300000000000002,1
72,PT,0.7400000000000002,1
73,IW,3.6699999999999995,0
74,LP,1.5600000000000005,1
75,SP,1.2900000000000005,1
76,L,1.5000000000000004,1
77,M,1.3200000000000003,1
78,S,1.0800000000000005,1
79,R,1.13,1
80,T,0.5900000000000002,1
81,G,0.8200000000000001,1
82,G,1.81,0
83,Y,-2.170000000000001,1
84,V,-2.49,1
85,P,1.8599999999999999,1
86,K,1.4199999999999995,1
87,W,2.03,1
88,I,4.449999999999999,1
89,I,5.27,0
