,pattern,weight,status
0,YFWHWM,1.990000000000001,0
1,YPWLWC,-2.6899999999999986,0
2,MWYWNE,-2.2199999999999993,0
3,QVHGKQ,4.260000000000002,0
4,YWCWWC,-1.0399999999999987,0
5,VCQWKI,0.270000000000001,0
6,YGMRFV,1.86,0
7,SGGQRE,7.800000000000001,0
8,TANFMQ,4.54,0
9,YTYWI,0.29000000000000126,0
10,LYGSD,-1.8499999999999992,0
11,GAEHT,0.6200000000000011,0
12,MFINC,4.01,0
13,QPLRW,5.220000000000001,0
14,IQDYN,6.220000000000001,0
15,SACYA,3.8800000000000003,0
16,FIWLS,1.960000000000001,0
17,YYRWP,-3.569999999999999,0
18,GVVKQ,-2.36,0
19,LTGPL,9.63,0
20,QLWWK,1.2100000000000009,0
21,LWWPI,-0.46999999999999864,0
22,FHWRY,2.8000000000000007,0
23,DPTRI,-0.829999999999999,0
24,YVWCC,0.850000000000001,0
25,VFEP,8.16,0
26,AVKI,4.530000000000001,0
27,IPWW,3.2200000000000015,0
28,QAET,-2.3500000000000005,0
29,QERV,7.88,0
30,CWKY,5.720000000000001,0
31,WEVW,1.6700000000000008,0
32,EWAI,-0.7999999999999986,0
33,TNAF,0.15000000000000102,0
34,QKEI,3.9599999999999995,0
35,NQS,9.25,0
36,PQC,1.490000000000001,0
37,YML,1.74,0
38,SDQ,6.790000000000001,1
39,WPT,-0.5299999999999991,0
40,TVF,-2.5900000000000007,0
41,RP,-3.009999999999998,1
42,YW,-1.2399999999999989,1
43,TR,0.5499999999999998,1
44,DI,0.1699999999999997,1
45,LV,2.7500000000000013,1
46,EV,-4.8999999999999995,1
47,CL,-3.1199999999999988,1
48,WG,-5.499999999999998,1
49,KL,11.760000000000003,1
50,WW,-7.129999999999998,1
51,YK,1.850000000000001,1
52,E,0.04000000000000009,1
53,Y,-2.949999999999999,1
54,S,0.86,1
55,T,0.84,1
56,K,1.5200000000000002,1
57,R,1.1500000000000001,1
58,W,4.38,1
59,I,5.21,1
60,G,0.79,1
