,pattern,weight,status
0,LPNFKQ,8.86,0
1,DLLAIS,7.13,0
2,GECWGD,3.66,0
3,DVHFKK,8.309999999999999,0
4,LADECT,4.66,0
5,TSRMWS,5.65,0
6,DMSID,8.029999999999998,0
7,MSVVK,0.5000000000000003,0
8,YCDNK,7.790000000000001,0
9,WYSRA,1.5099999999999998,0
10,LWDHW,-1.8600000000000008,0
11,FHCKY,8.129999999999999,0
12,FMFHK,9.98,0
13,EVNM,9.149999999999999,0
14,QHWH,7.860000000000002,0
15,GTLK,0.6699999999999998,0
16,TTVK,5.22,0
17,MMFV,0.30000000000000027,0
18,RKLW,9.190000000000001,0
19,QHYY,9.15,0
20,KQSR,-1.7199999999999998,0
21,NLGD,3.1899999999999995,0
22,DCFE,7.74,0
23,HYR,8.55,0
24,EHF,8.090000000000002,0
25,MCW,3.2600000000000002,0
26,FFQ,1.1400000000000001,0
27,FSN,2.9499999999999997,0
28,CEC,10.84,0
29,RWR,6.460000000000001,0
30,HSV,0.61,0
31,VE,3.8600000000000003,1
32,RK,5.22,1
33,SH,1.2400000000000002,1
34,FM,6.7299999999999995,1
35,HQ,9.39,1
36,FS,-0.04999999999999993,0
37,VN,4.8999999999999995,1
38,KK,4.91,1
39,RL,12.059999999999999,1
40,RI,8.16,1
41,RK,4.1,1
42,KG,3.67,1
43,PT,6.68,1
44,EM,3.93,0
45,CI,2.63,1
46,EP,5.85,1
47,EK,0.5899999999999999,1
48,YA,7.940000000000001,1
49,FR,0.5399999999999995,0
50,NA,5.830000000000001,1
51,VI,-0.29999999999999977,1
52,Y,8.489999999999998,1
53,D,1.44,1
54,F,6.910000000000001,1
55,E,5.080000000000001,1
56,T,0.98,1
57,D,2.95,1
58,Y,8.92,1
59,H,7.239999999999999,1
60,N,4.52,1
61,G,6.9799999999999995,1
62,Y,9.450000000000001,1
63,W,5.76,1
64,V,4.92,1
65,V,2.34,1
66,H,7.2299999999999995,1
67,V,2.5500000000000003,1
68,A,7.12,1
69,S,7.0200000000000005,1
70,D,4.719999999999999,1
71,E,5.8,1
72,D,4.69,1
73,N,9.249999999999998,1
74,T,6.880000000000001,1
