,pattern,weight,status
0,NLIWHG,9.469999999999999,0
1,IRHMPK,7.909999999999999,0
2,GCCNH,7.869999999999998,0
3,LSKFD,2.5899999999999994,0
4,MLVPW,7.56,0
5,ISDH,4.92,0
6,NRPQ,10.190000000000001,0
7,CGCY,11.110000000000003,0
8,QGKK,5.91,0
9,LWDR,3.0999999999999996,0
10,VFWW,4.11,0
11,RVSR,7.359999999999999,1
12,ESCA,5.09,0
13,YAEP,8.23,0
14,LNM,3.6200000000000006,0
15,WIR,1.8400000000000003,1
16,GQI,5.6,0
17,DWG,12.179999999999998,0
18,CID,9.12,0
19,NHN,8.94,0
20,TYE,8.78,0
21,TME,2.4399999999999995,0
22,YLN,9.45,1
23,NF,6.6499999999999995,1
24,DR,3.6399999999999997,1
25,KR,5.76,1
26,RE,9.77,1
27,KK,4.05,1
28,IR,2.33,1
29,WW,8.59,1
30,PM,4.639999999999999,1
31,PM,3.6999999999999997,1
32,TE,4.289999999999999,1
33,KR,7.119999999999999,1
34,RE,11.12,1
35,SA,3.29,1
36,V,4.660000000000001,1
37,D,3.67,1
38,E,5.609999999999999,1
39,A,9.009999999999998,1
40,G,5.199999999999999,1
41,D,3.88,1
42,V,9.0,1
43,S,7.359999999999999,1
44,D,5.529999999999999,1
45,T,7.890000000000001,1
46,Y,9.05,1
47,Y,9.16,1
48,Y,9.99,1
49,H,8.55,1
50,H,9.860000000000001,1
51,G,2.79,1
52,N,8.270000000000003,1
53,N,9.710000000000003,1
