,pattern,weight,status
0,FLVANP,13.540000000000001,0
1,DQLMIK,7.18,0
2,QGWTMW,5.9399999999999995,0
3,IFDKTL,5.570000000000001,0
4,YGQMDC,8.930000000000001,0
5,SLSDYK,10.479999999999999,0
6,VIHVPF,10.069999999999999,0
7,NPHKRH,0.5799999999999997,0
8,CTGCK,3.27,0
9,RAAYT,1.67,0
10,RMGVW,10.15,0
11,ARLGE,4.960000000000001,0
12,FLWSV,2.4100000000000006,0
13,FQMGH,10.549999999999999,0
14,QWIC,5.05,0
15,WGHL,10.15,0
16,GDED,4.500000000000001,0
17,YHIE,8.67,0
18,KWAQ,5.14,0
19,TCSM,1.2500000000000002,0
20,SGHQ,5.639999999999999,0
21,VPNE,7.379999999999998,0
22,FIPG,8.27,0
23,RNNR,7.429999999999998,0
24,VDM,6.549999999999998,0
25,KIK,3.2200000000000006,1
26,PKA,9.489999999999998,0
27,CWQ,5.48,0
28,VDE,11.34,0
29,LKL,6.010000000000001,1
30,WLN,7.32,0
31,TFP,1.1999999999999997,0
32,PLK,9.260000000000002,1
33,YEM,11.600000000000001,0
34,PGF,5.869999999999999,0
35,IKI,-0.07000000000000028,0
36,VMV,-0.12,0
37,GSQ,1.0099999999999998,0
38,PPV,13.51,0
39,VP,11.59,1
40,CA,4.38,1
41,PW,8.329999999999998,1
42,MR,7.7299999999999995,1
43,EP,6.15,1
44,VS,0.8300000000000001,1
45,YE,11.14,1
46,WE,8.030000000000001,1
47,PI,5.82,1
48,RN,6.9499999999999975,1
49,QE,8.440000000000001,1
50,VK,7.309999999999997,1
51,GE,5.0,1
52,LK,9.000000000000002,1
53,WS,0.3899999999999999,1
54,HT,3.699999999999999,1
55,MW,9.479999999999999,1
56,MS,6.11,1
57,RF,9.469999999999997,0
58,RT,3.6599999999999997,1
59,TM,10.16,1
60,LK,10.799999999999999,1
61,LK,11.93,1
62,LK,9.72,1
63,LK,8.720000000000002,1
64,LK,12.500000000000004,1
65,SK,6.24,1
66,TI,2.79,1
67,KE,10.4,1
68,WE,8.6,1
69,H,1.7899999999999998,1
70,H,-0.6200000000000003,1
71,G,3.8800000000000003,1
72,Q,0.5699999999999997,1
73,T,3.3,1
74,W,9.56,1
75,K,6.990000000000002,1
76,S,2.8600000000000003,1
77,R,6.209999999999997,1
78,I,11.559999999999999,1
