,pattern,weight,status
0,ENTLAT,8.37,0
1,SVNWKM,3.079999999999999,0
2,CMRID,-1.8900000000000001,0
3,YVIW,5.92,0
4,PSEG,4.569999999999999,0
5,KKKK,4.790000000000001,1
6,VIW,6.37,0
7,KCE,5.260000000000001,0
8,KKK,3.970000000000001,1
9,SNA,4.3,0
10,CVG,3.540000000000002,0
11,GKK,5.830000000000001,1
12,GKK,5.830000000000001,1
13,ERT,4.850000000000001,1
14,LSS,9.609999999999998,0
15,CYW,4.690000000000001,0
16,WQR,2.7,0
17,GRW,0.5799999999999998,0
18,ER,5.070000000000001,1
19,MW,-0.12,1
20,MW,-0.77,1
21,PT,1.69,1
22,PT,1.69,1
23,LS,9.289999999999997,1
24,YW,5.500000000000001,1
25,LQ,4.91,1
26,LQ,4.42,1
27,NI,8.7,1
28,NI,9.549999999999999,1
29,RE,6.91,1
30,RE,7.13,1
31,FM,9.32,1
32,FM,8.64,1
33,GR,-0.13000000000000012,1
34,CD,10.030000000000001,1
35,CD,9.090000000000002,1
36,VI,6.55,1
37,VI,6.55,1
38,SN,4.759999999999999,1
39,SN,4.169999999999999,1
40,RK,6.57,1
41,RK,6.23,1
42,TE,7.529999999999999,1
43,IF,8.38,1
44,IF,8.21,1
45,EV,6.01,1
46,EV,6.01,1
47,YL,3.010000000000001,1
48,VL,8.65,1
49,VL,8.25,1
50,VY,4.5200000000000005,1
51,VY,4.5200000000000005,1
52,HH,6.09,1
53,HH,5.17,1
54,EF,4.46,0
55,CA,6.67,1
56,TT,4.91,1
57,Q,1.71,1
58,E,6.68,1
59,Y,3.010000000000001,1
60,M,4.100000000000001,1
61,G,6.009999999999999,1
62,G,6.009999999999999,1
63,F,8.570000000000002,1
64,Y,5.88,1
65,Y,5.88,1
66,E,4.46,1
67,C,7.61,1
68,Y,5.400000000000001,1
69,Y,5.740000000000001,1
70,S,4.419999999999999,1
71,S,5.079999999999999,1
72,K,-0.14000000000000012,1
73,K,0.1899999999999999,1
74,D,11.880000000000003,1
75,D,11.710000000000003,1
76,H,10.240000000000002,1
77,H,10.240000000000002,1
78,V,7.26,1
79,V,7.26,1
80,A,6.67,1
81,A,6.74,1
82,Y,7.1899999999999995,1
83,A,3.1,1
84,A,3.1,1
85,N,8.79,1
86,N,8.259999999999998,1
87,T,4.96,1
