,pattern,weight,status
0,WSYCWW,5.1000000000000005,0
1,VMLWTM,7.04,0
2,LYWGEM,5.940000000000003,0
3,WYCWW,4.130000000000001,0
4,YYWTL,9.21,0
5,WWLWH,7.75,0
6,IYCSW,5.680000000000001,0
7,HYLW,4.050000000000001,0
8,LLSI,5.240000000000001,0
9,YLW,5.82,1
10,YLW,6.7,1
11,SLW,6.8500000000000005,0
12,YWL,8.08,1
13,YWL,8.08,1
14,QWW,5.560000000000001,0
15,YWL,6.260000000000001,1
16,YWL,5.7700000000000005,1
17,WWH,5.37,1
18,IWH,5.37,1
19,YYW,5.37,1
20,YYW,5.37,1
21,YLM,9.77,0
22,NI,7.2,1
23,NI,7.2,1
24,SI,6.050000000000002,1
25,SI,6.050000000000002,1
26,VW,4.6,1
27,VW,4.6,1
28,YA,5.010000000000001,1
29,KP,4.98,1
30,KP,4.98,1
31,SL,6.990000000000002,1
32,SL,6.990000000000002,1
33,YY,5.380000000000001,1
34,YY,6.130000000000001,1
35,WW,7.189999999999999,1
36,WW,7.189999999999999,1
37,YL,9.42,1
38,CD,1.5600000000000003,1
39,MN,4.340000000000001,1
40,MN,4.340000000000001,1
41,DR,0.9500000000000002,1
42,DR,0.9500000000000002,1
43,DR,1.1199999999999999,1
44,DR,1.1199999999999999,1
45,MM,9.55,1
46,A,4.120000000000001,1
47,D,1.5800000000000003,1
48,F,1.6799999999999993,1
49,E,4.72,1
50,E,4.72,1
51,A,8.0,1
52,A,8.5,1
53,Y,8.15,1
54,Y,8.15,1
55,I,-3.2899999999999996,1
56,I,-3.3199999999999994,1
57,V,5.52,1
58,V,5.52,1
59,S,2.4600000000000004,1
60,S,2.4600000000000004,1
61,H,8.3,1
62,H,8.0,1
63,N,6.799999999999999,1
64,N,6.5699999999999985,1
65,G,3.4599999999999986,1
66,G,4.019999999999999,1
67,T,3.2700000000000005,1
68,T,3.2700000000000005,1
69,D,6.61,1
70,D,6.61,1
