,pattern,weight,status
0,SEACER,9.26,0
1,KHCHRV,7.78,0
2,PSYFRT,4.77,0
3,HCHRV,8.33,0
4,YCRLC,-0.47,0
5,YPHLS,8.25,0
6,QKFP,2.6999999999999997,0
7,VLRG,8.079999999999998,0
8,RSPY,3.82,0
9,SIED,4.73,0
10,QTLC,3.9599999999999995,0
11,RCMW,9.18,0
12,PRCT,9.620000000000001,0
13,TGC,8.76,0
14,TEG,8.31,0
15,IED,5.33,1
16,TWV,2.0000000000000004,0
17,VRF,1.9399999999999997,0
18,LHE,3.5999999999999988,0
19,LHE,5.339999999999999,0
20,GGG,2.030000000000001,1
21,IRR,3.97,0
22,ILT,8.780000000000001,0
23,GNH,1.1,0
24,GFH,7.16,0
25,IAT,7.260000000000002,0
26,SNA,3.3,0
27,NQV,2.2399999999999998,0
28,DCY,8.75,0
29,HQ,1.3000000000000007,1
30,GG,1.770000000000001,1
31,VV,6.76,1
32,VV,6.8999999999999995,1
33,VV,7.050000000000001,1
34,VV,8.180000000000001,1
35,IT,7.380000000000002,1
36,RC,8.790000000000001,1
37,RC,9.280000000000001,1
38,RK,8.3,1
39,SN,3.71,1
40,NY,-2.2800000000000002,1
41,CL,9.82,1
42,CL,9.82,1
43,WW,3.34,1
44,WW,2.79,1
45,IR,1.8699999999999999,1
46,IT,8.38,1
47,LG,8.02,1
48,LG,4.119999999999999,1
49,LG,4.859999999999999,1
50,RC,8.399999999999999,1
51,KK,3.9300000000000006,1
52,KK,4.04,1
53,TE,4.530000000000001,1
54,QC,5.27,1
55,YH,1.3900000000000008,1
56,NV,2.2399999999999998,1
57,CH,4.050000000000001,1
58,CH,5.760000000000001,1
59,GT,5.17,1
60,RD,7.720000000000001,1
61,GY,1.6,0
62,HL,5.97,1
63,GN,5.840000000000001,1
64,H,1.54,1
65,Q,6.27,1
66,N,6.92,1
67,G,7.1,1
68,G,5.96,1
69,H,6.43,1
70,N,3.690000000000001,1
71,N,3.790000000000001,1
72,N,-0.7100000000000001,1
73,T,5.25,1
74,T,5.25,1
75,V,0.7799999999999999,1
76,V,0.6199999999999999,1
77,E,7.039999999999999,1
78,E,7.429999999999999,1
79,Y,7.32,1
80,D,6.8199999999999985,1
81,D,6.669999999999999,1
82,V,8.5,1
83,V,8.5,1
84,L,-1.1099999999999999,1
85,L,-0.1299999999999999,1
86,Y,-0.2699999999999999,1
87,N,3.5100000000000002,1
88,D,8.33,1
89,Y,12.689999999999998,1
90,Y,11.54,1
91,S,4.95,1
92,S,4.78,1
93,Y,8.86,1
94,H,8.57,1
95,H,7.620000000000001,1
