,pattern,weight,status
0,TRLCIN,7.77,0
1,KFLPLC,7.879999999999999,0
2,LPQQD,9.34,0
3,VPGAI,7.7299999999999995,0
4,VDVRV,3.41,0
5,IVNWK,1.3199999999999996,0
6,EEWN,0.07000000000000006,0
7,KMLN,1.8000000000000003,0
8,DEGT,9.74,0
9,PPSQ,5.259999999999999,0
10,SPTS,6.5,0
11,GCGH,9.009999999999998,0
12,PAH,9.13,0
13,NHY,0.9999999999999999,0
14,EFG,8.579999999999998,0
15,HHL,-1.1800000000000002,0
16,RWC,3.82,0
17,GMR,-0.03999999999999995,0
18,SNS,5.93,0
19,VRW,5.9799999999999995,0
20,DWE,3.9400000000000017,1
21,HCQ,0.9100000000000001,0
22,VRF,5.529999999999999,0
23,DSI,5.25,0
24,CGH,5.009999999999998,1
25,GKH,8.139999999999997,0
26,YTV,2.7600000000000002,0
27,DSI,-0.0800000000000004,0
28,GHC,7.839999999999997,0
29,YN,10.62,1
30,VW,6.0600000000000005,1
31,CW,2.0900000000000003,1
32,TY,5.779999999999999,1
33,WR,4.629999999999999,1
34,GA,7.320000000000001,1
35,YR,4.920000000000001,1
36,GH,8.339999999999998,1
37,LT,2.46,1
38,GH,8.28,1
39,GP,5.48,1
40,DS,0.4000000000000001,1
41,TM,7.999999999999998,1
42,RM,2.8099999999999996,1
43,DW,3.650000000000001,1
44,KL,8.819999999999999,1
45,EP,9.02,1
46,KL,9.290000000000001,1
47,DI,2.9899999999999998,1
48,KM,2.500000000000001,1
49,VP,7.869999999999999,1
50,TM,6.459999999999999,1
51,TM,7.769999999999999,1
52,LK,3.08,1
53,RT,5.090000000000001,1
54,MR,10.13,1
55,LK,8.909999999999998,1
56,YC,1.12,0
57,VQ,5.450000000000001,0
58,TC,7.450000000000001,1
59,FH,-0.7900000000000003,0
60,D,-1.6599999999999997,1
61,P,4.11,1
62,I,1.6999999999999995,1
63,I,8.54,1
64,D,-0.04999999999999993,1
65,L,8.51,1
66,Q,5.900000000000001,1
67,E,2.4200000000000004,1
68,W,5.930000000000001,1
69,T,6.050000000000001,1
70,I,2.69,1
71,S,6.639999999999999,1
72,G,5.740000000000002,1
73,R,4.820000000000001,1
74,M,3.77,1
75,I,8.26,1
76,K,9.069999999999999,1
