,pattern,weight,status
0,TDCTTD,3.6999999999999993,0
1,TDTDHT,-0.6300000000000001,0
2,NWTDTD,2.08,0
3,DRTTDT,-0.73,0
4,TTTDAS,3.18,0
5,TEDNST,-3.1899999999999995,0
6,LKTTPT,0.8300000000000002,0
7,DQTQDT,2.21,0
8,WTDTAT,3.0600000000000005,0
9,TDTMDT,1.7999999999999998,0
10,KGTTD,-0.3300000000000003,0
11,TNWIQ,4.670000000000001,0
12,SFTTD,-1.0,0
13,YKTTD,7.3999999999999995,0
14,TDTTT,-0.6600000000000001,1
15,TDTTT,-1.3600000000000008,1
16,TTTTT,1.6700000000000002,1
17,GTDTC,-0.6300000000000002,0
18,CTSDT,0.11999999999999997,0
19,AQDTS,0.0399999999999999,0
20,QGSMV,1.25,0
21,TVDMT,1.8699999999999999,0
22,DTTD,1.8199999999999996,1
23,TNTT,-0.2200000000000003,0
24,NRWQ,-0.49,0
25,SSGM,-1.7199999999999998,0
26,ITTD,0.38000000000000034,0
27,TQND,1.83,0
28,VTDT,-0.20999999999999974,0
29,FFIQ,5.830000000000001,0
30,TNDT,1.23,0
31,VDTT,0.07000000000000063,0
32,TDYT,1.2600000000000007,0
33,ILSC,5.43,0
34,DDDT,5.53,0
35,DDTD,2.04,0
36,TTQW,-0.38,0
37,KQDN,2.86,0
38,DTT,3.89,1
39,TKT,5.379999999999999,1
40,DDA,-0.35999999999999954,0
41,GEV,1.8900000000000006,0
42,DTD,1.8099999999999996,1
43,TTK,2.8899999999999997,1
44,DDC,3.730000000000001,0
45,GDT,0.6900000000000005,0
46,DFS,0.26999999999999985,0
47,HLC,8.87,0
48,HTG,1.9599999999999997,0
49,TTT,1.49,1
50,ADT,0.4800000000000001,0
51,RTW,1.5500000000000003,1
52,TQT,-0.8300000000000003,0
53,DN,-0.3699999999999998,1
54,TD,-0.5299999999999998,1
55,DR,4.120000000000002,1
56,TA,2.33,1
57,TD,1.6399999999999997,1
58,DD,1.7800000000000002,1
59,NT,10.500000000000002,1
60,NW,8.14,1
61,RK,9.47,1
62,VL,2.1300000000000003,1
63,QT,10.17,1
64,AN,9.520000000000001,1
65,PT,6.6,1
66,TT,4.04,1
67,TE,10.500000000000002,1
68,ER,12.650000000000002,1
69,ER,9.970000000000002,1
70,VN,6.2700000000000005,1
71,KG,7.670000000000001,1
72,FG,-0.24,1
73,P,-0.1599999999999999,1
74,F,9.47,1
75,P,0.9900000000000009,1
76,D,3.9000000000000004,1
77,V,9.879999999999997,1
78,Y,7.759999999999999,1
79,A,6.130000000000001,1
80,Y,7.83,1
81,H,11.639999999999997,1
82,N,8.870000000000005,1
83,Y,8.969999999999999,1
84,S,4.719999999999999,1
85,D,7.23,1
