,pattern,weight,status
0,WEKKWK,7.920000000000001,0
1,WEPQKK,11.32,0
2,WEQKEQ,9.170000000000003,0
3,WLETTQ,4.98,0
4,EQFIHP,6.790000000000002,0
5,AKYLS,2.530000000000001,0
6,WEQKK,9.66,1
7,IWKKK,10.899999999999999,1
8,EQRKK,9.5,0
9,WEQKK,11.679999999999998,1
10,WQKKK,11.33,0
11,WEQKK,9.140000000000002,1
12,CWKKK,10.639999999999999,0
13,MQKLR,7.450000000000001,0
14,ARLKH,6.770000000000001,0
15,NWQKK,4.210000000000001,0
16,WKKQK,10.82,0
17,REYTQ,4.300000000000001,0
18,YDCMQ,1.59,0
19,KVMNE,10.33,0
20,LADA,6.480000000000001,0
21,WEQK,12.45,1
22,MWDE,6.329999999999998,0
23,GQPK,11.379999999999999,0
24,WEQK,7.71,1
25,AHVQ,0.8,0
26,SFIV,5.910000000000001,0
27,PWAG,10.64,0
28,EKGK,6.859999999999998,0
29,HAWK,8.679999999999998,0
30,EHA,10.250000000000002,0
31,VEK,10.429999999999998,0
32,EKK,9.23,0
33,QKK,4.450000000000001,1
34,RDA,4.7299999999999995,0
35,TMS,4.490000000000001,0
36,LKH,4.910000000000001,0
37,LKK,5.73,1
38,DEK,7.289999999999999,0
39,GKP,7.130000000000003,1
40,FCK,5.02,0
41,RKE,3.6299999999999994,0
42,QI,2.240000000000001,1
43,QL,12.789999999999997,1
44,MK,6.5200000000000005,1
45,WE,8.580000000000002,1
46,QI,5.260000000000001,1
47,WK,10.509999999999998,1
48,DC,5.499999999999998,1
49,NH,10.14,1
50,VG,8.479999999999999,1
51,EI,12.229999999999997,1
52,MR,10.23,1
53,EN,10.399999999999999,1
54,KL,6.6800000000000015,1
55,EK,13.2,1
56,WE,8.950000000000001,1
57,LK,8.280000000000001,1
58,LK,7.69,1
59,LK,8.360000000000001,1
60,LK,6.370000000000001,1
61,KL,7.220000000000001,1
62,RT,5.420000000000001,1
63,WK,3.3499999999999996,1
64,DM,6.180000000000002,0
65,C,4.319999999999999,1
66,W,5.3500000000000005,1
67,I,7.200000000000001,1
68,K,6.800000000000002,1
69,G,6.500000000000001,1
70,T,4.0200000000000005,1
71,S,6.390000000000001,1
72,I,7.939999999999999,1
73,R,4.220000000000001,1
