,pattern,weight,status
0,TRKWGR,1.4500000000000002,0
1,TRSIL,-0.54,0
2,FINIV,4.65,0
3,RWKLW,5.430000000000001,0
4,IESK,7.570000000000001,0
5,TRSL,-0.77,0
6,RWNK,6.039999999999999,1
7,RWNK,6.039999999999999,1
8,LPTS,11.030000000000003,0
9,LGPK,6.530000000000001,0
10,RRTY,2.6599999999999997,0
11,RGWK,5.880000000000001,0
12,LKKM,9.850000000000001,0
13,KLKP,8.330000000000002,0
14,LTPK,6.1000000000000005,0
15,PKLK,6.15,0
16,CKSC,-0.5199999999999999,0
17,RTYI,2.6599999999999997,0
18,FDLK,6.250000000000001,0
19,LKK,9.690000000000001,1
20,KWT,3.529999999999999,1
21,PIH,-0.3999999999999999,0
22,KLK,7.790000000000001,1
23,KLK,4.3500000000000005,1
24,KLK,7.790000000000001,1
25,KLK,7.900000000000001,1
26,IKE,10.08,1
27,ILK,8.320000000000002,1
28,ILK,8.350000000000001,1
29,LGK,10.0,1
30,LGK,10.24,1
31,KEN,10.979999999999999,1
32,KEN,11.899999999999999,1
33,RWT,1.3400000000000003,0
34,QEW,4.140000000000001,1
35,QEW,4.43,1
36,LNK,8.250000000000002,0
37,VLK,11.01,1
38,NWC,5.1000000000000005,0
39,LPF,9.680000000000001,0
40,TRQ,4.61,0
41,QIE,6.93,0
42,QYM,1.5400000000000003,0
43,MRW,5.4,0
44,DKE,10.969999999999999,0
45,ATQ,2.9199999999999995,1
46,LKK,9.65,1
47,LEY,1.12,0
48,GGK,0.62,1
49,WRK,2.52,0
50,CI,-0.7699999999999999,1
51,TG,-1.5300000000000007,1
52,LS,7.310000000000002,1
53,IE,12.5,1
54,LP,11.08,1
55,KE,10.969999999999999,1
56,ED,4.679999999999998,1
57,KF,10.469999999999999,1
58,KF,10.18,1
59,TH,4.04,1
60,TH,3.53,1
61,TW,2.9799999999999995,1
62,TW,3.3899999999999997,1
63,MR,3.66,1
64,AT,2.9199999999999995,1
65,MR,5.32,1
66,MR,4.6000000000000005,1
67,LK,9.330000000000002,1
68,TR,4.61,1
69,LK,8.74,1
70,LK,6.3500000000000005,1
71,LK,7.3100000000000005,1
72,QE,6.79,1
73,NC,4.88,1
74,QM,1.2000000000000002,1
75,EY,0.17000000000000004,1
76,WK,3.2300000000000004,1
77,KI,4.310000000000001,1
78,GQ,0.62,1
79,VP,-1.27,1
80,E,4.879999999999999,1
81,E,-3.34,1
82,W,0.6200000000000001,1
83,R,2.63,1
84,E,-2.17,1
85,T,0.34999999999999953,1
86,W,2.14,1
87,C,5.840000000000001,1
88,P,-1.1600000000000001,1
89,K,5.250000000000002,1
90,C,-0.9700000000000001,1
91,C,0.029999999999999916,1
