,pattern,weight,status
0,ESWYTQ,3.869999999999999,0
1,GYNQVQ,2.6399999999999997,0
2,IYRVYR,9.67,0
3,YKLWR,3.16,0
4,GHKRL,4.84,0
5,YYGPW,12.44,0
6,YVVKV,-1.4699999999999998,0
7,RDGS,2.7800000000000002,0
8,MFYA,6.380000000000002,0
9,YKLR,1.9000000000000004,0
10,HKEE,4.14,0
11,MRH,3.54,0
12,SMV,6.34,0
13,KHG,3.7,0
14,VAH,0.9400000000000002,0
15,EQF,10.06,0
16,VFV,5.21,0
17,QDA,2.96,0
18,IDG,-1.1600000000000001,0
19,MHF,8.95,0
20,PM,5.210000000000001,1
21,EY,6.710000000000001,1
22,IE,4.909999999999999,1
23,VW,12.829999999999998,1
24,PM,5.53,1
25,KH,3.7300000000000004,1
26,SE,5.1499999999999995,1
27,SR,6.34,1
28,SE,4.9399999999999995,1
29,ET,8.15,1
30,PM,5.03,1
31,VV,4.82,1
32,SC,7.45,1
33,SC,7.53,1
34,GK,4.750000000000001,1
35,GK,5.250000000000001,1
36,CD,12.479999999999997,1
37,KH,2.49,1
38,QI,11.060000000000002,1
39,QI,9.35,1
40,NS,2.2800000000000002,1
41,NQ,8.81,1
42,LY,10.650000000000002,1
43,CH,7.819999999999999,1
44,SN,10.340000000000002,1
45,NP,9.870000000000001,1
46,VC,9.340000000000002,1
47,EA,7.1,0
48,RH,10.13,1
49,SE,1.67,1
50,Y,8.499999999999998,1
51,G,-0.6599999999999999,1
52,W,2.37,1
53,E,1.8600000000000005,1
54,H,5.8,1
55,K,0.6399999999999998,1
56,E,8.72,1
57,F,8.100000000000001,1
58,D,10.239999999999998,1
59,D,-0.8400000000000001,1
60,N,8.940000000000001,1
61,Y,9.77,1
62,A,7.29,1
63,G,2.11,1
64,G,2.38,1
65,D,4.770000000000001,1
66,A,8.87,1
67,A,7.71,1
68,D,9.209999999999999,1
69,V,12.299999999999999,1
70,Y,5.84,1
71,Y,13.36,1
72,N,9.450000000000001,1
73,S,7.65,1
74,H,7.78,1
75,T,5.859999999999999,1
76,T,5.859999999999999,1
