,pattern,weight,status
0,CVVPVT,5.150000000000001,0
1,SLRKQT,5.08,0
2,PRLPIQ,7.299999999999997,0
3,WPFVHF,5.69,0
4,QQSFDK,3.7699999999999996,0
5,SIPHSN,7.8599999999999985,0
6,YPALI,2.63,0
7,LPNPL,5.73,0
8,TMKIT,4.4,0
9,YTTVE,7.170000000000002,0
10,LSCPK,5.29,0
11,HICIE,4.160000000000001,0
12,KKRYV,6.08,0
13,GGVC,3.3100000000000005,0
14,FYFW,4.64,0
15,FTCQ,6.639999999999999,0
16,MIQV,-1.7599999999999998,0
17,RMGW,7.830000000000002,0
18,DMMN,0.22999999999999998,0
19,YNLT,7.770000000000001,0
20,PQHK,5.36,0
21,DYWQ,4.76,0
22,FER,6.3999999999999995,0
23,CDM,8.22,0
24,RND,1.2899999999999998,0
25,NQW,-1.85,1
26,QMP,0.4800000000000001,0
27,NKM,-0.4500000000000001,0
28,FMS,5.2700000000000005,0
29,PGT,0.27999999999999997,0
30,EEQ,9.78,1
31,GFI,-1.4999999999999998,0
32,HEP,8.949999999999998,0
33,VAW,6.3999999999999995,0
34,SP,5.169999999999999,1
35,WE,12.179999999999998,1
36,FE,1.9099999999999997,0
37,GD,6.3199999999999985,1
38,PI,4.3500000000000005,1
39,ED,-0.5099999999999999,1
40,PG,7.359999999999997,1
41,AH,1.4799999999999995,0
42,TN,3.8699999999999997,1
43,PE,9.700000000000001,1
44,WD,5.040000000000001,1
45,NR,8.53,1
46,VT,6.790000000000001,1
47,KE,3.56,1
48,RT,7.69,1
49,EQ,9.470000000000002,1
50,IG,8.38,1
51,EL,8.519999999999998,1
52,IG,12.390000000000002,1
53,LK,11.37,1
54,HE,2.85,1
55,I,8.260000000000002,1
56,C,1.3400000000000003,1
57,K,3.380000000000001,1
58,I,3.92,1
59,K,7.4399999999999995,1
60,W,8.74,1
61,S,7.11,1
62,G,5.26,1
63,T,4.620000000000001,1
64,M,11.309999999999999,1
65,L,8.409999999999998,1
66,R,4.839999999999999,1
67,I,9.569999999999997,1
68,I,1.59,1
