,pattern,weight,status
0,KLLYYG,1.6800000000000002,0
1,GLDLPA,8.709999999999999,0
2,CCVCTF,3.2800000000000007,0
3,KNKMMS,-0.7700000000000002,0
4,YSCWEG,-4.06,0
5,DADTIN,10.770000000000001,0
6,ARVNCC,5.54,0
7,SRTRCM,1.99,0
8,EMYICW,1.2899999999999991,0
9,RQHHFF,2.94,0
10,KFPHP,0.31999999999999984,0
11,QHIGT,4.44,0
12,MDTRQ,4.4399999999999995,0
13,EISRQ,-3.39,0
14,SSYHR,2.3399999999999994,0
15,SFMMT,8.370000000000003,0
16,VIRRP,2.26,0
17,RGMPD,3.74,0
18,DGVFH,8.94,0
19,RSFSL,4.58,0
20,LNHA,9.05,0
21,CMEH,1.1399999999999995,0
22,LGVW,4.8,0
23,KDGL,5.449999999999999,0
24,GPKG,7.010000000000001,0
25,QIMI,6.04,0
26,RRDK,6.880000000000001,0
27,ETED,7.9399999999999995,0
28,FSPP,-1.19,0
29,WALC,6.999999999999999,0
30,MALL,6.870000000000001,0
31,RTA,7.459999999999998,0
32,RTS,3.24,1
33,TNW,6.24,0
34,RPT,5.19,0
35,LYP,5.79,0
36,SKF,-4.88,0
37,SVK,6.779999999999998,1
38,PNK,7.489999999999999,1
39,HEN,7.1000000000000005,0
40,RNC,9.379999999999999,1
41,LMK,3.130000000000001,0
42,EIQ,14.39,0
43,RMN,7.800000000000001,0
44,DRE,-0.11999999999999977,0
45,IG,4.98,1
46,IP,7.49,1
47,VF,9.420000000000002,0
48,TY,9.15,1
49,VT,7.03,1
50,PL,6.16,1
51,MR,4.76,1
52,LK,5.52,1
53,MG,6.18,1
54,AM,2.7899999999999996,0
55,MR,4.29,1
56,TR,2.16,1
57,GI,9.519999999999998,1
58,EQ,12.260000000000002,1
59,AH,8.279999999999998,0
60,II,10.26,1
61,KL,11.31,1
62,NK,5.4300000000000015,1
63,NM,4.869999999999999,1
64,GN,-3.57,1
65,KC,-0.34999999999999976,1
66,C,2.6800000000000006,1
67,K,2.520000000000002,1
68,P,-1.8299999999999998,1
69,N,-2.3499999999999996,1
70,R,-1.88,1
71,R,-2.57,1
72,R,6.350000000000003,1
