,pattern,weight,status
0,GFCMGF,8.12,0
1,PPMKFV,5.07,0
2,KQALK,13.23,0
3,YMDDW,11.07,0
4,PITR,2.5299999999999994,0
5,GNYL,9.14,0
6,AVSW,6.319999999999999,0
7,MGRR,4.35,0
8,WDCN,6.0200000000000005,0
9,FPAF,1.38,0
10,DWPD,5.420000000000001,0
11,HVW,0.3300000000000002,0
12,WQD,6.090000000000001,0
13,LLK,12.21,0
14,VPV,0.62,0
15,HPE,7.009999999999997,0
16,SPR,7.679999999999999,1
17,TLK,12.480000000000004,0
18,GNL,8.870000000000001,1
19,ASR,8.37,1
20,MWD,5.65,1
21,RCP,7.839999999999996,0
22,LGK,15.750000000000004,1
23,MWQ,9.900000000000002,1
24,LKF,13.190000000000003,0
25,GID,10.14,1
26,EGI,10.530000000000001,0
27,WWS,10.76,0
28,CRI,4.98,0
29,KPT,5.889999999999997,0
30,KRS,6.190000000000001,0
31,MND,8.05,0
32,IWT,9.77,0
33,LPK,12.770000000000003,1
34,WAI,7.85,0
35,LP,7.599999999999998,1
36,GI,10.790000000000001,1
37,IS,8.579999999999998,1
38,MY,9.170000000000002,0
39,DN,7.5,1
40,PI,9.129999999999999,1
41,NK,10.109999999999998,1
42,LK,12.200000000000003,1
43,HS,2.6999999999999997,1
44,RG,4.84,1
45,KS,5.0200000000000005,1
46,MR,11.81,1
47,PI,11.379999999999999,1
48,LK,13.880000000000003,1
49,HN,2.9299999999999997,1
50,NV,1.9699999999999998,1
51,TW,9.190000000000001,1
52,TW,10.14,1
53,YK,9.689999999999996,1
54,NL,8.110000000000001,1
55,MR,5.42,1
56,PT,2.059999999999999,1
57,KQ,10.510000000000002,1
58,GC,7.6,1
59,GC,7.1,1
60,DW,10.040000000000001,1
61,DW,8.74,1
62,IW,10.639999999999999,1
63,WS,10.150000000000002,1
64,WS,10.42,1
65,TR,10.500000000000002,1
66,LK,13.360000000000003,1
67,LK,14.96,1
68,LK,13.520000000000003,1
69,LK,13.030000000000001,1
70,GI,8.31,1
71,PI,8.969999999999999,1
72,KE,5.220000000000001,1
73,P,0.0799999999999999,1
74,P,7.299999999999997,1
75,Q,10.71,1
76,H,3.05,1
77,I,8.74,1
78,S,5.03,1
79,G,8.01,1
80,T,5.849999999999997,1
81,W,11.93,1
82,R,-0.0399999999999999,1
83,I,7.439999999999998,1
84,R,3.8400000000000003,1
85,R,3.38,1
86,K,5.9499999999999975,1
87,K,6.299999999999998,1
