,pattern,weight,status
0,THFQHH,1.4599999999999997,0
1,ISKKTQ,8.39,0
2,PPKELA,3.0600000000000005,0
3,ISKTQ,6.88,0
4,RGMLD,2.3200000000000003,0
5,YKTNH,-0.6200000000000001,0
6,TMVMM,3.77,0
7,VQPFV,1.3200000000000003,0
8,VCYY,4.93,0
9,HWKS,9.27,0
10,MEWQ,4.83,0
11,GPEV,9.14,0
12,ADWM,4.32,0
13,HPVW,4.820000000000001,0
14,CGHQ,0.47,0
15,TPEV,7.65,0
16,PFNG,2.4899999999999998,0
17,KSD,5.949999999999999,0
18,VIF,6.87,0
19,SPE,10.600000000000001,1
20,ILK,7.66,1
21,MWQ,5.74,1
22,YCP,2.3800000000000003,0
23,RTK,7.55,1
24,DKR,7.200000000000001,1
25,YYI,8.1,0
26,LNI,4.700000000000001,0
27,QEW,10.409999999999998,1
28,KNP,9.850000000000001,1
29,VFN,4.9,0
30,NKM,8.06,0
31,GFL,5.6,0
32,HTQ,-0.04999999999999993,0
33,DCE,2.5300000000000007,0
34,VV,3.94,1
35,IA,4.57,1
36,TW,9.8,1
37,GS,7.2299999999999995,1
38,LK,6.359999999999999,1
39,SP,9.260000000000002,1
40,DW,12.590000000000002,1
41,DW,11.760000000000003,1
42,LK,8.25,1
43,LK,7.3500000000000005,1
44,LK,6.87,1
45,LK,7.08,1
46,RT,7.169999999999999,1
47,EW,10.34,1
48,NK,7.49,1
49,LK,7.840000000000001,1
50,LK,7.310000000000001,1
51,TM,3.3900000000000006,1
52,FV,2.2,0
53,WK,5.69,1
54,WK,5.04,1
55,TW,9.110000000000001,1
56,VV,2.88,1
57,I,8.669999999999998,1
58,L,3.21,1
59,G,4.67,1
60,S,6.0,1
61,E,3.67,1
62,M,5.55,1
63,R,5.369999999999999,1
64,K,7.470000000000001,1
65,T,2.96,1
66,I,8.459999999999999,1
