,pattern,weight,status
0,KDKDWV,10.45,0
1,GRYDWV,7.82,0
2,LGENTP,1.27,0
3,MEPRMD,4.34,0
4,EYLDTI,1.3799999999999997,0
5,DKWVH,0.26999999999999996,0
6,PKNQK,0.41999999999999993,0
7,RANLS,2.6999999999999997,0
8,YCCCG,4.47,0
9,QDHKR,8.61,0
10,KWRLD,6.7299999999999995,0
11,DKLYL,5.909999999999998,0
12,EGKTR,10.119999999999997,0
13,IWNPE,1.8299999999999998,0
14,ETCSL,1.2600000000000005,0
15,LSKC,1.1700000000000004,0
16,FGIC,-1.5599999999999996,0
17,KLVP,4.32,1
18,SHDL,7.049999999999999,0
19,KIVP,3.87,0
20,KQTL,5.499999999999999,0
21,VWWM,2.53,0
22,NTKT,2.9900000000000007,0
23,PMNK,0.45999999999999985,0
24,GTRQ,6.559999999999999,0
25,NNSC,-0.6900000000000003,0
26,TMR,5.369999999999999,1
27,PKR,10.830000000000002,1
28,MYW,8.4,0
29,EWK,5.99,0
30,SNM,-1.1500000000000001,1
31,KTR,8.619999999999997,1
32,FKM,5.699999999999999,0
33,KLD,5.669999999999999,1
34,HYL,2.1,0
35,GVM,3.52,0
36,GKL,10.419999999999998,1
37,DEW,-1.0199999999999996,0
38,EYA,7.16,0
39,EGW,-0.5799999999999998,0
40,QGL,5.86,0
41,GV,5.730000000000001,1
42,QL,4.090000000000002,1
43,MV,4.37,1
44,SH,6.659999999999999,1
45,KM,1.0100000000000002,1
46,PI,2.24,1
47,KN,3.8100000000000005,1
48,PE,3.6199999999999997,1
49,LL,7.369999999999999,1
50,EQ,7.21,1
51,GV,6.769999999999999,1
52,EW,5.949999999999999,1
53,WK,5.750000000000001,1
54,IW,3.7400000000000007,1
55,EQ,5.33,1
56,KQ,2.37,1
57,KL,9.06,1
58,KL,10.19,1
59,KL,6.609999999999996,1
60,KL,9.239999999999995,1
61,TR,5.31,1
62,PR,1.4,1
63,SM,1.76,1
64,WH,4.419999999999999,1
65,WT,4.65,1
66,CG,6.399999999999999,1
67,N,2.290000000000001,1
68,Q,4.94,1
69,K,0.3700000000000001,1
70,W,0.5,1
71,G,2.3899999999999997,1
72,M,6.299999999999999,1
73,K,6.299999999999998,1
74,S,3.62,1
75,I,4.95,1
76,I,3.1100000000000003,1
77,R,3.2800000000000002,1
78,T,2.7,1
