,pattern,weight,status
0,YHRGWL,5.99,0
1,WNYQY,6.659999999999999,0
2,TVHNN,10.809999999999999,0
3,KEMRL,7.389999999999998,0
4,PSAI,10.099999999999996,0
5,MTMS,-0.7600000000000003,0
6,FKHH,0.41,0
7,KKW,10.680000000000001,1
8,TGH,8.980000000000002,0
9,KCC,2.8499999999999996,0
10,KKW,10.290000000000001,1
11,KKS,9.629999999999997,1
12,KKS,9.629999999999997,1
13,MGK,8.760000000000002,1
14,MGK,9.120000000000001,1
15,QEW,8.52,1
16,QEW,8.68,1
17,TTP,8.81,0
18,IKC,10.43,1
19,IKC,10.43,1
20,ART,9.599999999999998,0
21,QES,9.919999999999998,0
22,WLK,13.030000000000001,1
23,AKL,10.040000000000001,0
24,VLL,5.800000000000001,0
25,IWY,8.539999999999997,0
26,WKK,10.27,1
27,LWK,13.030000000000001,1
28,AQK,7.090000000000003,0
29,WKQ,9.629999999999999,0
30,KKL,10.760000000000002,1
31,YP,4.91,0
32,IW,9.489999999999998,1
33,IW,9.489999999999998,1
34,YM,2.7199999999999998,0
35,RN,8.93,1
36,RN,8.93,1
37,TG,10.619999999999997,1
38,TG,9.709999999999997,1
39,LK,13.55,1
40,LK,12.700000000000001,1
41,RT,10.419999999999998,1
42,HS,1.7199999999999995,1
43,HS,2.6299999999999994,1
44,MG,10.799999999999999,1
45,WI,8.120000000000005,1
46,IG,10.089999999999996,1
47,IG,8.869999999999997,1
48,LK,13.740000000000002,1
49,LK,13.740000000000002,1
50,RD,1.2199999999999998,1
51,RD,1.8299999999999996,1
52,IW,8.699999999999998,1
53,WK,11.760000000000002,1
54,KL,11.329999999999998,1
55,KL,10.979999999999999,1
56,KL,9.709999999999997,1
57,KL,9.539999999999997,1
58,SG,9.85,1
59,SG,10.559999999999999,1
60,PS,3.4699999999999993,1
61,PS,5.169999999999999,1
62,AK,7.820000000000004,1
63,MW,1.7099999999999993,1
64,MW,2.119999999999999,1
65,LN,-2.65,1
66,MD,-1.4100000000000004,0
67,KN,8.210000000000004,1
68,HR,8.559999999999997,1
69,V,4.98,1
70,W,12.440000000000001,1
71,G,11.099999999999998,1
72,I,8.570000000000004,1
73,T,3.12,1
74,T,3.12,1
75,M,10.510000000000002,1
76,R,-2.66,1
77,I,12.129999999999997,1
78,M,-1.0400000000000005,1
79,S,5.929999999999998,1
80,S,5.229999999999998,1
81,K,7.8300000000000045,1
82,R,9.249999999999996,1
