,pattern,weight,status
0,LDRHPP,6.039999999999999,0
1,ETYWNK,4.02,0
2,HDIRKT,0.38000000000000006,0
3,GDTDFI,5.970000000000001,0
4,CRPEMN,4.789999999999999,0
5,AMHMDN,3.67,0
6,RFFSTA,5.97,0
7,HETSMD,0.8000000000000002,0
8,RQHNFR,10.4,0
9,YKKAN,4.69,0
10,AWYLP,6.989999999999999,0
11,EESVS,0.07999999999999985,0
12,GKWRM,7.7700000000000005,0
13,ARPDR,5.7700000000000005,0
14,YKNAK,6.919999999999999,0
15,EKLKM,2.41,0
16,YFTDI,6.62,0
17,AVWKV,7.779999999999999,0
18,AEEP,3.9800000000000013,0
19,DWET,3.529999999999999,0
20,PNQI,10.139999999999999,0
21,ADQE,5.6899999999999995,0
22,EAYP,10.840000000000002,0
23,VMFW,2.1700000000000004,0
24,CFHY,9.290000000000001,0
25,IHMH,1.55,0
26,RNIR,5.6800000000000015,0
27,CEK,5.73,0
28,TVE,3.6200000000000006,0
29,SCA,3.77,0
30,SNY,4.74,0
31,CRG,6.419999999999999,1
32,ATQ,8.99,1
33,NSN,4.55,1
34,AKM,6.029999999999999,1
35,KTY,0.049999999999999815,1
36,NDQ,5.91,0
37,SI,0.6799999999999995,1
38,FI,2.9099999999999997,1
39,AQ,3.1800000000000006,0
40,QI,2.69,1
41,MF,1.87,1
42,MP,3.83,1
43,YI,2.67,0
44,LT,-1.2400000000000004,1
45,DE,7.18,1
46,AW,-0.76,0
47,PK,10.799999999999999,1
48,NP,10.28,1
49,AN,5.830000000000002,1
50,ED,7.450000000000001,1
51,GK,3.2,1
52,DR,4.489999999999999,1
53,D,1.6400000000000001,1
54,V,4.72,1
55,A,8.810000000000002,1
56,Y,9.36,1
57,E,2.3299999999999996,1
58,W,1.15,1
59,G,3.7399999999999993,1
60,V,2.6200000000000006,1
61,N,10.83,1
62,S,4.050000000000001,1
63,D,7.64,1
64,E,4.83,1
65,Y,12.410000000000002,1
66,H,10.650000000000002,1
67,T,5.26,1
