,pattern,weight,status
0,SNLKYY,4.55,0
1,HLAGFW,7.94,0
2,SCTLKI,8.360000000000001,0
3,LDNKEK,9.159999999999998,0
4,DLQFMM,9.279999999999998,0
5,KGLRNK,5.79,0
6,KLWGPE,10.370000000000001,0
7,MNYMMY,6.58,0
8,LLPQN,4.63,0
9,KGLDS,5.489999999999998,0
10,CCPCI,6.390000000000001,0
11,LVMTM,8.11,0
12,GLKVV,7.6000000000000005,0
13,RQHP,2.99,0
14,GIQK,7.430000000000001,0
15,KVNW,9.41,0
16,ALPK,6.72,0
17,VKLR,5.660000000000002,0
18,WPVW,7.659999999999998,0
19,LFRI,7.359999999999999,0
20,KCAT,8.040000000000001,0
21,FDFR,3.0199999999999996,0
22,MAPK,9.489999999999998,0
23,ELG,9.570000000000002,1
24,LPK,10.799999999999999,1
25,IVH,8.170000000000002,0
26,KWK,9.13,1
27,PPK,10.68,0
28,KLG,6.36,1
29,KHL,7.7700000000000005,0
30,LKI,8.41,0
31,KLK,8.74,1
32,KLK,8.23,1
33,KLK,8.110000000000001,1
34,MGK,12.1,1
35,LGK,11.94,1
36,KLM,6.82,0
37,ERK,3.15,1
38,RLK,6.26,0
39,YPK,9.139999999999997,0
40,IML,7.88,0
41,RKV,6.489999999999999,0
42,LKA,6.829999999999999,0
43,YKM,4.949999999999999,1
44,YKE,4.169999999999999,0
45,KW,8.440000000000001,1
46,LP,9.569999999999999,1
47,LK,10.249999999999996,1
48,PE,4.97,1
49,LK,7.6800000000000015,1
50,LL,7.98,1
51,LF,8.61,0
52,CT,8.950000000000001,1
53,QK,5.44,1
54,MK,6.72,1
55,EK,2.55,1
56,LK,6.82,1
57,QK,9.43,1
58,QK,9.21,1
59,LK,8.819999999999997,1
60,LK,10.289999999999997,1
61,NL,10.26,1
62,NL,7.309999999999999,1
63,TR,2.7800000000000007,1
64,TR,3.5700000000000003,1
65,WI,2.12,1
66,KL,6.470000000000002,1
67,KL,9.410000000000002,1
68,MA,6.27,0
69,WK,10.37,1
70,RY,2.3400000000000003,1
71,WR,5.55,1
72,FR,3.66,0
73,T,2.43,1
74,R,5.199999999999999,1
75,K,8.500000000000002,1
76,Q,1.44,1
77,G,4.0600000000000005,1
78,E,5.63,1
79,S,6.61,1
80,I,8.760000000000002,1
81,I,4.06,1
