,pattern,weight,status
0,QRFQVI,5.18,0
1,KIRDQ,5.89,0
2,ALPVQ,2.2200000000000006,0
3,CRTYI,5.459999999999999,0
4,SDWKE,0.9799999999999999,0
5,HAWDS,3.83,0
6,SCRME,6.290000000000001,0
7,PKRTI,6.959999999999999,0
8,MAIKS,6.95,0
9,KVTLR,9.22,0
10,HHLHQ,10.129999999999999,0
11,KIPD,8.59,0
12,KVVA,5.78,0
13,GCKW,7.83,0
14,NPNQ,1.0699999999999998,0
15,VKHM,2.269999999999999,0
16,THLR,11.39,0
17,RFTV,1.6900000000000002,0
18,YAW,5.529999999999999,0
19,YSH,5.09,0
20,ISK,8.3,0
21,RWL,0.2500000000000001,1
22,DTC,5.1000000000000005,0
23,FMG,1.59,0
24,DFK,8.21,1
25,CIS,7.89,0
26,NIE,3.44,0
27,WEI,1.3899999999999992,0
28,RLY,3.37,1
29,WMW,2.11,0
30,VNC,2.7800000000000002,0
31,VFD,8.35,0
32,MD,3.8699999999999997,0
33,RC,8.73,1
34,IP,7.539999999999999,1
35,RF,7.949999999999999,0
36,FR,1.0699999999999998,0
37,IP,8.69,1
38,LK,6.3599999999999985,1
39,EW,9.13,1
40,EW,9.950000000000003,1
41,KW,7.42,1
42,LK,9.489999999999998,1
43,VN,2.53,1
44,LK,10.61,1
45,LK,9.17,1
46,LK,7.630000000000003,1
47,LK,11.860000000000003,1
48,LK,9.86,1
49,LK,8.89,1
50,RT,8.810000000000002,1
51,IL,3.62,1
52,DI,8.76,1
53,MW,5.270000000000001,1
54,AK,8.109999999999998,1
55,C,2.2,1
56,K,6.53,1
57,T,-1.24,1
58,W,3.999999999999999,1
59,C,5.140000000000001,1
60,Q,5.010000000000002,1
61,L,6.58,1
62,K,-1.41,1
63,W,10.310000000000002,1
64,I,10.37,1
65,I,5.2299999999999995,1
66,M,9.06,1
67,G,5.41,1
68,K,8.319999999999997,1
69,T,7.780000000000001,1
70,S,9.53,1
71,R,9.190000000000001,1
72,I,5.450000000000001,1
