,pattern,weight,status
0,RISEER,1.0599999999999998,0
1,NEVNFK,11.250000000000002,0
2,YSQQHC,1.39,0
3,TWTPMC,9.170000000000002,0
4,TPRPAS,4.880000000000001,0
5,WSTENW,9.309999999999999,0
6,IPMMQV,0.08000000000000007,0
7,ELMCV,8.23,0
8,FLDYG,4.390000000000001,0
9,WECGA,0.53,0
10,SRDDE,8.9,0
11,CSHNH,3.7699999999999996,0
12,AMAY,2.2099999999999995,0
13,VRQK,4.779999999999999,0
14,EESP,8.809999999999999,0
15,MSKI,7.590000000000001,0
16,NNDF,2.51,0
17,IQI,1.8599999999999999,0
18,QAE,7.14,0
19,NRD,11.870000000000001,1
20,SEL,9.039999999999997,0
21,TRS,3.9100000000000006,1
22,NWL,11.079999999999998,1
23,CIK,9.530000000000001,0
24,DTI,8.610000000000001,0
25,TRR,2.15,1
26,GSV,-0.45000000000000007,1
27,KNI,4.739999999999999,1
28,SW,6.129999999999999,1
29,YT,2.0700000000000003,1
30,DI,6.01,1
31,FT,5.319999999999999,0
32,NN,-0.98,1
33,PS,8.76,1
34,ID,7.01,1
35,EN,6.79,1
36,DH,6.68,1
37,YK,9.74,1
38,FE,7.97,0
39,DW,8.739999999999998,1
40,EW,7.710000000000001,1
41,LK,10.42,1
42,SW,10.17,1
43,TR,4.6000000000000005,1
44,LK,8.42,1
45,NR,6.089999999999999,1
46,DW,8.110000000000001,1
47,WK,9.180000000000001,1
48,KL,10.619999999999997,1
49,SG,0.69,1
50,EW,4.620000000000001,1
51,KQ,6.640000000000001,1
52,M,2.13,1
53,K,-0.6400000000000001,1
54,W,2.0300000000000002,1
55,M,6.000000000000001,1
56,V,1.52,1
57,I,4.3,1
58,G,6.409999999999999,1
59,T,3.43,1
60,L,8.459999999999997,1
61,S,6.479999999999999,1
62,R,4.84,1
63,K,8.35,1
64,I,12.57,1
