,pattern,weight,status
0,SGNLRM,11.539999999999996,1
1,THGNVK,3.06,0
2,STGNAL,14.169999999999996,0
3,TMGRAW,13.16,0
4,FVGIVY,3.3,0
5,FVGIVY,3.8899999999999997,0
6,NCFRMT,10.999999999999998,0
7,SNLRM,11.739999999999995,0
8,GTIIR,3.079999999999999,0
9,GNMLR,9.139999999999993,0
10,NNRM,12.509999999999996,0
11,GNLR,10.89,1
12,GNLR,10.89,1
13,TLDR,14.13,0
14,TLDR,14.13,0
15,SNC,9.37,0
16,SNL,13.459999999999997,1
17,SNL,13.569999999999997,1
18,GSA,7.000000000000001,0
19,GKL,9.010000000000002,1
20,HMC,6.089999999999999,0
21,KVW,7.989999999999998,1
22,KVW,7.989999999999998,1
23,TQY,4.87,0
24,YWN,4.9799999999999995,0
25,EFL,10.310000000000002,0
26,KL,9.010000000000002,1
27,RN,10.440000000000003,1
28,RN,10.440000000000003,1
29,SE,8.31,1
30,SE,8.31,1
31,PK,2.9899999999999998,1
32,GQ,7.590000000000001,1
33,GQ,8.21,1
34,WC,10.000000000000002,1
35,WC,9.64,1
36,SQ,9.73,1
37,SQ,9.73,1
38,VH,1.7499999999999996,0
39,DN,4.1899999999999995,1
40,DN,3.3099999999999996,1
41,TY,4.87,1
42,KQ,3.7499999999999987,1
43,KQ,3.7499999999999987,1
44,IH,6.429999999999998,1
45,IH,6.429999999999998,1
46,YN,4.9799999999999995,1
47,HH,5.28,1
48,HH,5.34,1
49,TT,3.0599999999999974,1
50,TT,2.8099999999999974,1
51,RM,11.049999999999995,1
52,RM,11.269999999999996,1
53,TM,9.809999999999999,1
54,TM,9.809999999999999,1
55,WS,8.980000000000002,1
56,WS,8.980000000000002,1
57,CI,5.51,1
58,CI,5.51,1
59,TR,2.809999999999998,1
60,TR,2.809999999999998,1
61,KL,12.460000000000004,1
62,KL,12.460000000000004,1
63,KL,11.750000000000004,1
64,KL,11.560000000000004,1
65,EL,10.310000000000002,1
66,DW,5.83,1
67,DW,5.83,1
68,PI,4.800000000000001,1
69,PI,4.800000000000001,1
70,GR,1.9700000000000004,1
71,GR,1.0500000000000005,1
72,HI,3.7599999999999993,1
73,HI,3.7599999999999993,1
74,QE,4.360000000000001,1
75,QE,4.360000000000001,1
76,GI,3.12,1
77,EK,5.419999999999998,1
78,K,3.61,1
79,G,3.02,1
80,Q,-1.0700000000000003,1
81,C,1.1000000000000005,1
82,C,1.6200000000000006,1
83,W,4.859999999999999,1
84,W,4.859999999999999,1
85,K,5.419999999999998,1
86,S,2.48,1
87,S,2.48,1
88,I,6.4,1
89,I,6.4,1
90,R,3.25,1
91,R,3.25,1
