,pattern,weight,status
0,SKQKHS,4.699999999999999,0
1,QQLHLE,3.5700000000000007,0
2,CVYLLQ,8.31,0
3,STSYP,11.580000000000004,0
4,SETPP,11.27,0
5,YLNPM,1.8499999999999996,0
6,LRFLC,5.95,0
7,KRGE,1.5699999999999998,0
8,AHQQ,9.790000000000003,0
9,KIEP,-3.4199999999999995,0
10,EATM,9.110000000000001,0
11,ATIY,5.74,0
12,WYYT,-0.8499999999999999,0
13,TQPI,11.44,0
14,FDDR,2.95,0
15,YLLG,3.53,0
16,LKV,2.04,1
17,QER,7.61,1
18,ICS,5.609999999999999,0
19,KIP,-4.31,0
20,SNM,7.260000000000001,1
21,SNM,7.470000000000001,1
22,NCN,9.6,0
23,YRY,1.95,0
24,YHG,7.18,0
25,DDE,1.7600000000000005,1
26,PDG,3.9999999999999996,0
27,YHR,-0.2799999999999999,0
28,QCI,11.370000000000001,0
29,IEA,9.740000000000002,0
30,WW,10.570000000000002,1
31,LN,3.0599999999999996,1
32,DN,6.799999999999999,1
33,LL,2.96,1
34,PM,1.48,1
35,PM,1.73,1
36,QW,10.350000000000001,1
37,KR,4.790000000000001,1
38,KR,5.110000000000001,1
39,TP,11.27,1
40,WW,10.220000000000002,1
41,WW,9.97,1
42,LL,3.01,1
43,QI,10.57,1
44,TE,8.75,1
45,PG,2.5599999999999996,1
46,VE,8.209999999999999,1
47,IA,9.180000000000001,1
48,QT,2.22,1
49,QT,2.9400000000000004,1
50,RD,8.51,1
51,RD,10.73,1
52,QG,1.9500000000000002,1
53,QG,2.1900000000000004,1
54,LQ,-0.7499999999999998,1
55,SY,8.25,1
56,PC,10.82,1
57,AA,7.880000000000002,0
58,VT,8.18,1
59,DA,6.149999999999999,0
60,D,11.990000000000002,1
61,C,10.28,1
62,Y,6.040000000000001,1
63,V,3.92,1
64,H,11.33,1
65,H,8.459999999999999,1
66,V,2.6,1
67,E,8.1,1
68,Y,8.61,1
69,A,7.530000000000001,1
70,T,2.1300000000000003,1
71,L,-0.4999999999999999,1
72,S,6.609999999999999,1
73,V,8.1,1
74,E,1.1400000000000001,1
75,D,7.169999999999999,1
76,T,-0.2799999999999998,1
77,G,4.65,1
78,G,4.98,1
79,H,3.74,1
80,Y,8.440000000000001,1
81,Y,8.08,1
82,T,3.1900000000000004,1
83,T,2.4400000000000004,1
84,N,8.62,1
85,N,9.549999999999999,1
86,A,8.670000000000002,1
