,pattern,weight,status
0,PHWRDV,1.65,0
1,MWRKTE,1.94,0
2,LSSLQ,9.68,0
3,WEANL,1.5500000000000003,0
4,LDQKH,6.370000000000001,0
5,EPVER,5.52,0
6,RRGQC,6.06,0
7,LFRV,-0.06000000000000005,0
8,AMIA,9.720000000000002,0
9,NIGI,6.82,0
10,YLKG,7.8100000000000005,0
11,PLDK,9.860000000000003,0
12,WDWS,1.4899999999999993,0
13,KQTM,3.13,0
14,LKPY,9.830000000000004,0
15,RCRC,5.77,0
16,LSSD,10.67,0
17,CSA,9.3,0
18,AKW,2.23,0
19,KKW,5.750000000000001,1
20,KKW,6.29,1
21,KKW,5.319999999999999,1
22,LMK,6.9300000000000015,0
23,RDT,6.979999999999999,0
24,WLF,2.74,0
25,KLI,7.370000000000002,1
26,VFW,-1.56,0
27,KRF,6.53,0
28,KLL,7.070000000000001,0
29,TCI,6.54,0
30,RQT,2.78,0
31,LP,13.240000000000004,1
32,TH,2.1599999999999997,1
33,SS,-0.1000000000000002,1
34,KN,1.8699999999999997,1
35,IA,5.880000000000003,1
36,KW,2.49,1
37,RL,6.750000000000002,1
38,II,7.98,1
39,KW,5.99,1
40,LT,4.71,1
41,KL,5.330000000000002,1
42,DH,4.820000000000001,1
43,DH,4.340000000000001,1
44,SQ,9.13,1
45,LK,9.340000000000002,1
46,LK,6.0600000000000005,1
47,LK,8.310000000000002,1
48,LK,9.670000000000003,1
49,RT,6.739999999999998,1
50,EK,5.8999999999999995,1
51,EK,4.69,1
52,KL,10.380000000000003,1
53,KL,9.58,1
54,MT,8.030000000000001,1
55,IF,4.010000000000001,1
56,PI,6.470000000000002,1
57,SC,8.580000000000002,1
58,VS,1.0899999999999999,1
59,W,1.7399999999999993,1
60,W,2.1399999999999997,1
61,C,7.169999999999999,1
62,Q,9.07,1
63,N,1.11,1
64,S,4.97,1
65,R,4.239999999999999,1
66,W,1.7199999999999998,1
67,I,6.249999999999999,1
68,G,2.6399999999999997,1
69,R,0.7999999999999996,1
70,K,5.78,1
71,K,3.0799999999999996,1
72,T,3.34,1
73,I,5.09,1
