,pattern,weight,status
0,IRYIL,1.8599999999999994,0
1,WTWG,2.7700000000000005,0
2,LPTK,8.530000000000001,0
3,VLKA,12.029999999999998,0
4,QKKY,1.5699999999999998,0
5,DKIS,4.15,0
6,NLK,10.479999999999999,0
7,TWG,2.7700000000000005,1
8,VLK,11.12,1
9,VLK,10.249999999999998,1
10,GKL,6.170000000000001,1
11,GKL,6.170000000000001,1
12,GKL,7.67,1
13,RKL,7.16,0
14,QKK,2.17,1
15,IRY,1.9899999999999993,1
16,RNV,5.149999999999998,1
17,LPK,8.73,1
18,RYY,2.6799999999999993,0
19,GSS,8.31,0
20,SEG,7.109999999999999,0
21,SGN,6.68,1
22,TVT,3.9999999999999996,0
23,SSV,5.08,1
24,LNK,10.99,0
25,SGD,6.68,1
26,GKW,4.140000000000001,1
27,WGC,2.7700000000000005,0
28,LNK,7.720000000000001,0
29,LKL,8.530000000000001,1
30,ARS,3.0800000000000005,0
31,NV,5.149999999999998,1
32,RY,2.4099999999999993,1
33,KI,4.15,1
34,DI,3.2200000000000006,1
35,DI,2.5300000000000007,1
36,SV,5.08,1
37,LK,11.96,1
38,LK,11.450000000000001,1
39,LK,10.99,1
40,GS,7.16,1
41,GS,6.590000000000001,1
42,GS,6.740000000000001,1
43,EP,7.429999999999998,1
44,EP,7.429999999999998,1
45,EP,6.799999999999998,1
46,PI,10.539999999999997,1
47,PI,11.519999999999998,1
48,PI,10.539999999999997,1
49,SG,7.66,1
50,WE,10.620000000000001,1
51,WE,10.620000000000001,1
52,WE,10.38,1
53,WE,10.620000000000001,1
54,RN,5.729999999999998,1
55,RN,6.469999999999998,1
56,KL,9.6,1
57,KL,10.58,1
58,KL,9.6,1
59,KL,9.6,1
60,SP,8.999999999999998,1
61,SP,9.919999999999998,1
62,SL,9.289999999999997,1
63,SP,9.099999999999998,1
64,RT,3.1899999999999995,1
65,RT,4.539999999999999,1
66,ID,7.309999999999997,1
67,ID,7.309999999999997,1
68,ID,8.289999999999997,1
69,ID,7.309999999999997,1
70,KS,1.2199999999999995,1
71,KS,1.4499999999999995,1
72,KS,2.1899999999999995,1
73,KW,4.95,1
74,KW,5.3,1
75,KW,5.16,1
76,HI,7.549999999999997,1
77,SE,4.2,1
78,KK,3.5299999999999994,1
79,HP,10.539999999999997,0
80,WC,4.130000000000001,1
81,HW,4.780000000000001,1
82,P,6.129999999999998,1
83,I,6.649999999999997,1
84,T,3.4099999999999993,1
85,G,2.8400000000000007,1
86,S,1.3299999999999996,1
87,S,5.13,1
88,W,4.000000000000001,1
89,W,4.390000000000001,1
90,R,2.98,1
91,R,2.1799999999999997,1
92,R,2.7800000000000002,1
93,I,7.069999999999998,1
94,I,7.069999999999998,1
95,K,3.6499999999999995,1
96,K,3.7799999999999994,1
97,K,3.5299999999999994,1
