,pattern,weight,status
0,WLFCV,2.5599999999999996,0
1,QCAS,8.760000000000003,0
2,CCAN,9.24,0
3,KMLG,4.01,0
4,VDQ,6.290000000000003,0
5,RTW,1.8,1
6,RTW,1.27,1
7,WNR,6.9799999999999995,0
8,VCK,1.19,1
9,VCK,1.38,1
10,CAS,8.760000000000003,1
11,TKK,8.720000000000002,1
12,TKK,7.730000000000002,1
13,KLG,3.98,1
14,TFM,10.500000000000002,0
15,GEI,8.999999999999998,0
16,NLQ,9.770000000000001,0
17,NQV,9.770000000000001,0
18,KLK,8.55,1
19,GQL,8.250000000000002,0
20,MTM,9.280000000000001,0
21,GE,8.999999999999998,1
22,LP,10.700000000000001,1
23,LP,10.63,1
24,LK,8.55,1
25,LW,6.17,1
26,EP,2.17,1
27,EP,2.17,1
28,PV,7.450000000000001,1
29,PV,7.450000000000001,1
30,WK,11.75,1
31,WK,11.75,1
32,AS,10.640000000000002,1
33,AS,10.640000000000002,1
34,QE,9.899999999999999,1
35,QE,9.899999999999999,1
36,RM,6.47,1
37,RM,6.47,1
38,TK,8.190000000000003,1
39,NR,8.46,1
40,NR,8.46,1
41,GV,6.649999999999999,1
42,GV,6.649999999999999,1
43,GV,6.009999999999998,1
44,GV,7.889999999999999,1
45,QL,8.250000000000002,1
46,TR,8.700000000000003,1
47,TR,8.580000000000004,1
48,LK,13.98,1
49,LK,13.98,1
50,LK,13.77,1
51,LK,13.77,1
52,LK,11.900000000000002,1
53,LK,11.520000000000001,1
54,LK,9.080000000000002,1
55,TM,9.280000000000001,1
56,IW,8.569999999999999,1
57,IW,8.569999999999999,1
58,RC,3.4399999999999995,1
59,RC,3.4399999999999995,1
60,YF,1.6600000000000001,0
61,YF,2.39,0
62,WI,2.89,1
63,II,3.439999999999999,1
64,W,6.17,1
65,T,8.190000000000003,1
66,K,9.080000000000002,1
67,P,-0.040000000000000036,1
68,P,-0.77,1
69,I,7.39,1
70,I,7.39,1
71,I,5.079999999999999,1
72,I,2.89,1
73,M,10.97,1
74,C,8.46,1
75,C,8.46,1
76,E,9.84,1
77,E,9.84,1
78,S,7.830000000000004,1
79,S,7.830000000000004,1
80,I,3.439999999999999,1
81,W,6.65,1
82,W,6.65,1
83,R,4.59,1
84,R,4.25,1
85,K,9.23,1
86,G,7.479999999999999,1
87,G,6.629999999999999,1
