,pattern,weight,status
0,FDACEC,7.949999999999999,0
1,NQMPPM,3.1299999999999994,0
2,WTSFL,7.67,0
3,RCCNA,0.8,0
4,HCDDI,8.74,0
5,GSPEC,5.619999999999998,0
6,MGTHH,8.21,0
7,HGSWP,4.99,0
8,CCDLG,5.6400000000000015,0
9,LEIG,6.309999999999999,0
10,YICR,7.299999999999999,0
11,MRWH,11.13,0
12,LNKV,11.52,0
13,QEPW,8.97,0
14,GTGN,3.9300000000000006,0
15,GDK,1.9899999999999995,0
16,RFS,6.95,0
17,LKR,10.13,0
18,ELM,6.230000000000001,0
19,LKR,6.730000000000001,0
20,ESI,5.880000000000001,0
21,TTR,5.65,1
22,LGK,11.580000000000002,1
23,AW,10.010000000000002,0
24,TY,5.26,1
25,MC,-0.010000000000000564,1
26,RI,0.13000000000000017,1
27,ST,7.300000000000002,1
28,HT,8.410000000000002,1
29,PI,9.080000000000002,1
30,HW,2.1,1
31,QE,9.220000000000002,1
32,SG,6.819999999999999,1
33,PS,7.6899999999999995,1
34,KE,6.54,1
35,RL,3.6699999999999995,1
36,SW,11.24,1
37,KW,4.38,1
38,PV,8.120000000000003,1
39,TR,6.760000000000001,1
40,KE,7.399999999999999,1
41,KE,7.579999999999998,1
42,LK,6.5600000000000005,1
43,LK,6.800000000000001,1
44,LK,8.21,1
45,LK,7.68,1
46,LK,7.27,1
47,LK,10.35,1
48,LK,10.580000000000002,1
49,CM,2.45,1
50,IP,7.66,1
51,KM,8.89,1
52,GR,6.93,1
53,WI,11.11,1
54,PN,4.360000000000001,1
55,WA,5.12,0
56,VQ,4.04,0
57,LR,3.09,1
58,IF,7.4399999999999995,1
59,PI,6.54,1
60,I,5.569999999999999,1
61,N,5.120000000000001,1
62,K,5.33,1
63,G,1.71,1
64,M,3.25,1
65,W,12.84,1
66,W,1.0499999999999996,1
67,T,4.95,1
68,S,7.07,1
69,K,6.590000000000001,1
70,I,9.419999999999998,1
71,R,6.43,1
