,pattern,weight,status
0,LNWIYC,9.219999999999999,0
1,IDSMLM,9.000000000000002,0
2,NHHNYY,-0.8,0
3,RKVITT,10.789999999999997,0
4,CTGQC,8.509999999999998,0
5,SHNNM,10.240000000000002,0
6,KDLSW,8.439999999999998,0
7,THNA,5.98,0
8,HVRD,4.39,0
9,SWTA,1.13,0
10,PIEA,6.69,0
11,GSLR,4.82,0
12,AEWC,4.1,0
13,IIFW,5.109999999999999,0
14,STIA,9.72,0
15,SIFF,4.760000000000001,0
16,KWS,4.720000000000001,0
17,SMK,8.08,1
18,GGM,5.620000000000001,0
19,CGG,0.2600000000000002,0
20,GKP,8.040000000000001,1
21,AQV,1.8499999999999994,0
22,WIH,9.57,0
23,RWI,5.890000000000001,0
24,ATE,4.799999999999999,1
25,MFG,5.210000000000001,0
26,CNM,6.100000000000001,0
27,TRN,8.62,1
28,GGA,8.68,0
29,WAK,7.950000000000004,0
30,NMQ,8.629999999999999,1
31,KSQ,4.96,1
32,IAH,10.95,0
33,RF,6.119999999999999,0
34,KE,9.990000000000004,1
35,YD,6.429999999999999,0
36,LM,1.7700000000000002,0
37,LC,10.400000000000002,1
38,WS,2.8800000000000003,1
39,PV,8.55,1
40,DP,6.67,1
41,IF,5.229999999999999,1
42,LN,10.06,1
43,KY,9.300000000000002,1
44,KL,12.44,1
45,KL,14.040000000000001,1
46,KL,14.030000000000001,1
47,KL,12.049999999999999,1
48,RN,8.76,1
49,TR,10.229999999999997,1
50,PI,8.209999999999999,1
51,RM,2.5900000000000007,1
52,AT,4.010000000000001,1
53,KL,6.640000000000001,1
54,KL,6.3500000000000005,1
55,WC,0.8699999999999999,1
56,KY,8.040000000000003,1
57,LK,7.6000000000000005,1
58,CA,4.550000000000002,1
59,WD,7.169999999999999,1
60,HM,2.56,0
61,QK,8.9,1
62,EV,4.71,1
63,LD,5.8199999999999985,1
64,ID,5.73,1
65,C,10.01,1
66,M,7.449999999999999,1
67,M,8.0,1
68,K,5.8500000000000005,1
69,L,2.52,1
70,I,10.819999999999999,1
71,S,5.170000000000001,1
72,W,10.309999999999999,1
73,R,8.829999999999998,1
74,K,7.900000000000002,1
75,G,8.36,1
76,W,-0.26999999999999996,1
77,I,7.500000000000002,1
78,T,6.64,1
79,I,10.959999999999999,1
80,S,5.500000000000001,1
81,W,8.27,1
