,pattern,weight,status
0,LHSHLW,7.479999999999999,0
1,TATVV,5.34,0
2,RCWAL,4.25,0
3,TLLDL,6.859999999999998,0
4,LPCEG,4.62,0
5,GTMNF,8.63,0
6,PHPGT,3.9700000000000006,0
7,KLNCC,-0.12,0
8,LDQE,4.82,0
9,LPCG,3.18,0
10,MLVE,3.5200000000000014,0
11,VRQD,8.57,0
12,YQQI,5.890000000000001,0
13,MCHG,6.6899999999999995,0
14,VQH,7.3500000000000005,0
15,SQE,3.88,0
16,TLM,8.939999999999998,0
17,TLM,10.069999999999999,0
18,VQH,6.760000000000001,0
19,LFG,9.32,0
20,DWL,9.240000000000002,1
21,DWL,9.56,1
22,LHS,6.949999999999998,1
23,WIR,3.16,1
24,LAH,2.75,0
25,TKL,-0.8300000000000001,0
26,KSA,6.779999999999999,0
27,SHA,8.229999999999999,0
28,LDL,7.509999999999998,0
29,QRN,7.72,0
30,QDY,6.249999999999999,0
31,IRD,8.910000000000002,0
32,KL,-3.9700000000000006,1
33,VE,3.1300000000000012,1
34,QV,6.169999999999999,0
35,RD,7.900000000000002,1
36,CD,10.700000000000003,1
37,IH,7.3,1
38,IW,-1.23,1
39,IW,0.44999999999999996,1
40,LL,7.829999999999998,1
41,LH,8.729999999999999,1
42,AL,9.93,1
43,AL,10.469999999999999,1
44,QI,6.380000000000001,1
45,QR,6.029999999999999,1
46,ED,8.15,1
47,ED,10.19,1
48,LG,11.41,1
49,LG,10.5,1
50,IV,8.15,1
51,IV,7.860000000000001,1
52,KL,-3.8000000000000003,1
53,KL,-4.4,1
54,KL,-5.040000000000001,1
55,EC,10.079999999999998,1
56,EC,10.119999999999997,1
57,ED,4.0,1
58,KD,1.4699999999999998,1
59,GV,1.32,1
60,MG,3.4300000000000006,1
61,PF,-0.81,0
62,LM,-3.78,0
63,E,3.0800000000000005,1
64,E,4.14,1
65,T,5.07,1
66,Y,6.39,1
67,C,11.130000000000003,1
68,G,3.2700000000000005,1
69,F,-0.32000000000000006,1
70,K,0.5899999999999999,1
71,L,-4.84,1
72,V,8.92,1
73,D,8.240000000000002,1
74,S,2.52,1
75,A,8.439999999999998,1
76,H,6.970000000000001,1
77,Y,5.989999999999999,1
78,Y,6.86,1
79,N,5.090000000000002,1
80,V,1.1300000000000001,1
