,pattern,weight,status
0,HNWKTM,-1.25,0
1,HGDIAV,12.450000000000001,0
2,CCHTT,5.940000000000002,0
3,YTVVL,6.2299999999999995,0
4,KDNWV,7.52,0
5,GPVNN,5.950000000000001,0
6,GMQYH,4.99,0
7,DRWYI,4.3100000000000005,0
8,IGIIK,7.2,0
9,WELG,9.97,1
10,CNDE,9.629999999999999,0
11,WLVH,4.33,0
12,AYYW,6.71,0
13,IGNW,6.84,0
14,WTLV,3.8,0
15,MHML,11.500000000000002,0
16,QTSE,3.680000000000001,0
17,YLEK,8.78,0
18,PLGQ,10.310000000000002,0
19,LKYA,3.5399999999999996,0
20,NRH,8.319999999999999,0
21,MTA,5.29,1
22,WKN,10.950000000000001,0
23,HGH,7.399999999999998,0
24,CYD,5.390000000000001,0
25,PIE,4.569999999999999,0
26,WDR,1.6900000000000004,1
27,GRT,3.2800000000000002,0
28,GFL,0.93,0
29,GMI,9.69,0
30,YME,7.159999999999999,0
31,VKL,4.49,1
32,KFF,4.66,0
33,HAY,7.220000000000001,0
34,KRE,6.779999999999999,1
35,WKC,0.5399999999999996,0
36,TPM,8.819999999999999,1
37,ITH,9.44,0
38,GYR,2.3899999999999997,0
39,PR,2.289999999999999,1
40,EY,5.909999999999999,1
41,RM,5.619999999999999,1
42,DW,6.109999999999999,1
43,YT,1.239999999999999,1
44,GV,8.17,1
45,GA,-0.53,1
46,ME,2.4899999999999998,0
47,WK,12.51,1
48,QK,2.58,1
49,MG,6.9099999999999975,1
50,IG,7.24,1
51,TM,7.629999999999998,1
52,PL,12.030000000000001,1
53,LK,10.05,1
54,GI,7.99,1
55,GI,7.69,1
56,NR,8.48,1
57,GV,7.899999999999998,1
58,GV,7.999999999999998,1
59,NR,5.660000000000001,1
60,RT,3.9,1
61,DI,10.9,1
62,DW,3.389999999999998,1
63,GV,7.15,1
64,KL,7.3,1
65,TM,10.53,1
66,KC,-0.1899999999999999,1
67,KL,8.690000000000001,1
68,RF,2.17,0
69,QR,6.5600000000000005,1
70,HN,2.7799999999999994,1
71,IW,9.700000000000001,1
72,WS,5.129999999999997,1
73,I,3.99,1
74,K,5.53,1
75,R,2.29,1
76,S,2.339999999999999,1
77,T,1.21,1
