,pattern,weight,status
0,MNHSIA,1.6100000000000003,0
1,CDHKKS,2.710000000000001,0
2,ESYLTH,5.41,0
3,RVFSSH,3.42,0
4,GYGPMH,0.7099999999999997,0
5,DSMNGN,6.509999999999999,0
6,RNWPS,-1.6799999999999997,0
7,TIAPE,12.500000000000002,0
8,TFPLS,4.36,0
9,SIPAC,10.690000000000001,0
10,DRPDC,-0.21999999999999997,0
11,WKAMM,8.01,0
12,QFKVM,1.7800000000000002,0
13,ETCPT,1.5999999999999996,0
14,VMQPY,-1.15,0
15,LGFF,5.61,0
16,LNKC,2.54,0
17,CGVA,6.820000000000003,0
18,QVGR,4.899999999999999,0
19,YKRI,8.830000000000002,0
20,IEED,7.430000000000001,0
21,CKF,9.509999999999998,0
22,AWQ,1.45,0
23,PNM,2.42,0
24,ITF,10.22,0
25,RTK,7.370000000000002,1
26,KNR,9.1,1
27,SSN,5.12,1
28,SKM,8.98,0
29,KLK,7.799999999999997,1
30,YSF,7.16,0
31,CY,8.419999999999998,0
32,HG,10.01,1
33,PS,4.86,1
34,YA,1.7400000000000007,1
35,EW,9.25,1
36,RN,4.6099999999999985,1
37,MT,8.319999999999999,1
38,SM,7.929999999999998,1
39,KL,11.439999999999998,1
40,IG,9.86,1
41,KL,9.910000000000002,1
42,KL,9.140000000000002,1
43,TR,6.630000000000003,1
44,SC,5.79,1
45,LP,8.799999999999999,1
46,EW,13.28,1
47,DW,5.43,1
48,EQ,1.85,1
49,I,8.219999999999999,1
50,K,4.760000000000003,1
51,S,1.4600000000000002,1
52,R,2.59,1
