,pattern,weight,status
0,WGGRAC,6.230000000000002,0
1,DQHWFD,1.9700000000000002,0
2,WPTYC,7.31,0
3,FWFDK,0.9500000000000001,0
4,WPRCM,7.140000000000001,0
5,DDATQ,1.04,0
6,RICHG,9.899999999999999,0
7,DLEIE,10.51,0
8,NSVHK,6.760000000000001,0
9,HIECC,6.800000000000001,0
10,HILV,0.27999999999999986,0
11,NYRT,6.25,0
12,NIAS,0.8999999999999998,0
13,PTIM,1.37,0
14,HTRN,4.85,0
15,WWRW,2.519999999999999,0
16,KLKK,8.540000000000001,1
17,YCSQ,4.93,0
18,IGFE,14.020000000000003,0
19,ILGN,9.929999999999996,0
20,DDLA,4.92,0
21,DLPD,3.8400000000000007,0
22,GSKL,5.650000000000001,0
23,RWQQ,7.42,0
24,DYN,1.1800000000000002,0
25,RLV,6.13,0
26,SVE,1.2799999999999998,0
27,VDW,-0.9300000000000002,0
28,VLQ,5.8500000000000005,0
29,ERH,8.03,0
30,NSY,6.36,1
31,NLR,7.23,1
32,KLV,5.0600000000000005,1
33,RNV,5.6800000000000015,1
34,WC,2.7699999999999996,1
35,KC,-2.789999999999999,1
36,GQ,7.39,1
37,KN,6.65,1
38,RC,6.8100000000000005,1
39,DM,8.9,0
40,EI,10.3,1
41,EW,10.810000000000002,1
42,IG,10.78,1
43,DL,8.690000000000001,1
44,RT,7.029999999999999,1
45,EW,10.270000000000003,1
46,IG,13.339999999999998,1
47,KL,10.790000000000001,1
48,KL,8.329999999999998,1
49,KL,9.19,1
50,KL,8.719999999999997,1
51,KW,8.900000000000002,1
52,SP,7.489999999999998,1
53,RN,6.6400000000000015,1
54,IW,7.670000000000001,1
55,WI,12.290000000000003,1
56,IW,8.820000000000002,1
57,Q,-2.1099999999999994,1
58,M,3.5799999999999996,1
59,S,2.8600000000000003,1
60,K,4.999999999999999,1
61,R,3.2199999999999998,1
62,I,2.37,1
