,pattern,weight,status
0,RKWITH,8.43,0
1,KPVMYL,5.129999999999998,0
2,TKKKK,4.979999999999999,0
3,WIQKI,7.91,0
4,LMPKP,7.67,0
5,KPPRC,6.140000000000001,0
6,VAQW,3.4700000000000015,0
7,KQAR,7.33,0
8,DNMR,4.1000000000000005,0
9,MERI,2.6899999999999995,0
10,KLLK,6.0600000000000005,0
11,WMLI,8.429999999999998,0
12,LCYG,6.179999999999999,0
13,EVYL,3.0299999999999994,0
14,GTSK,8.579999999999998,0
15,TEIM,1.2000000000000002,0
16,WVNH,6.169999999999999,0
17,GLL,6.26,1
18,RSA,4.970000000000001,1
19,ELL,5.390000000000001,1
20,KNC,12.999999999999998,1
21,LWT,9.469999999999997,0
22,MQH,6.14,0
23,TST,10.109999999999998,1
24,YWI,8.51,0
25,KEL,13.059999999999999,0
26,DIW,11.23,0
27,PYD,7.029999999999999,0
28,WQ,4.72,1
29,II,7.709999999999999,1
30,PH,5.92,0
31,LF,9.679999999999998,0
32,WP,7.629999999999999,1
33,LK,8.71,1
34,NR,6.630000000000001,1
35,EL,5.390000000000001,1
36,KI,6.91,1
37,CI,7.05,1
38,VL,3.7999999999999994,1
39,WD,9.59,1
40,GF,3.4099999999999997,1
41,GS,3.1599999999999997,1
42,IG,7.44,1
43,KE,13.419999999999998,1
44,KL,3.3800000000000003,1
45,EQ,8.86,1
46,EQ,8.86,1
47,VK,11.68,1
48,LK,5.859999999999999,1
49,LK,5.88,1
50,LK,4.1499999999999995,1
51,LK,7.469999999999999,1
52,DW,11.8,1
53,LK,8.96,1
54,LK,9.030000000000001,1
55,KY,5.77,1
56,LF,8.61,0
57,TR,7.87,1
58,CI,9.25,1
59,WI,4.36,1
60,WK,8.370000000000001,1
61,IS,6.81,1
62,FR,4.630000000000001,0
63,TV,8.47,1
64,F,3.3500000000000014,1
65,W,4.859999999999999,1
66,M,7.710000000000001,1
67,K,5.5699999999999985,1
68,N,6.9499999999999975,1
69,C,3.3600000000000003,1
70,V,-1.2700000000000002,1
71,W,7.14,1
72,S,9.579999999999997,1
73,T,7.59,1
74,I,6.59,1
75,R,5.580000000000001,1
76,L,7.239999999999998,1
77,G,5.43,1
78,K,5.78,1
79,I,10.42,1
