,pattern,weight,status
0,KRFIL,0.7400000000000004,0
1,LIIGG,6.81,0
2,GNHH,4.41,0
3,KLLY,9.92,0
4,RKHW,2.98,0
5,GSKV,8.87,1
6,WIYM,0.7099999999999999,0
7,MKQG,0.9900000000000003,0
8,AGWI,-1.6900000000000004,0
9,DVK,2.88,1
10,SKV,10.77,1
11,RKW,4.71,1
12,RKW,4.77,1
13,CPW,4.28,0
14,IPK,11.770000000000001,1
15,IPK,13.090000000000002,1
16,EMC,7.539999999999999,0
17,LQW,5.95,0
18,MWS,4.839999999999999,0
19,EMC,6.93,0
20,YSI,8.84,0
21,CDW,7.9,0
22,PYP,8.89,0
23,PSQ,6.7,0
24,DKV,6.96,1
25,IHA,5.739999999999999,0
26,AK,-0.44000000000000017,1
27,CW,2.0500000000000003,1
28,DV,3.54,1
29,KF,2.3600000000000003,1
30,KF,1.29,1
31,DQ,2.9299999999999997,1
32,DQ,3.0,1
33,MS,4.719999999999999,1
34,EC,8.139999999999999,1
35,AG,-0.7800000000000002,1
36,SP,9.489999999999998,1
37,SP,10.139999999999999,1
38,SP,8.01,1
39,IP,11.48,1
40,GI,11.669999999999998,1
41,GI,11.019999999999998,1
42,GI,10.929999999999998,1
43,DV,6.96,1
44,DV,8.280000000000001,1
45,DV,8.23,1
46,KL,8.79,1
47,KL,8.79,1
48,KL,8.03,1
49,KL,7.789999999999999,1
50,GI,10.32,1
51,WY,1.05,1
52,DH,1.1900000000000002,1
53,DH,1.7000000000000002,1
54,TR,6.960000000000002,1
55,TR,6.420000000000002,1
56,PG,1.94,1
57,PG,2.27,1
58,KL,8.83,1
59,KL,8.2,1
60,WH,-1.33,1
61,WH,-1.33,1
62,EW,5.830000000000001,1
63,EW,6.490000000000001,1
64,SG,9.700000000000001,1
65,IA,6.01,1
66,GQ,5.37,1
67,PN,6.7,1
68,ID,9.37,1
69,W,1.7000000000000002,1
70,I,11.030000000000001,1
71,Q,5.7299999999999995,1
72,W,5.98,1
73,W,2.18,1
74,E,10.07,1
75,G,9.65,1
76,W,7.739999999999999,1
77,M,5.36,1
78,L,4.469999999999998,1
79,L,5.179999999999998,1
80,M,2.94,1
81,G,0.23999999999999994,1
82,G,-1.44,1
83,K,8.139999999999999,1
84,K,9.25,1
85,I,9.83,1
86,I,9.73,1
87,S,5.33,1
88,S,4.24,1
89,R,6.830000000000002,1
90,T,5.57,1
