,pattern,weight,status
0,YSLGWW,1.5700000000000007,1
1,EHICCW,2.4800000000000004,0
2,YSGWWI,-1.7400000000000007,0
3,YSGWAW,3.9300000000000006,0
4,SLCGWW,1.21,0
5,SLGWPW,2.89,0
6,RYSLGW,2.0599999999999996,0
7,YSRLQG,3.0700000000000003,0
8,SLGWWH,2.45,0
9,FYCLWW,0.5800000000000007,0
10,HDFGWS,-2.35,0
11,YSCLFW,2.51,0
12,KYGWQW,0.13999999999999982,0
13,VDQVLH,6.529999999999999,0
14,YYSLGW,-0.7899999999999996,0
15,YCSCLW,5.200000000000001,0
16,YLGWWG,2.460000000000001,0
17,PSIGWW,-0.6799999999999995,0
18,TRQYGP,11.91,0
19,FYTLG,1.6,0
20,YWWYW,4.3100000000000005,0
21,YMWPF,1.17,0
22,SLFWD,1.5300000000000007,0
23,YEHMW,3.5199999999999996,0
24,YKSLV,3.53,0
25,YSGWW,1.2700000000000005,0
26,QSCWW,-1.8599999999999992,0
27,PYSLG,2.0300000000000002,0
28,RHMGR,9.749999999999998,0
29,SFLNV,4.38,0
30,NSGWW,-0.06999999999999934,0
31,RYWSW,3.1,0
32,PYWLC,7.03,0
33,YSGC,-2.0499999999999994,0
34,YLQW,-0.49999999999999933,0
35,YLGW,1.1700000000000006,0
36,YWWF,3.6800000000000006,0
37,YSWW,2.55,0
38,RSLW,2.8500000000000005,0
39,CYAW,-0.7399999999999993,0
40,IYGW,2.19,0
41,LPWW,2.0400000000000005,0
42,EAPE,8.930000000000001,0
43,RSPG,0.43000000000000005,0
44,FSGH,7.3699999999999966,0
45,YTY,8.260000000000002,0
46,AKQ,7.1199999999999966,0
47,YGW,3.0700000000000003,0
48,NSL,0.23000000000000045,1
49,YW,-0.5299999999999992,1
50,WW,0.8200000000000007,1
51,KR,8.570000000000002,1
52,KK,6.260000000000001,1
53,GL,7.84,1
54,GW,2.0300000000000007,1
55,SL,3.4299999999999997,1
56,WW,3.9499999999999997,1
57,RE,8.780000000000001,1
58,PC,4.54,1
59,NF,10.919999999999998,1
60,RD,6.899999999999999,1
61,KC,6.629999999999997,1
62,L,-1.4699999999999995,1
63,F,12.530000000000003,1
64,Y,3.9200000000000013,1
65,Y,7.009999999999999,1
66,D,5.469999999999999,1
67,Y,9.08,1
68,D,6.2399999999999975,1
69,E,12.630000000000006,1
70,S,6.87,1
71,G,7.84,1
72,H,7.690000000000001,1
73,N,11.57,1
74,H,7.920000000000001,1
75,A,6.559999999999998,1
76,T,7.4,1
77,V,9.449999999999998,1
78,Y,11.56,1
