,pattern,weight,status
0,MYQSNN,9.950000000000001,0
1,SPANMN,6.12,0
2,SNQYTN,5.939999999999999,0
3,IQYSVV,6.619999999999999,0
4,VGLKLK,7.959999999999999,0
5,VSNMSN,5.919999999999998,0
6,MVVKSV,6.359999999999998,0
7,VTQMHY,1.7000000000000002,0
8,PAGVPP,9.680000000000001,0
9,LTSGDY,7.689999999999999,0
10,STNMQS,10.17,0
11,GMNRN,5.900000000000002,0
12,TYTQN,3.6599999999999997,0
13,SNQSN,5.339999999999997,0
14,SMQNY,10.33,0
15,LRLRS,1.4899999999999998,0
16,KKNDI,-0.8800000000000001,0
17,ESSHR,-0.89,0
18,ERMLI,0.47,0
19,SDQVN,7.400000000000003,0
20,YDGMC,5.999999999999998,0
21,RWWYN,8.38,0
22,QKWGA,10.850000000000001,0
23,TSPPS,0.8700000000000012,0
24,LYYVY,1.2200000000000002,0
25,DWWMT,11.260000000000002,0
26,SMSN,7.829999999999999,0
27,MQSN,8.280000000000001,1
28,LNQN,8.469999999999997,0
29,FEHY,7.709999999999999,0
30,RSRS,0.8999999999999998,1
31,FAMN,7.419999999999997,0
32,QHSN,5.479999999999997,0
33,EYLT,1.68,0
34,CISM,-4.18,0
35,LRYD,5.36,0
36,RTN,4.89,0
37,ASC,1.6799999999999997,0
38,HTS,12.110000000000003,0
39,ETQ,2.0100000000000002,1
40,NSL,6.920000000000002,1
41,SRT,3.760000000000001,1
42,NLV,13.099999999999998,0
43,VLK,-6.779999999999999,1
44,RYA,1.98,0
45,FPG,4.460000000000001,0
46,VSG,-0.6300000000000001,1
47,SDY,6.029999999999999,0
48,FD,11.85,1
49,NM,8.4,1
50,IL,9.599999999999998,1
51,GH,-5.379999999999999,1
52,RY,4.6000000000000005,1
53,NA,9.65,1
54,SN,5.719999999999997,1
55,NW,10.000000000000002,1
56,YW,6.769999999999999,1
57,LK,-9.68,1
58,LK,-7.309999999999999,1
59,LK,-5.9799999999999995,1
60,GI,-9.53,1
61,LK,-5.970000000000001,1
62,SI,3.0900000000000003,1
63,ET,6.459999999999998,1
64,GI,-4.16,1
65,LV,6.48,1
66,L,3.030000000000003,1
67,M,-0.5100000000000002,1
68,Y,6.889999999999999,1
69,Q,0.5799999999999996,1
70,I,-4.909999999999998,1
71,A,4.55,1
72,V,10.259999999999998,1
73,F,12.159999999999998,1
74,D,1.8,1
75,D,6.930000000000001,1
76,H,7.439999999999999,1
77,Y,7.88,1
78,T,1.73,1
