,pattern,weight,status
0,SFTKIK,8.139999999999999,0
1,SALLDC,10.989999999999998,0
2,WCQEGT,1.61,0
3,IVSAHC,4.890000000000001,0
4,HCSWWC,2.87,0
5,KEKGH,6.45,0
6,RLNRK,11.84,0
7,TIGME,5.68,0
8,CVNEG,8.009999999999998,0
9,IMPTF,8.33,0
10,FGWWW,13.43,0
11,PTLRR,12.730000000000002,0
12,DDSQD,7.239999999999998,0
13,LPLRD,13.96,0
14,RHPW,1.76,0
15,CIYQ,6.750000000000003,0
16,WHFR,1.5600000000000003,0
17,CVWE,9.790000000000001,0
18,SRGA,1.6,0
19,TTIK,8.78,0
20,QKQP,6.470000000000001,0
21,HFN,10.16,0
22,RKF,6.67,0
23,TFL,4.15,0
24,CSH,9.969999999999999,0
25,KRD,4.97,0
26,HES,9.86,0
27,LDW,10.229999999999999,0
28,TIE,7.889999999999999,0
29,SKH,7.139999999999998,0
30,GGL,11.95,0
31,IPV,7.239999999999999,1
32,QQS,14.649999999999999,0
33,CIQ,8.51,0
34,QLL,10.729999999999999,0
35,RHI,5.360000000000004,0
36,QTI,5.6400000000000015,0
37,CIN,9.959999999999999,0
38,QFH,10.14,0
39,NIS,9.059999999999999,0
40,VPH,6.250000000000001,0
41,GEN,9.700000000000003,1
42,ID,9.129999999999999,1
43,LE,4.35,1
44,IP,9.130000000000003,1
45,LK,9.010000000000002,1
46,SH,7.46,1
47,HG,8.92,1
48,LK,5.949999999999999,1
49,WD,8.99,1
50,NN,9.4,1
51,KL,8.949999999999998,1
52,NR,8.950000000000001,1
53,NR,12.3,1
54,KL,6.339999999999999,1
55,LN,8.04,1
56,LK,7.01,1
57,LK,8.879999999999999,1
58,KL,8.63,1
59,RT,7.269999999999999,1
60,IW,10.080000000000002,1
61,PK,7.05,1
62,EQ,8.45,1
63,EW,9.18,1
64,S,8.02,1
65,I,8.99,1
66,I,9.030000000000001,1
67,T,5.910000000000001,1
68,K,10.939999999999998,1
69,W,9.64,1
70,G,6.790000000000001,1
71,R,6.4399999999999995,1
