,pattern,weight,status
0,NLQNQG,2.37,0
1,HRMPEG,4.66,0
2,GVRKNH,1.6999999999999993,0
3,YKKPIR,5.94,0
4,GPKML,2.7900000000000005,0
5,TGHNG,1.7800000000000002,0
6,ATGNQ,3.6,0
7,KDEED,2.68,0
8,WHLLM,-0.6299999999999999,0
9,KRREN,6.38,0
10,MNKSN,2.0,0
11,CDGW,1.23,0
12,KNRD,4.79,0
13,KRTK,3.879999999999999,1
14,LAGF,4.01,0
15,RTLN,4.05,0
16,LKLP,2.78,0
17,MPKM,9.38,0
18,TKMT,6.039999999999999,0
19,RKEK,5.84,0
20,KKPF,1.8800000000000003,0
21,NTMV,3.74,0
22,TMK,4.499999999999999,0
23,RYK,-0.3299999999999996,0
24,QEW,2.9700000000000006,1
25,KRK,7.640000000000001,1
26,GPF,7.359999999999999,0
27,KSL,1.2300000000000004,0
28,KEN,4.32,1
29,ILK,7.549999999999999,1
30,NLN,4.76,0
31,KVE,5.679999999999999,1
32,IIT,4.78,0
33,MMC,2.1,0
34,DRM,0.5900000000000002,1
35,NEM,3.47,0
36,YKP,1.5300000000000005,0
37,QYK,0.9999999999999999,0
38,KNL,4.500000000000001,0
39,GPP,5.029999999999999,0
40,KA,5.72,1
41,VH,8.17,0
42,KL,8.07,1
43,EW,3.6,1
44,RM,2.08,1
45,WK,3.960000000000001,1
46,KL,5.5600000000000005,1
47,QE,6.74,1
48,AW,6.299999999999999,0
49,CA,4.599999999999999,1
50,KE,6.04,1
51,MT,3.959999999999999,1
52,KS,2.9499999999999997,1
53,RN,4.92,1
54,KL,4.069999999999999,1
55,RT,6.690000000000001,1
56,LK,9.21,1
57,LK,10.74,1
58,RM,4.170000000000001,1
59,WK,2.5300000000000007,1
60,EI,8.020000000000001,1
61,GI,6.999999999999998,1
62,PS,7.95,1
63,GM,7.320000000000001,1
64,TD,-0.0699999999999999,1
65,CW,3.559999999999999,1
66,M,4.409999999999999,1
67,L,2.290000000000001,1
68,E,2.9,1
69,G,3.7700000000000005,1
70,W,3.0199999999999996,1
71,I,6.37,1
72,K,0.3300000000000003,1
73,R,4.340000000000001,1
74,K,6.529999999999999,1
75,T,2.2299999999999986,1
76,S,2.929999999999999,1
77,I,6.3,1
