,pattern,weight,status
0,QHTCWL,-1.52,0
1,HVLARE,7.890000000000001,0
2,CTASC,6.83,0
3,STCK,0.8200000000000001,0
4,EPWA,10.16,0
5,RDPT,0.8399999999999999,0
6,RFSY,6.8,0
7,KRRC,3.62,0
8,IGIV,1.0299999999999998,0
9,WAP,8.670000000000002,0
10,CTG,1.3800000000000001,0
11,KRE,3.05,1
12,GRF,1.5100000000000002,0
13,TRD,9.85,1
14,YQH,1.5299999999999998,0
15,YPR,9.350000000000001,0
16,MCF,6.570000000000001,0
17,LKC,3.7999999999999994,0
18,EMP,-0.86,0
19,SVK,0.97,1
20,QTG,9.61,0
21,NPP,8.69,0
22,DGP,2.2200000000000006,0
23,MN,6.99,1
24,KV,7.99,1
25,WG,0.07000000000000012,1
26,FQ,3.4099999999999993,0
27,DF,2.7900000000000005,1
28,FV,11.120000000000001,0
29,PN,8.57,1
30,GN,9.65,1
31,GN,2.9699999999999998,1
32,LK,4.35,1
33,KL,4.86,1
34,QE,8.790000000000001,1
35,KL,5.699999999999999,1
36,KL,2.54,1
37,MR,7.530000000000001,1
38,GY,8.34,0
39,WD,3.259999999999999,1
40,KK,-1.6600000000000001,1
41,KL,6.960000000000002,1
42,KL,8.580000000000002,1
43,GI,9.959999999999999,1
44,KL,10.210000000000004,1
45,KL,8.420000000000002,1
46,WD,5.509999999999999,1
47,TR,8.989999999999998,1
48,YQ,1.5900000000000003,1
49,PS,9.48,1
50,GY,8.72,0
51,MW,2.36,1
52,VA,-0.2899999999999999,1
53,EL,7.910000000000001,1
54,EI,9.779999999999998,1
55,L,2.5199999999999996,1
56,I,8.659999999999998,1
57,I,-0.78,1
58,H,1.94,1
59,T,8.13,1
60,Q,7.560000000000001,1
61,W,3.6100000000000003,1
62,M,8.28,1
63,S,9.59,1
64,G,8.42,1
65,W,3.79,1
66,I,8.389999999999999,1
67,K,5.91,1
68,K,9.07,1
69,I,8.829999999999998,1
70,W,6.17,1
71,L,10.15,1
72,R,7.93,1
