,pattern,weight,status
0,LFQLKG,9.360000000000003,0
1,NLDP,4.6899999999999995,0
2,ATMA,11.669999999999998,0
3,QFLG,0.6599999999999996,0
4,QKLG,1.3199999999999996,0
5,DVPK,-0.6800000000000002,0
6,NNLP,5.079999999999999,0
7,DSSF,5.830000000000001,0
8,LGK,11.190000000000001,1
9,LGK,10.520000000000001,1
10,LGK,10.180000000000001,1
11,LGK,11.690000000000001,1
12,NLP,4.42,1
13,NLP,5.2299999999999995,1
14,LKG,8.750000000000004,1
15,LKG,9.880000000000003,1
16,LKG,8.400000000000002,1
17,LKG,8.660000000000002,1
18,ATM,10.049999999999997,1
19,ATM,10.939999999999998,1
20,WIG,5.03,0
21,NMY,0.2799999999999991,0
22,NP,1.1700000000000002,1
23,AM,10.959999999999997,0
24,SW,8.850000000000003,1
25,SW,9.180000000000003,1
26,SP,4.410000000000001,1
27,SP,3.590000000000001,1
28,SP,4.580000000000001,1
29,SP,5.590000000000001,1
30,SQ,6.440000000000004,1
31,SQ,7.080000000000004,1
32,SG,8.71,1
33,SG,8.32,1
34,TM,12.439999999999996,1
35,TM,13.089999999999996,1
36,LK,15.150000000000002,1
37,LK,15.150000000000002,1
38,WM,4.290000000000001,1
39,WI,5.03,1
40,WI,5.27,1
41,RT,1.4400000000000002,1
42,KM,-0.4200000000000009,1
43,KM,0.2799999999999991,1
44,YK,2.9699999999999993,1
45,FR,1.3000000000000003,0
46,TV,0.8300000000000002,1
47,IW,4.050000000000001,1
48,KT,1.5999999999999992,1
49,TR,0.6800000000000003,1
50,L,1.0399999999999996,1
51,I,4.030000000000001,1
52,W,7.780000000000005,1
53,G,2.0999999999999996,1
54,S,4.210000000000001,1
55,T,1.6600000000000001,1
56,T,0.5600000000000003,1
57,P,-0.25,1
58,P,-0.64,1
59,P,-0.37,1
60,I,2.9700000000000006,1
61,I,2.93,1
62,K,1.6399999999999992,1
63,K,2.7799999999999994,1
64,R,2.3200000000000003,1
65,R,2.0600000000000005,1
