,pattern,weight,status
0,WSPQAF,6.11,0
1,FGRLGY,1.9300000000000002,0
2,HSDID,8.909999999999998,0
3,KVSWQ,-1.45,0
4,KNDK,7.270000000000001,0
5,EQRT,9.280000000000001,0
6,QPCC,3.5300000000000007,0
7,KKKQ,5.73,1
8,KVVL,-1.56,0
9,FRVN,5.12,0
10,PIRQ,8.81,0
11,YRMY,6.470000000000001,0
12,VWA,-0.35,0
13,SDI,8.569999999999999,1
14,KKQ,4.790000000000001,1
15,MWA,3.2599999999999993,0
16,TER,10.4,0
17,GKW,2.05,1
18,PKW,2.75,1
19,LKG,9.269999999999998,1
20,LKG,9.679999999999998,1
21,TQC,5.75,0
22,QAK,7.860000000000001,0
23,MGW,13.9,1
24,SKS,5.330000000000001,1
25,RTW,7.32,1
26,LKL,5.89,1
27,LKK,7.21,1
28,CGI,5.1000000000000005,1
29,ASF,1.9600000000000009,0
30,PRM,5.15,0
31,SYH,4.52,0
32,LMK,8.21,0
33,RQM,5.0,0
34,GWM,0.7700000000000007,0
35,RAG,5.559999999999999,0
36,QP,0.9999999999999999,1
37,CC,1.5300000000000007,1
38,HH,3.53,1
39,CW,-0.1499999999999994,1
40,SG,4.129999999999999,1
41,SG,4.9399999999999995,1
42,RM,8.450000000000001,1
43,RM,8.07,1
44,WM,2.47,1
45,KQ,5.460000000000001,1
46,SG,6.11,1
47,SG,6.11,1
48,SH,5.13,1
49,HD,3.15,1
50,CW,-1.0399999999999996,1
51,CW,-0.6199999999999998,1
52,MG,12.180000000000001,1
53,MS,3.5,1
54,MS,3.14,1
55,MT,10.54,1
56,MT,9.639999999999999,1
57,LK,5.16,1
58,RT,8.33,1
59,LK,7.1899999999999995,1
60,LK,9.39,1
61,LK,10.01,1
62,LK,9.6,1
63,LK,8.219999999999999,1
64,LK,8.71,1
65,LK,7.4799999999999995,1
66,MR,4.569999999999999,1
67,MR,4.97,1
68,PQ,3.95,1
69,GI,5.67,1
70,EW,8.84,1
71,EW,8.740000000000002,1
72,AS,1.370000000000001,1
73,WR,0.059999999999999915,1
74,EV,0.9400000000000002,1
75,R,6.41,1
76,M,1.4400000000000008,1
77,W,1.5100000000000002,1
78,G,0.12999999999999978,1
79,G,0.8499999999999998,1
80,I,9.749999999999998,1
81,E,3.1700000000000004,1
82,W,6.62,1
83,K,1.5699999999999998,1
84,S,5.23,1
85,I,7.44,1
86,K,4.209999999999999,1
87,K,3.0699999999999994,1
