,pattern,weight,status
0,MESLVV,4.76,0
1,WKICVV,2.8499999999999996,0
2,DQIIAP,-1.9599999999999997,0
3,FCEMIM,5.35,0
4,FHCHDI,7.82,0
5,QVLGFV,-0.6100000000000001,0
6,WQVKN,6.5,0
7,YKINE,-3.0300000000000002,0
8,IRKNV,-0.07000000000000006,0
9,FKVLR,6.55,0
10,VTGSV,5.159999999999999,0
11,IVSPN,-0.6300000000000006,0
12,KNIVW,-2.45,0
13,CIVKI,0.8299999999999998,0
14,IKVR,2.9800000000000004,0
15,VKYL,8.520000000000001,0
16,VNIR,-0.9400000000000004,0
17,LWKN,2.56,0
18,EEKV,3.7300000000000004,0
19,YELR,1.62,0
20,SNL,-0.16999999999999982,1
21,LEV,6.670000000000001,1
22,RSV,2.4499999999999997,1
23,IIV,0.020000000000000018,0
24,ASN,-0.7599999999999999,1
25,EET,5.079999999999999,0
26,KNI,-0.6600000000000001,1
27,NSH,9.69,1
28,EKI,2.6899999999999995,1
29,LKG,5.720000000000001,1
30,FKV,-0.79,0
31,HRI,-0.5499999999999997,0
32,RMA,2.7499999999999996,0
33,AFC,9.02,0
34,RM,3.5500000000000003,1
35,KC,1.5299999999999998,1
36,VK,1.3000000000000003,1
37,DI,2.8900000000000006,1
38,IP,6.250000000000001,1
39,RM,7.51,1
40,MT,3.7300000000000004,1
41,EG,5.540000000000001,1
42,PL,8.840000000000002,1
43,IM,2.6999999999999993,0
44,EQ,5.88,1
45,EQ,7.5600000000000005,1
46,KL,7.0,1
47,EK,4.76,1
48,VP,7.450000000000002,1
49,SP,8.03,1
50,RT,4.230000000000001,1
51,KL,9.32,1
52,KL,6.57,1
53,GI,6.4399999999999995,1
54,CM,2.279999999999999,1
55,EL,3.4299999999999993,1
56,V,-0.4799999999999998,1
57,R,2.0500000000000003,1
58,V,0.19000000000000006,1
59,K,3.879999999999999,1
60,T,1.0400000000000003,1
61,I,4.54,1
62,W,5.17,1
63,S,2.0500000000000003,1
