,pattern,weight,status
0,NKKTNH,9.409999999999997,0
1,QKIKKS,7.669999999999999,0
2,TIPAAT,7.629999999999999,0
3,YKYCYV,4.470000000000001,0
4,QWKIDN,1.29,0
5,MMRITG,5.5200000000000005,0
6,ARPEVH,1.3200000000000007,0
7,NKTWKR,5.92,0
8,NPRSP,-0.18000000000000002,0
9,RAWYQ,0.3599999999999999,0
10,SSMPL,2.7300000000000004,0
11,EKLG,4.7299999999999995,0
12,MKWR,3.3600000000000003,0
13,EYRG,4.92,0
14,DKPY,3.17,0
15,IRNR,7.3599999999999985,0
16,DAIL,9.790000000000001,0
17,VYE,5.389999999999998,0
18,SVL,0.5199999999999998,1
19,LKG,8.13,1
20,NKW,9.91,0
21,QVR,2.62,0
22,MTA,10.679999999999998,1
23,WKK,5.220000000000001,1
24,WKK,5.75,1
25,GIT,2.9400000000000004,0
26,SWR,3.5500000000000007,0
27,PTN,7.7200000000000015,0
28,KNP,5.600000000000001,1
29,RET,7.159999999999999,0
30,MMA,10.17,0
31,NCK,8.13,0
32,DDC,4.35,0
33,GMM,8.33,0
34,DRI,9.3,0
35,NMH,2.59,0
36,LK,6.59,1
37,AN,5.379999999999999,1
38,NC,-1.36,1
39,PP,8.350000000000001,0
40,IA,12.730000000000002,1
41,WK,2.839999999999998,1
42,IR,9.410000000000002,1
43,LM,9.350000000000001,0
44,RN,9.73,1
45,EK,7.889999999999999,1
46,EP,6.960000000000001,1
47,NK,8.48,1
48,WK,4.559999999999999,1
49,EP,1.31,1
50,EP,4.36,1
51,KW,9.17,1
52,LK,5.27,1
53,LK,6.7299999999999995,1
54,MK,7.310000000000001,1
55,RM,8.520000000000001,1
56,RT,5.719999999999999,1
57,IG,13.450000000000003,1
58,EK,6.9799999999999995,1
59,IT,2.83,1
60,PF,5.4700000000000015,0
61,GR,7.839999999999999,1
62,LK,4.319999999999999,1
63,LK,4.800000000000001,1
64,LD,7.84,1
65,DW,9.42,1
66,LD,7.1,1
67,SC,3.52,1
68,TM,7.049999999999999,1
69,HT,7.640000000000001,1
70,SD,3.940000000000001,1
71,GQ,7.629999999999998,1
72,EY,-0.030000000000000138,1
73,GM,3.9400000000000004,1
74,K,6.230000000000001,1
75,I,11.410000000000005,1
76,W,6.74,1
77,T,5.87,1
78,P,5.760000000000002,1
79,R,4.1,1
80,S,5.930000000000001,1
81,K,5.830000000000002,1
82,L,7.36,1
