,pattern,weight,status
0,WYSDVW,2.0500000000000007,0
1,EGFGCW,4.2200000000000015,0
2,GEHQRI,8.09,0
3,CPKLV,4.33,0
4,AGDIV,10.690000000000005,0
5,KMMVD,0.10000000000000014,0
6,LYFR,0.17000000000000023,0
7,GNLR,5.5600000000000005,1
8,KGLR,3.55,1
9,KLK,6.449999999999999,1
10,KIT,0.9100000000000001,1
11,GNL,5.42,1
12,EWD,7.359999999999999,1
13,EWD,5.49,1
14,KGL,5.65,1
15,EKI,7.980000000000001,1
16,KLK,5.75,1
17,KLK,0.8500000000000001,1
18,KD,0.72,1
19,QL,2.2499999999999996,1
20,PL,2.48,1
21,EW,3.490000000000001,1
22,KL,3.47,1
23,GI,7.750000000000003,1
24,RT,0.7600000000000002,1
25,AR,-0.3599999999999999,1
26,K,0.6500000000000004,1
27,R,0.4700000000000002,1
