,pattern,weight,status
0,LHWIKE,4.8100000000000005,0
1,KPSWW,3.1199999999999997,0
2,DHADL,-0.13000000000000012,0
3,HGLRF,4.559999999999999,0
4,HGLRF,4.159999999999998,0
5,HPWK,2.94,0
6,QSQH,5.36,0
7,EPKS,1.26,0
8,WAAS,5.5,0
9,RHIE,7.409999999999999,0
10,AKWN,9.86,0
11,EFSH,0.7799999999999998,0
12,WGTM,7.13,0
13,DLA,8.240000000000002,0
14,RGM,2.37,0
15,TVT,2.3699999999999997,0
16,MDL,6.739999999999999,0
17,QLI,10.35,0
18,RYM,7.200000000000001,0
19,DHA,8.67,0
20,EYS,8.42,0
21,RWW,6.59,0
22,IE,7.409999999999999,1
23,MD,6.739999999999999,0
24,RW,5.619999999999999,1
25,QI,10.35,1
26,DH,-1.25,1
27,DH,-1.25,1
28,WC,7.829999999999999,1
29,WC,7.319999999999999,1
30,CE,8.27,1
31,CE,8.27,1
32,KK,7.18,1
33,KK,7.35,1
34,GT,8.88,1
35,GT,9.770000000000001,1
36,WN,10.22,1
37,WN,9.83,1
38,FN,10.68,1
39,AI,8.840000000000002,1
40,TE,8.55,1
41,PM,6.299999999999999,1
42,PM,6.489999999999999,1
43,RY,7.200000000000001,1
44,ER,5.67,1
45,ER,5.91,1
46,DP,2.08,1
47,DP,2.08,1
48,KP,6.65,1
49,KP,6.2700000000000005,1
50,DH,8.67,1
51,YS,8.43,1
52,AP,-0.029999999999999694,1
53,AP,0.4900000000000003,1
54,RH,5.33,1
55,GD,3.24,1
56,SE,7.16,1
57,YT,5.889999999999999,1
58,PT,2.48,1
59,W,9.86,1
60,E,8.020000000000001,1
61,F,11.139999999999999,1
62,A,9.070000000000002,1
63,F,7.2299999999999995,1
64,Y,5.889999999999999,1
65,A,6.330000000000002,1
66,A,6.4300000000000015,1
67,D,7.41,1
68,D,7.41,1
69,H,5.33,1
70,Y,6.12,1
71,Q,3.960000000000001,1
72,Q,3.0100000000000007,1
73,T,5.669999999999999,1
74,T,5.669999999999999,1
75,C,6.42,1
76,H,9.580000000000002,1
77,H,9.580000000000002,1
78,Y,7.14,1
79,Y,6.77,1
80,G,5.0,1
81,G,4.44,1
82,G,3.64,1
83,E,6.89,1
84,S,7.0699999999999985,1
85,S,6.439999999999999,1
86,Y,6.390000000000001,1
87,Y,6.390000000000001,1
88,D,11.14,1
89,N,10.67,1
90,N,10.67,1
91,V,9.73,1
92,V,9.73,1
