,pattern,weight,status
0,QSWNFK,4.6,0
1,IPGSEI,4.83,0
2,PAQMEM,9.110000000000001,0
3,GHFPDV,1.9200000000000002,0
4,APIHM,3.85,0
5,DNHEI,13.160000000000002,0
6,ENHEY,3.11,0
7,LPIPR,6.6899999999999995,0
8,MSLL,7.65,0
9,DCFM,4.359999999999999,0
10,FKKI,3.0599999999999996,0
11,QMGD,0.7300000000000001,0
12,ENMT,-0.15000000000000013,0
13,QAGV,0.6699999999999999,0
14,TGHP,9.58,0
15,VLDG,4.480000000000001,0
16,LCL,0.8400000000000001,0
17,QSN,1.98,1
18,NNI,2.7,0
19,RLL,4.040000000000001,1
20,MY,8.940000000000001,0
21,PG,6.8100000000000005,1
22,PW,8.82,1
23,LG,5.2,1
24,LR,5.3,1
25,WN,2.6500000000000004,1
26,WW,9.950000000000003,1
27,N,0.54,1
28,F,4.94,1
29,A,8.420000000000002,1
30,H,8.76,1
31,A,9.54,1
32,Y,4.960000000000002,1
33,Y,4.620000000000001,1
34,H,2.4400000000000004,1
35,N,6.589999999999999,1
36,G,-3.2,1
37,E,3.779999999999999,1
38,F,4.229999999999998,1
39,V,7.6899999999999995,1
40,S,4.040000000000001,1
41,G,9.44,1
42,T,5.320000000000001,1
43,E,5.109999999999999,1
44,N,2.96,1
45,D,10.970000000000002,1
46,Y,10.23,1
