,pattern,weight,status
0,TMTTAT,3.589999999999998,0
1,NEREP,4.46,0
2,RCDAP,2.9,0
3,WQPLK,8.670000000000002,0
4,ENQDG,1.5699999999999998,0
5,TLYEK,5.62,0
6,KSSQG,4.47,0
7,SSWP,9.51,0
8,NNIK,3.2600000000000002,0
9,IREK,-1.7899999999999996,0
10,TNNN,3.1900000000000004,0
11,WIWC,1.9499999999999997,0
12,QDPI,2.56,0
13,VMFK,4.24,0
14,TKR,4.109999999999999,1
15,GDP,-0.29000000000000004,0
16,LHY,10.26,0
17,YPG,3.7699999999999996,0
18,MKG,9.190000000000001,1
19,MKE,7.400000000000001,0
20,SQE,1.6900000000000002,0
21,ASH,4.010000000000001,0
22,QYW,1.9400000000000004,0
23,CYI,3.9399999999999995,0
24,APY,11.4,0
25,LDK,5.999999999999998,1
26,QGI,0.3099999999999999,0
27,DTW,11.78,0
28,EK,2.0399999999999996,1
29,EK,6.839999999999998,1
30,NK,2.3000000000000007,1
31,EV,-1.2499999999999996,1
32,QG,1.8699999999999997,1
33,NR,4.749999999999999,1
34,NN,3.25,1
35,TR,6.449999999999999,1
36,DW,10.819999999999999,1
37,SW,9.94,1
38,SW,8.800000000000002,1
39,PG,3.1399999999999997,1
40,TE,-2.07,1
41,PL,9.470000000000002,1
42,PL,10.070000000000002,1
43,MK,7.020000000000001,1
44,DW,12.04,1
45,LK,5.6899999999999995,1
46,LK,6.4799999999999995,1
47,LK,6.96,1
48,AL,4.840000000000001,1
49,LK,7.150000000000001,1
50,LK,7.459999999999998,1
51,LK,6.029999999999998,1
52,QW,9.780000000000001,1
53,RW,8.98,1
54,EG,7.369999999999999,1
55,PI,2.13,1
56,TI,6.279999999999999,1
57,QW,0.5399999999999998,1
58,EM,0.5900000000000001,0
59,I,1.7899999999999996,1
60,W,1.4,1
61,P,1.6599999999999997,1
62,R,0.5,1
63,I,7.119999999999999,1
64,S,8.680000000000001,1
65,L,5.719999999999999,1
66,G,2.6399999999999997,1
67,G,2.51,1
68,E,6.18,1
69,I,8.919999999999998,1
70,R,4.7299999999999995,1
71,T,3.65,1
72,K,5.420000000000001,1
73,K,4.410000000000001,1
74,Q,1.01,1
