,pattern,weight,status
0,VIRYVV,0.7800000000000004,1
1,VIRYVV,-1.3299999999999992,1
2,VIRYVV,3.1700000000000004,1
3,KVRVVN,3.4300000000000006,0
4,VRYVSF,-1.3099999999999985,0
5,VRDFVS,3.540000000000001,0
6,VSQMWV,1.400000000000001,0
7,PVGIVT,2.8300000000000005,0
8,VREYVT,-0.859999999999999,0
9,VIRFVV,-1.2599999999999991,0
10,KIARVL,5.180000000000001,0
11,NVDKGC,6.83,0
12,MATCWP,2.68,0
13,IRTVEG,3.0600000000000014,0
14,VWIYVV,2.2600000000000007,0
15,ARYVV,-0.09999999999999931,0
16,KVYAV,0.21000000000000082,0
17,IYRVA,-0.919999999999999,0
18,RNDDV,2.2000000000000006,0
19,KQRDY,4.920000000000002,0
20,VAIIV,-3.209999999999999,0
21,CNNMD,6.91,0
22,CGFVL,-0.8,0
23,FSYNV,1.6400000000000001,0
24,IAYNV,-1.199999999999999,0
25,SFEWP,5.130000000000001,0
26,VILRV,1.1400000000000012,0
27,VIYVV,-3.909999999999999,0
28,IRYVV,4.370000000000001,1
29,VRYVP,3.5800000000000005,0
30,VTRYV,-1.8699999999999992,0
31,VIRYV,0.33000000000000085,1
32,IRYEV,3.0400000000000005,0
33,RMSCH,-0.89,0
34,QEACD,9.219999999999999,0
35,HYVVV,-1.4599999999999993,0
36,NGHVP,4.75,0
37,VNIV,-4.37,0
38,IVVR,0.41000000000000114,0
39,IYVV,3.790000000000001,0
40,RYVV,0.960000000000001,1
41,IRYV,0.9000000000000008,1
42,VWIY,0.49000000000000055,0
43,DVWV,1.2800000000000005,0
44,KGEV,9.560000000000002,0
45,TSCN,5.179999999999999,0
46,PYV,-0.779999999999999,0
47,VDP,5.44,0
48,IGY,-1.2999999999999992,0
49,QRG,7.5799999999999965,0
50,VDY,7.7700000000000005,0
51,RYV,2.390000000000001,1
52,NAW,1.9899999999999998,0
53,IRY,-0.7099999999999993,1
54,VVV,0.9600000000000006,0
55,VRV,4.310000000000001,1
56,RE,4.42,1
57,PK,15.610000000000001,1
58,RW,7.35,1
59,VV,2.500000000000001,1
60,NP,7.530000000000001,1
61,SY,7.27,1
62,KG,5.72,1
63,SY,5.029999999999998,1
64,DR,13.0,1
65,GL,3.13,1
66,VI,8.129999999999999,1
67,D,1.539999999999999,1
68,V,-0.7199999999999992,1
69,V,1.9400000000000008,1
70,V,4.17,1
71,Y,9.089999999999998,1
72,G,6.900000000000001,1
73,F,10.869999999999997,1
74,F,11.539999999999997,1
75,Y,8.509999999999998,1
76,H,11.430000000000003,1
77,T,5.38,1
78,T,3.5599999999999996,1
79,D,15.87,1
80,H,10.55,1
81,Y,8.249999999999998,1
82,Y,7.759999999999998,1
83,V,7.23,1
84,N,7.080000000000001,1
85,N,7.580000000000001,1
86,S,7.6000000000000005,1
87,Y,10.94,1
88,E,9.5,1
