,pattern,weight,status
0,PATWS,2.2499999999999996,0
1,NFFNT,1.21,0
2,MKQKW,2.9499999999999997,0
3,NRASW,1.1099999999999997,0
4,NYPP,6.75,0
5,TTQK,3.2800000000000002,0
6,TTQW,4.1499999999999995,0
7,LYP,10.209999999999999,0
8,MQW,2.4,1
9,FNF,3.9899999999999998,0
10,MQW,2.4,1
11,ELT,4.45,0
12,VSH,4.59,0
13,PPY,9.569999999999999,0
14,IHT,10.18,0
15,NPA,6.449999999999999,0
16,NHP,5.3,0
17,PYC,9.12,0
18,VIW,7.880000000000001,0
19,ENV,5.67,0
20,PMV,10.909999999999998,1
21,AHF,3.8899999999999997,0
22,ATN,1.38,0
23,SNP,2.13,1
24,GWL,3.79,0
25,MD,1.34,0
26,PM,10.209999999999999,1
27,IT,10.33,1
28,IN,4.6499999999999995,1
29,IN,4.75,1
30,IT,10.35,1
31,AN,0.6999999999999997,1
32,IN,4.52,1
33,NS,2.53,1
34,PD,6.470000000000001,1
35,DN,7.04,1
36,ET,2.7699999999999996,1
37,ET,3.58,1
38,ET,2.2399999999999998,1
39,NP,7.3599999999999985,1
40,VW,8.060000000000002,1
41,NP,5.63,1
42,KG,3.61,1
43,ER,7.790000000000001,1
44,VL,5.210000000000001,1
45,KG,4.55,1
46,TT,4.03,1
47,ER,7.050000000000001,1
48,KD,5.800000000000001,1
49,ER,6.360000000000001,1
50,VL,4.340000000000001,1
51,VL,4.370000000000001,1
52,HW,7.0699999999999985,1
53,TD,4.640000000000001,1
54,SN,2.53,1
55,AN,8.89,1
56,TF,7.6499999999999995,0
57,CL,4.869999999999999,1
58,I,0.8699999999999998,1
59,G,2.9099999999999997,1
60,C,5.38,1
61,H,7.809999999999999,1
62,N,7.5200000000000005,1
63,E,2.1099999999999994,1
64,E,5.199999999999999,1
65,G,2.7,1
66,S,4.509999999999999,1
67,N,6.429999999999999,1
68,D,4.979999999999999,1
69,D,5.0600000000000005,1
70,A,3.55,1
71,H,5.089999999999999,1
72,Y,10.57,1
73,Y,4.789999999999999,1
74,Y,8.7,1
75,F,7.6499999999999995,1
76,E,2.1799999999999993,1
77,F,5.7,1
78,Q,5.499999999999999,1
79,V,3.82,1
80,V,3.52,1
81,S,4.049999999999999,1
82,D,5.139999999999999,1
83,H,8.589999999999998,1
84,Y,11.780000000000001,1
85,T,4.17,1
