,pattern,weight,status
0,TITYR,9.88,0
1,WKLKM,1.9899999999999995,0
2,GGKFG,2.72,0
3,GGKGF,2.85,0
4,GGKGC,3.8400000000000003,0
5,KEKS,3.7899999999999996,0
6,AKSS,5.360000000000001,1
7,AKSS,5.050000000000002,0
8,TTTR,10.349999999999998,1
9,TTTR,9.439999999999998,0
10,KSSS,3.6099999999999994,1
11,KSSS,2.1399999999999992,0
12,KSKS,4.779999999999999,1
13,AMLY,-1.3200000000000003,0
14,MRGT,7.770000000000003,0
15,SNRS,7.020000000000001,0
16,RRH,6.500000000000001,0
17,KSS,3.5199999999999996,1
18,GGG,3.0999999999999996,1
19,TTR,8.95,1
20,TTR,8.09,0
21,KSS,4.9799999999999995,0
22,TRT,7.950000000000003,1
23,TRT,7.270000000000002,0
24,RRR,7.360000000000001,1
25,RRP,7.590000000000002,0
26,ALY,-1.3000000000000003,1
27,AKS,7.29,1
28,GKG,3.5800000000000005,1
29,GKG,3.5800000000000005,0
30,KGG,3.92,1
31,RGS,10.850000000000001,0
32,SSK,8.600000000000001,0
33,GGS,3.6699999999999995,0
34,CAQ,2.7699999999999996,0
35,TQR,7.67,0
36,KQT,6.069999999999999,0
37,HKW,8.21,0
38,QTF,6.089999999999999,0
39,SS,3.4499999999999993,1
40,TR,8.25,1
41,KS,6.76,1
42,GG,3.0999999999999996,1
43,RR,7.360000000000001,1
44,KM,2.7399999999999993,0
45,AY,-1.3000000000000003,0
46,GH,3.5100000000000007,0
47,GG,3.3599999999999994,0
48,AK,6.9399999999999995,1
49,KK,2.8200000000000003,1
50,KK,3.2600000000000002,0
51,GG,2.65,0
52,SS,3.3599999999999994,0
53,SS,3.2299999999999995,0
54,GK,2.2200000000000006,1
55,GK,2.2200000000000006,0
56,GK,2.2200000000000006,0
57,TR,8.15,0
58,AL,0.17999999999999972,1
59,SK,8.670000000000002,0
60,HR,1.3599999999999999,1
61,HR,1.72,0
62,KT,5.009999999999999,1
63,HK,7.960000000000001,1
64,HK,9.200000000000001,0
65,TT,2.93,1
66,TT,2.2300000000000004,0
67,CQ,11.339999999999998,1
68,CQ,9.779999999999998,0
69,QT,6.089999999999999,1
70,RG,11.040000000000001,1
71,RG,11.69,0
72,RS,7.020000000000001,1
73,RF,5.51,0
74,MR,6.070000000000001,0
75,GV,4.780000000000001,0
76,HD,1.9200000000000004,0
77,K,7.64,1
78,K,5.83,0
79,P,8.85,1
80,P,9.81,0
81,L,-0.17000000000000026,0
82,R,7.020000000000001,1
83,T,2.6,1
84,T,2.6,0
85,S,4.109999999999999,1
86,S,3.5099999999999993,0
87,A,2.559999999999999,1
88,A,2.559999999999999,0
89,G,5.720000000000001,1
90,C,7.969999999999999,1
91,C,8.29,0
92,M,5.79,1
93,R,5.33,0
94,H,1.3100000000000003,1
