,pattern,weight,status
0,ALKSEVCSW,1.68,0
1,LTATRT,5.929999999999999,0
2,SAKSSQ,7.390000000000001,0
3,AKSSQ,8.72,1
4,TTTSR,10.08,0
5,GGNKG,4.45,0
6,RGQFK,7.259999999999999,0
7,SSMSS,5.910000000000001,0
8,KHSSS,6.360000000000001,0
9,SSSS,5.550000000000001,1
10,KSSS,6.360000000000001,1
11,TTTR,9.43,1
12,RGQK,7.669999999999999,0
13,RRRN,10.62,0
14,TFTR,8.02,0
15,GGKW,3.8099999999999996,0
16,RHHK,5.77,0
17,KTDT,1.72,0
18,QTLT,3.2100000000000004,0
19,GKG,4.07,1
20,GKG,4.45,0
21,KSS,6.360000000000001,1
22,SPS,6.9799999999999995,0
23,RRR,10.62,1
24,TTR,8.18,1
25,GGK,5.489999999999999,1
26,RRR,9.5,0
27,TRT,7.689999999999999,1
28,TRT,6.159999999999998,0
29,AKS,7.700000000000001,1
30,GGG,6.210000000000001,1
31,KTT,1.5899999999999999,1
32,GKG,4.98,0
33,AGG,6.449999999999999,0
34,HDR,3.9400000000000013,0
35,VKT,5.790000000000003,0
36,TLT,2.14,0
37,PAS,8.030000000000001,0
38,KS,9.45,1
39,HM,4.44,0
40,SK,6.31,0
41,SK,6.39,0
42,SK,6.71,0
43,TR,7.579999999999998,1
44,TR,7.579999999999998,0
45,GK,0.6899999999999994,1
46,GK,1.8599999999999994,0
47,KT,5.790000000000003,1
48,KA,4.949999999999999,1
49,KA,5.739999999999999,0
50,TT,3.35,1
51,QC,8.12,1
52,RG,8.679999999999998,1
53,RG,6.629999999999999,0
54,SR,6.93,1
55,HR,1.7500000000000007,1
56,QT,3.2100000000000004,1
57,HK,5.930000000000001,1
58,AS,6.78,0
59,GE,4.29,0
60,RW,9.170000000000002,0
61,PK,5.74,1
62,CC,6.92,0
63,CP,8.9,0
64,PK,7.489999999999999,0
65,R,7.99,1
66,G,5.02,1
67,H,4.29,1
68,H,6.86,0
69,R,8.940000000000001,0
70,Q,3.95,1
71,M,6.170000000000001,1
72,M,4.73,0
73,D,2.8500000000000014,1
74,D,2.8500000000000014,0
75,H,2.9900000000000007,0
76,K,7.489999999999999,1
77,R,9.290000000000001,0
78,T,3.1199999999999997,1
79,P,5.74,1
80,S,5.25,1
81,S,5.69,0
82,C,7.78,1
83,G,4.49,0
