,pattern,weight,status
0,AKSSQKRTK,8.709999999999999,1
1,SSKSSKSSK,3.1799999999999957,1
2,SDSSSDSSS,3.4700000000000015,1
3,SDSSSDSSS,3.4700000000000015,0
4,SKSKSKSKS,6.35,1
5,SKSKSKSKS,4.2299999999999995,0
6,TTTTTTTTT,-1.04,1
7,TTTTTTTTT,-0.28,0
8,TRTTTRTTT,7.239999999999998,1
9,TTTTTGNT,-2.84,0
10,AKSSKRTK,8.709999999999999,0
11,SVSDSLSS,-0.1399999999999996,0
12,SSKSSKSK,3.2699999999999956,0
13,TTTTTTTT,0.6399999999999998,1
14,TTTTTTTT,0.8999999999999998,0
15,RTTTRTTT,7.6599999999999975,1
16,SSSKSSSK,3.710000000000001,1
17,SSSKSSSK,4.23,0
18,AKSSQKRT,5.220000000000001,1
19,TDDTTTTT,0.48999999999999827,0
20,AKSSQSKR,5.77,0
21,TMDTTTTT,0.7399999999999982,0
22,TCDTTTTT,0.48999999999999827,0
23,TRTTTRT,7.009999999999998,0
24,TDTTTTT,-0.6100000000000017,1
25,TTDTTTT,-3.3800000000000017,0
26,RTTRTTT,7.959999999999998,0
27,AKSSQKR,5.220000000000001,1
28,AKSSQKR,5.77,0
29,SSSDSSS,-1.9599999999999995,1
30,SSSDSSS,-1.9599999999999995,0
31,KSKSKDA,3.4499999999999997,0
32,KSKSKS,3.9,1
33,SSKSSS,5.279999999999999,1
34,SSKSSS,6.09,0
35,KSKSRK,4.22,0
36,TTTTT,1.8699999999999999,1
37,TTRTT,5.889999999999999,1
38,TTRTT,5.889999999999999,0
39,SMSSS,4.119999999999999,0
40,SSSES,4.05,0
41,TTTT,2.15,1
42,SSSS,4.119999999999999,1
43,TTTT,0.5299999999999997,0
44,TTTT,0.2699999999999997,0
45,SKSS,4.85,1
46,SKSS,3.8899999999999992,0
47,TTTT,2.6199999999999997,0
48,TRTT,6.539999999999999,1
49,TRTT,7.819999999999999,0
50,TRTR,8.38,1
51,TRTR,7.660000000000001,0
52,SHKD,5.1899999999999995,0
53,MRS,7.290000000000001,0
54,TID,4.089999999999999,0
55,TTY,3.449999999999999,0
56,EPT,3.110000000000001,0
57,GRR,12.850000000000001,0
58,GRC,7.759999999999999,0
59,TDE,4.089999999999999,0
60,HK,5.1899999999999995,1
61,TT,3.449999999999999,1
62,GG,5.920000000000001,1
63,ET,3.110000000000001,1
64,TR,10.250000000000002,1
65,TR,8.590000000000002,0
66,RR,11.98,1
67,QC,8.269999999999998,1
68,QC,7.779999999999998,0
69,KT,4.419999999999998,1
70,KT,4.429999999999998,0
71,RS,7.510000000000001,1
72,GR,7.759999999999999,1
73,NM,3.23,1
74,NM,3.23,0
75,LM,1.7300000000000015,0
76,GE,5.999999999999999,0
77,DI,-0.5700000000000004,0
78,G,6.670000000000001,1
79,C,8.619999999999997,1
80,E,3.1700000000000013,1
81,R,7.6000000000000005,1
82,M,3.1000000000000014,1
83,Q,4.790000000000001,1
84,Q,5.340000000000001,0
85,K,9.049999999999999,1
86,K,9.049999999999999,0
87,I,-0.5700000000000004,1
88,H,5.379999999999999,1
89,S,5.079999999999998,1
90,S,4.379999999999998,0
91,P,7.459999999999998,1
92,D,4.329999999999999,1
