,pattern,weight,status
0,TTETTETTE,-1.2100000000000006,1
1,TTTTTETTT,-1.7000000000000015,1
2,TTTTTETTT,-1.7000000000000015,0
3,TTETKTETT,0.08999999999999941,0
4,TETTCETTE,-1.7100000000000006,0
5,TTLETTETT,0.6099999999999994,0
6,STTTTTDY,2.6499999999999986,0
7,TRTHTRTT,6.630000000000001,0
8,TDTTTTT,-1.4300000000000008,1
9,TETTETT,-1.0100000000000007,1
10,TRTTRTT,6.040000000000001,1
11,TRTTRTT,6.040000000000001,0
12,QTTWTTN,-1.1400000000000008,0
13,TDTTWTT,-1.910000000000001,0
14,GTTTRTT,13.490000000000006,0
15,TETTET,-0.8700000000000006,0
16,TDTTTT,-1.1700000000000008,0
17,RTTRTT,7.310000000000001,1
18,RTTRTT,7.310000000000001,0
19,RTTRTT,7.310000000000001,0
20,TTETTT,-0.04000000000000059,1
21,TTETTT,-0.010000000000000675,0
22,TTETTT,1.5199999999999994,0
23,TTTRTT,12.660000000000005,1
24,TTTTTM,0.919999999999999,0
25,TTTTGT,2.8299999999999987,0
26,TTTTT,1.169999999999999,1
27,HSPAK,9.0,0
28,TTET,-2.0200000000000014,1
29,TTET,-1.5300000000000011,0
30,TTTT,2.969999999999999,1
31,TTTK,0.7699999999999991,1
32,TTTK,0.37999999999999917,0
33,TLMT,3.8099999999999996,0
34,SKAE,12.260000000000002,0
35,TET,0.16999999999999882,1
36,TET,-0.7900000000000011,0
37,SKA,12.260000000000002,1
38,TRT,7.050000000000002,1
39,RRR,5.18,1
40,STR,8.309999999999999,0
41,TTE,5.35,1
42,TTE,4.76,0
43,TYT,-0.5300000000000008,0
44,HRP,6.760000000000001,0
45,SKE,8.150000000000002,0
46,SI,5.420000000000002,0
47,ET,-1.000000000000001,1
48,RR,5.8999999999999995,1
49,RR,5.01,0
50,RT,7.840000000000002,1
51,TE,-0.7900000000000011,0
52,KA,13.040000000000001,1
53,KA,12.21,0
54,RR,5.05,0
55,RR,5.77,0
56,TT,0.41999999999999915,1
57,TT,0.36999999999999916,0
58,TT,0.41999999999999915,0
59,KT,3.2799999999999994,1
60,HR,5.870000000000001,1
61,HR,6.810000000000001,0
62,SK,8.4,1
63,SK,8.4,0
64,SS,5.880000000000002,1
65,SS,7.210000000000001,0
66,HK,10.530000000000001,1
67,HK,10.38,0
68,RG,8.439999999999996,1
69,TR,8.909999999999998,0
70,TR,8.909999999999998,0
71,GG,3.55,1
72,GG,2.89,0
73,CQ,12.620000000000001,1
74,CQ,12.620000000000001,0
75,QT,3.339999999999998,1
76,QT,2.919999999999998,0
77,PD,8.88,0
78,RS,5.320000000000002,1
79,KP,10.100000000000003,1
80,GY,7.94,0
81,ST,5.420000000000002,0
82,E,-0.7900000000000011,1
83,S,5.9300000000000015,1
84,G,8.749999999999996,1
85,K,9.59,1
86,Q,2.339999999999998,1
87,T,2.9799999999999995,1
88,T,3.4399999999999995,0
89,R,8.639999999999997,1
90,C,10.780000000000003,1
91,C,11.740000000000002,0
92,G,7.94,0
