,pattern,weight,status
0,TTWTRTT,6.619999999999998,0
1,TTTRTTT,5.449999999999999,1
2,TTTRTTT,6.209999999999999,0
3,TTEQDTT,5.45,0
4,CTRTRT,8.64,0
5,GKIEIA,7.390000000000001,0
6,SVVESS,9.229999999999999,0
7,TIRTRK,9.180000000000001,0
8,TTRTT,5.439999999999999,1
9,TTRTT,5.539999999999998,0
10,SKSKS,4.419999999999999,1
11,TTDTT,4.27,1
12,TTIET,5.409999999999999,0
13,RTTGT,8.450000000000001,0
14,SKSSD,4.409999999999999,0
15,NSHSK,4.909999999999999,0
16,SFSKS,5.199999999999999,0
17,TRTQ,6.06,0
18,RTRT,8.660000000000002,1
19,SKSS,4.409999999999999,1
20,RTTT,7.8100000000000005,1
21,GRGR,4.010000000000001,1
22,TLTT,5.17,0
23,SKSK,3.8399999999999994,1
24,TTTT,4.41,1
25,TTTT,4.040000000000001,0
26,TRTP,6.400000000000002,0
27,TTRT,5.410000000000002,1
28,TCRT,9.31,0
29,MGRG,8.280000000000001,0
30,ERRR,12.84,0
31,TQRR,10.06,0
32,VATY,3.64,0
33,PKPL,7.18,0
34,QASR,8.17,0
35,TTT,3.4699999999999998,1
36,TTT,2.0899999999999994,0
37,ART,8.660000000000002,0
38,TTE,4.93,1
39,RGR,4.020000000000001,0
40,TET,3.709999999999999,1
41,TTT,2.9499999999999993,0
42,GRG,6.300000000000001,1
43,RRR,14.44,1
44,TRD,9.219999999999999,0
45,TRD,9.12,0
46,PRA,7.320000000000001,0
47,TFK,1.8099999999999996,0
48,VK,3.2399999999999998,0
49,TK,2.78,1
50,GG,6.550000000000001,1
51,GG,6.090000000000001,0
52,KA,8.090000000000002,1
53,KA,7.6800000000000015,0
54,TR,9.870000000000001,1
55,SR,8.17,1
56,PK,5.819999999999999,1
57,CQ,10.510000000000003,1
58,CQ,10.060000000000004,0
59,CQ,9.980000000000004,0
60,PY,1.64,0
61,PT,1.0299999999999998,0
62,GM,6.49,0
63,HK,4.770000000000001,1
64,PT,-0.28,0
65,G,5.570000000000001,1
66,P,5.34,1
67,H,5.6,1
68,W,7.41,0
69,F,2.27,0
70,A,8.15,1
71,C,10.310000000000002,1
72,G,6.660000000000001,0
73,H,4.790000000000002,0
74,R,7.900000000000001,1
75,Q,3.5799999999999996,1
76,T,0.8999999999999999,1
77,M,5.26,1
78,S,8.030000000000001,1
79,K,10.120000000000001,1
80,P,4.31,0
