,pattern,weight,status
0,TTTETTTTT,-0.7600000000000007,1
1,TTTETTTTT,0.059999999999999276,0
2,TTTETTTTT,-0.7600000000000007,0
3,TTTTTTTTT,1.0099999999999993,1
4,TTTTTTTTT,1.0099999999999993,0
5,KTTTTTKTT,3.5699999999999994,1
6,KTTTTTKTT,3.5699999999999994,0
7,RTTRTTRTT,6.789999999999999,1
8,KTTKTTKTT,2.51,1
9,RTTTLRTTT,9.28,0
10,RTRTTRTT,6.789999999999999,0
11,KTTKTTTT,2.78,0
12,KTTTTKTT,2.51,0
13,RTTTTRTT,7.029999999999999,0
14,TTTTTTTT,0.7399999999999993,1
15,TTTTTTTT,0.4699999999999993,0
16,RTTTRTTT,8.59,1
17,TTRTRTRT,7.419999999999996,0
18,RRRRRRR,4.979999999999999,1
19,RRRRRRR,4.269999999999999,0
20,TRTRTRT,7.419999999999996,1
21,HKTKITK,2.7799999999999994,0
22,TTVRTTT,8.01,0
23,TTTTTT,-2.1000000000000005,1
24,TTTTTT,-2.4900000000000007,0
25,TTRTTT,8.299999999999999,1
26,RTTRTT,9.479999999999997,1
27,TTTTCT,1.9499999999999997,0
28,ETTTET,0.41999999999999993,0
29,KTTMTK,3.0899999999999985,0
30,RTTRT,9.479999999999997,0
31,TTTTT,1.9499999999999997,1
32,TTTET,1.13,1
33,KTTTK,3.5899999999999985,1
34,KTTTK,3.2399999999999984,0
35,CPYQG,5.84,0
36,TWTFT,1.41,0
37,TTTTG,1.5599999999999998,0
38,MFSSW,5.86,0
39,TTTT,1.5599999999999998,1
40,TET,1.13,1
41,AKS,17.15,1
42,AKS,16.61,0
43,AKS,15.21,0
44,PCQ,6.389999999999999,1
45,PCQ,6.719999999999999,0
46,PCQ,6.959999999999999,0
47,PCQ,6.959999999999999,0
48,HMG,7.41,0
49,CHK,14.65,0
50,CHQ,4.609999999999999,0
51,ATQ,5.509999999999999,0
52,HS,16.81,0
53,KS,15.129999999999997,1
54,KS,15.529999999999998,0
55,HK,14.67,1
56,HK,14.67,0
57,CQ,4.609999999999999,1
58,GR,8.799999999999999,1
59,GR,7.489999999999998,0
60,RR,6.61,1
61,RR,7.5,0
62,RT,6.869999999999999,1
63,RT,7.129999999999999,0
64,RH,6.770000000000001,1
65,RH,6.160000000000001,0
66,SS,6.840000000000001,1
67,SS,6.840000000000001,0
68,SS,7.820000000000001,0
69,TQ,4.719999999999999,1
70,TQ,5.499999999999999,0
71,RS,8.909999999999997,1
72,RS,8.789999999999997,0
73,PD,2.6300000000000017,0
74,HR,5.86,0
75,SR,8.639999999999999,0
76,C,9.349999999999996,1
77,C,9.109999999999996,0
78,R,9.7,1
79,R,10.489999999999998,0
80,K,10.460000000000004,1
81,K,11.340000000000005,0
82,K,10.460000000000004,0
83,A,2.2899999999999983,1
84,A,3.589999999999998,0
85,A,2.4999999999999982,0
86,G,9.37,1
87,Q,2.4899999999999984,1
88,Q,2.4899999999999984,0
89,Q,1.5599999999999983,0
90,T,2.600000000000002,1
91,S,3.2499999999999996,1
92,D,2.3400000000000016,1
93,P,11.519999999999998,1
94,P,11.519999999999998,0
