,pattern,weight,status
0,TTTRTTT,5.22,1
1,TTTRTTT,5.3,0
2,QEPKEVL,10.78,0
3,TTRTTT,6.069999999999999,1
4,TTRTTT,6.069999999999999,0
5,TTTTTT,-0.12999999999999992,1
6,TTTTTT,0.10000000000000009,0
7,TTTTKV,0.7699999999999995,0
8,TTTTKV,0.7699999999999995,0
9,TTACTY,0.15999999999999953,0
10,TTACTY,0.15999999999999953,0
11,TTNTTT,0.7100000000000001,0
12,RRRIHR,2.6899999999999995,0
13,TTTTT,0.7100000000000001,1
14,TTRTT,3.409999999999999,1
15,TTRTT,3.409999999999999,0
16,TTTTK,-0.21000000000000055,1
17,TTTTK,-0.21000000000000055,0
18,DTDMT,0.3699999999999999,0
19,TTRT,5.729999999999999,1
20,TTRT,4.969999999999999,0
21,TTTT,1.6499999999999995,1
22,TTTT,0.9499999999999995,0
23,TTTT,1.1999999999999995,0
24,TTTK,0.8399999999999994,1
25,RRRR,2.6899999999999995,1
26,RRRR,2.6899999999999995,0
27,RRCR,1.7899999999999996,0
28,MARA,4.53,0
29,TTK,0.8399999999999994,1
30,DTD,0.3699999999999999,0
31,TTK,0.6299999999999994,0
32,TTK,0.30999999999999944,0
33,DTD,0.2599999999999999,0
34,TRT,5.61,1
35,TRT,6.45,0
36,RRR,1.9499999999999995,1
37,RRR,1.9499999999999995,0
38,SKS,5.040000000000001,1
39,SKS,4.160000000000001,0
40,KSS,5.990000000000001,1
41,KSS,5.060000000000001,0
42,KVP,5.16,0
43,KPS,5.770000000000001,0
44,TPT,5.41,0
45,RLS,8.390000000000002,0
46,RSG,7.97,0
47,HRD,5.74,0
48,RR,9.879999999999999,1
49,RR,10.03,0
50,KK,5.69,1
51,KK,5.36,0
52,KS,5.770000000000001,1
53,KP,5.43,1
54,TT,4.54,1
55,SS,5.450000000000001,1
56,SS,5.450000000000001,0
57,RS,7.820000000000002,1
58,KA,9.370000000000003,1
59,KA,9.370000000000003,0
60,SS,5.970000000000001,0
61,GG,5.549999999999997,1
62,GG,5.549999999999997,0
63,RS,7.820000000000002,0
64,KH,10.710000000000003,1
65,KH,10.710000000000003,0
66,TK,7.149999999999999,1
67,TK,7.149999999999999,0
68,RH,5.75,1
69,RH,6.28,0
70,QC,6.550000000000002,1
71,QC,6.550000000000002,0
72,RT,12.019999999999996,1
73,RT,11.649999999999997,0
74,RH,5.68,0
75,RG,7.97,1
76,RD,5.74,1
77,LP,6.59,0
78,MA,6.930000000000001,0
79,P,5.84,1
80,T,0.3499999999999994,1
81,T,0.3499999999999994,0
82,G,6.839999999999997,1
83,G,6.839999999999997,0
84,Q,5.870000000000001,1
85,Q,5.870000000000001,0
86,K,4.970000000000001,1
87,K,4.970000000000001,0
88,R,5.33,1
89,R,5.33,0
90,S,4.610000000000001,1
91,S,4.610000000000001,0
92,P,6.59,0
93,T,-0.0500000000000006,0
94,A,7.710000000000001,1
95,C,8.090000000000002,1
96,G,6.839999999999997,0
97,M,5.860000000000001,1
98,M,4.960000000000001,0
