,pattern,weight,status
0,RRRRRRDDR,3.479999999999999,0
1,RRRRSRRR,3.559999999999999,0
2,TTTRTTTT,2.619999999999999,0
3,RRRRRRR,3.979999999999999,1
4,RRRRRRR,3.559999999999999,0
5,TTTRTTT,2.5099999999999993,1
6,TTTRTTN,2.499999999999999,0
7,IAKSSQC,8.66,0
8,TTRTTT,4.239999999999999,1
9,TTTRTT,2.7599999999999993,0
10,TETTRT,3.4499999999999993,0
11,TRTCRT,5.059999999999999,0
12,WTTTTR,4.519999999999998,0
13,AKSSES,10.11,0
14,TTTRT,2.7599999999999993,1
15,TTRTT,2.1499999999999995,1
16,TTRTT,2.7599999999999993,0
17,GKGGG,7.409999999999999,1
18,AKSSQ,7.3,1
19,TTYRT,4.56,0
20,KGKPG,4.459999999999998,0
21,RRRRI,3.65,0
22,QTRRT,5.8599999999999985,0
23,GEKAG,8.059999999999999,0
24,GTGG,7.739999999999999,0
25,RTRT,5.059999999999999,1
26,TTDT,1.0499999999999994,1
27,TTDT,1.5499999999999994,0
28,TTDT,0.6199999999999993,0
29,TTTR,5.179999999999998,1
30,TTTR,4.239999999999998,0
31,RRRR,2.5599999999999996,1
32,KGKG,4.969999999999999,1
33,TTRT,4.56,1
34,TTTT,3.609999999999997,1
35,TTTT,5.399999999999998,0
36,GKGG,8.37,1
37,AKSS,9.66,1
38,NTTR,5.809999999999999,0
39,TRTG,4.55,0
40,GQTR,9.369999999999997,0
41,GTRT,3.7299999999999995,0
42,QECQ,2.379999999999999,0
43,TTDA,1.5799999999999992,0
44,RRP,6.26,0
45,PNA,6.259999999999998,0
46,TTD,0.8199999999999994,1
47,TTR,6.349999999999999,1
48,RRR,4.18,1
49,TRT,4.56,1
50,TTR,5.14,0
51,QCW,5.2700000000000005,0
52,HRR,5.6000000000000005,0
53,ECA,2.0600000000000005,0
54,RR,4.18,1
55,SS,3.7800000000000007,1
56,SK,7.209999999999999,1
57,RR,6.32,0
58,RR,5.7,0
59,PK,6.459999999999998,1
60,KA,6.590000000000002,1
61,KA,5.660000000000002,0
62,KK,6.7,1
63,CW,5.870000000000001,1
64,TK,7.489999999999999,1
65,TK,7.489999999999999,0
66,SS,3.4500000000000006,0
67,QC,2.789999999999999,1
68,SK,8.02,0
69,TR,8.49,1
70,TR,7.99,0
71,HK,4.83,1
72,HK,3.9799999999999995,0
73,GR,8.179999999999998,1
74,RS,3.83,1
75,RS,3.83,0
76,HH,4.490000000000001,0
77,YC,3.589999999999999,0
78,D,2.2599999999999993,1
79,P,6.3599999999999985,1
80,W,2.4400000000000004,0
81,K,5.5600000000000005,1
82,C,3.609999999999999,1
83,K,5.5600000000000005,0
84,K,6.1000000000000005,0
85,R,7.760000000000001,1
86,H,4.030000000000001,1
87,Q,5.81,1
88,T,1.9500000000000002,1
89,S,7.119999999999998,1
90,G,5.19,1
91,G,5.16,0
92,M,5.49,1
