,pattern,weight,status
0,TTTDTTTDT,-0.25999999999999995,1
1,TTTDTTTDT,-0.08999999999999994,0
2,TTTTTTTTT,3.1499999999999995,1
3,TTTTTTTTT,3.1499999999999995,0
4,TTRTTRTTR,7.230000000000001,1
5,TTTRTTTRT,8.229999999999995,1
6,TTTRTTTRT,9.069999999999995,0
7,TRTRTRTRT,6.58,1
8,KTTTTTTDK,0.52,0
9,TQRTRTRTT,6.94,0
10,TTTKTTTLK,-1.9299999999999997,0
11,RTRTFRTRT,7.369999999999998,0
12,TTRDTTRTT,7.580000000000002,0
13,TTTTTWDTT,3.499999999999999,0
14,KTTTKTTT,0.08000000000000004,1
15,TTRTTRTR,7.710000000000002,0
16,TTTTTTRT,9.349999999999996,0
17,TRTRTRTT,6.58,0
18,KTTKTTTK,0.8400000000000001,0
19,TTTTTTTT,3.6999999999999993,1
20,TTTTTTTT,3.709999999999999,0
21,TRTRTTER,9.090000000000002,0
22,TTTTTDTT,4.169999999999999,1
23,TTETTTTT,4.29,1
24,TTTKTTTK,-2.5199999999999996,0
25,RTRTRTRT,7.589999999999998,1
26,TTRTTRTT,7.310000000000001,1
27,TTTEDTTT,3.479999999999999,0
28,TTHPRTTT,8.13,0
29,RTRTRRT,8.04,0
30,TTTKTTK,-2.5199999999999996,0
31,TTTDTTT,3.479999999999999,1
32,TTTDTTT,2.969999999999999,0
33,KTTKTTK,-1.5899999999999999,1
34,KTTKTTK,-0.87,0
35,TTDKTTK,-1.3599999999999997,0
36,SFGAPN,3.2100000000000004,0
37,FKAIPN,4.2,0
38,TTRTTT,6.940000000000001,1
39,ITSNMK,9.55,0
40,TTKTK,-0.7399999999999997,0
41,KDPT,13.74,0
42,KVVH,9.16,0
43,PDTK,6.5,0
44,LTR,4.509999999999999,0
45,RGQ,9.300000000000002,0
46,HCR,6.389999999999999,0
47,TAT,0.9199999999999998,0
48,SIS,6.199999999999999,0
49,CP,5.909999999999998,0
50,RG,11.01,1
51,LC,6.73,0
52,DS,-3.7000000000000015,1
53,DS,-2.3900000000000015,0
54,QT,1.4299999999999997,1
55,TR,4.509999999999999,1
56,TT,1.5499999999999998,1
57,KA,9.2,1
58,KA,9.2,0
59,TK,6.15,1
60,KH,9.45,1
61,KH,9.44,0
62,GI,5.900000000000001,0
63,GG,5.4700000000000015,1
64,CQ,6.999999999999998,1
65,SS,6.199999999999999,1
66,RS,11.01,1
67,HR,5.469999999999999,1
68,RR,11.840000000000002,1
69,RR,13.430000000000003,0
70,SK,9.040000000000001,1
71,SK,7.980000000000001,0
72,RG,9.190000000000003,0
73,KP,12.85,1
74,TE,1.2099999999999997,1
75,TE,1.5999999999999996,0
76,AM,8.31,0
77,MF,2.369999999999999,0
78,ET,1.4599999999999997,0
79,NG,8.15,0
80,MS,4.110000000000001,0
81,M,2.4899999999999993,1
82,T,0.9199999999999997,1
83,M,2.6399999999999997,0
84,T,0.7499999999999998,0
85,C,7.489999999999998,1
86,R,9.86,1
87,R,10.540000000000003,0
88,K,8.16,1
89,K,8.16,0
90,A,7.05,1
91,G,7.27,1
92,Q,4.369999999999998,1
93,Q,4.939999999999999,0
94,S,5.390000000000001,1
