,pattern,weight,status
0,TTTTDITT,5.939999999999999,0
1,SSSSSDSS,3.9099999999999997,1
2,SSSSSDSS,3.9099999999999997,0
3,TTRTTRTT,3.669999999999999,1
4,KSSKSSIS,1.0899999999999992,0
5,TTRTTRTD,3.539999999999999,0
6,KKKKKKPK,2.99,0
7,TWTTRTTT,6.879999999999998,0
8,TRTTRTT,3.669999999999999,1
9,TTRTTRT,3.539999999999999,0
10,TTETDTT,6.509999999999999,0
11,KKKKKKK,2.3700000000000006,1
12,TTTRTTT,6.879999999999998,1
13,SSKSSYS,-0.060000000000000775,0
14,TTTTTTN,1.7399999999999998,0
15,TTRTTT,8.17,1
16,TTRTTT,8.17,0
17,SSKSSS,-0.060000000000000775,1
18,TTTTTT,2.21,1
19,TTTTTT,2.26,0
20,FTTTTT,0.6200000000000001,0
21,MCYPFG,5.91,0
22,SSSSS,0.3799999999999992,1
23,SSSSS,0.3799999999999992,0
24,TATTR,7.280000000000001,0
25,AKSSS,5.249999999999999,0
26,TATR,7.280000000000001,0
27,TTTT,1.4100000000000001,1
28,TTTT,1.4100000000000001,0
29,SSKA,7.999999999999998,1
30,KSSS,5.249999999999999,1
31,TRTR,7.430000000000001,1
32,TRTR,7.430000000000001,0
33,PKSK,6.709999999999998,0
34,SKRA,6.719999999999999,0
35,SSA,7.379999999999998,0
36,KSS,5.459999999999999,1
37,KSS,5.459999999999999,0
38,SKA,6.719999999999999,1
39,PCQ,2.5699999999999994,1
40,PCQ,2.5699999999999994,0
41,TTR,6.900000000000001,1
42,TTR,6.240000000000001,0
43,GGK,7.680000000000001,1
44,GGK,7.680000000000001,0
45,TRT,6.389999999999999,1
46,TRT,5.559999999999999,0
47,SKS,5.409999999999998,1
48,SKS,5.409999999999998,0
49,GFK,7.000000000000001,0
50,RTW,6.589999999999998,0
51,TIT,2.5800000000000005,0
52,GHI,7.2700000000000005,0
53,KK,1.6000000000000005,1
54,KK,1.6000000000000005,0
55,RG,5.440000000000001,1
56,RG,4.880000000000001,0
57,SK,4.449999999999998,1
58,GK,7.0600000000000005,1
59,QR,2.66,1
60,QR,2.66,0
61,KA,8.089999999999998,1
62,KA,8.009999999999998,0
63,HK,6.03,1
64,HK,6.0200000000000005,0
65,RT,6.589999999999998,1
66,TT,2.1900000000000004,1
67,RR,7.119999999999999,1
68,RR,7.119999999999999,0
69,RR,8.03,0
70,TQ,6.999999999999999,1
71,TQ,6.999999999999999,0
72,CQ,6.949999999999999,1
73,CQ,7.119999999999999,0
74,KT,4.24,1
75,KT,3.6300000000000003,0
76,RS,7.63,1
77,RS,6.7299999999999995,0
78,IH,3.52,0
79,S,4.449999999999998,1
80,G,7.0600000000000005,1
81,S,4.259999999999999,0
82,K,9.190000000000001,1
83,T,1.5700000000000005,1
84,T,1.5600000000000005,0
85,G,7.73,0
86,G,7.73,0
87,C,7.18,1
88,C,6.9399999999999995,0
89,C,7.18,0
90,C,7.18,0
91,M,3.6500000000000004,1
92,M,3.68,0
93,H,3.49,1
94,R,11.99,1
95,P,10.059999999999999,1
96,P,10.04,0
