,pattern,weight,status
0,SSSKTSSSN,-0.5899999999999997,0
1,TTKTTGTK,-0.08000000000000085,0
2,LSSRSKSS,3.6500000000000004,0
3,RPRRRRRR,6.45,0
4,TDDSTTTT,0.4600000000000001,0
5,WRRWRRG,8.229999999999997,0
6,WRRWRRG,8.229999999999997,0
7,TTRTTRT,4.309999999999997,1
8,TTRTTRT,5.199999999999997,0
9,RRRRRRR,6.45,1
10,SSSKSSS,-0.7799999999999997,1
11,SSSKSSS,-0.6399999999999997,0
12,TTKTTTK,2.359999999999999,1
13,TTKTTTK,2.169999999999999,0
14,RKQSSKA,7.29,1
15,RKQSSKA,6.65,0
16,TTTTTTT,3.4499999999999997,1
17,TTTTTTT,3.4499999999999997,0
18,RRRRRRQ,5.12,0
19,TKTHTTK,0.5899999999999992,0
20,RVRRGG,8.739999999999998,0
21,RRRRRR,5.12,1
22,DTTTTT,1.06,1
23,DTTTTT,1.9299999999999997,0
24,TTRTTT,4.879999999999997,1
25,TTRTTT,4.849999999999998,0
26,TTTDTT,-0.06000000000000011,1
27,TTTDTT,-0.06000000000000011,0
28,KQSSKA,4.780000000000001,1
29,KQSSKA,5.380000000000001,0
30,SSSKSS,3.6900000000000004,1
31,RRRRGG,8.919999999999998,1
32,TKTCTK,1.5899999999999994,0
33,TRCTTT,8.169999999999998,0
34,TRTRT,4.15,1
35,TRTRT,4.15,0
36,TTDTT,-1.87,1
37,TTDTT,-1.27,0
38,KQSSK,3.7900000000000005,0
39,RRRGG,9.76,0
40,SSSKS,1.9900000000000002,1
41,TTRTT,4.319999999999998,1
42,TTRTT,4.319999999999998,0
43,TRTTT,8.109999999999998,1
44,SHRES,6.580000000000002,0
45,TTTT,0.7899999999999993,1
46,RRGG,10.77,0
47,SSKS,2.5200000000000005,1
48,SKSS,1.0700000000000003,0
49,SKSS,0.3600000000000003,0
50,AKQT,6.749999999999999,0
51,TTK,1.9199999999999993,1
52,SKS,2.22,1
53,KSS,0.9000000000000004,1
54,KSS,2.6500000000000004,0
55,SRS,6.580000000000002,1
56,KEK,0.6200000000000004,0
57,IKK,0.6200000000000004,0
58,GGK,3.5199999999999987,1
59,GPK,4.249999999999998,0
60,RTG,10.44,0
61,CSD,-1.9299999999999993,0
62,MPK,6.9399999999999995,0
63,CQW,6.6000000000000005,0
64,SS,1.7400000000000002,1
65,RT,8.580000000000002,1
66,RG,10.44,1
67,KS,6.22,1
68,SD,-1.0099999999999993,1
69,PK,7.76,1
70,RT,9.560000000000002,0
71,CQ,7.370000000000001,1
72,HK,6.570000000000003,1
73,HK,6.250000000000003,0
74,AK,5.969999999999999,1
75,FG,8.529999999999998,0
76,DS,5.509999999999999,0
77,S,6.239999999999999,1
78,M,4.99,1
79,R,8.590000000000002,1
80,R,8.690000000000001,0
81,Q,7.99,1
82,T,4.529999999999999,1
83,S,7.420000000000002,0
84,S,7.420000000000002,0
85,G,8.109999999999998,1
86,H,4.990000000000002,1
87,E,1.9300000000000006,1
88,E,1.9300000000000006,0
89,D,3.5299999999999994,1
90,A,3.8099999999999987,1
91,K,10.370000000000001,1
92,C,8.430000000000003,1
93,M,5.01,0
