,pattern,weight,status
0,TRTRTRTRT,13.209999999999996,1
1,TETTTETTT,-1.2300000000000013,1
2,TETTTETTT,-1.9600000000000013,0
3,TETTTETTT,-1.6200000000000014,0
4,TTTTTTTTT,-0.9599999999999979,1
5,TTTTTTTTT,-2.609999999999997,0
6,KTTTKTTTK,0.6300000000000041,1
7,SKSSSKSSS,5.720000000000011,1
8,SDSSSDSSS,2.9700000000000046,1
9,TTTTTDTTT,0.5399999999999973,1
10,TTTTTDTTT,-0.4900000000000029,0
11,RRRGGRRRR,13.710000000000013,1
12,RRRRRRRRR,5.950000000000008,1
13,TTRTTRTTR,9.06000000000001,1
14,RRRRRRRRR,5.200000000000008,0
15,KSSKSSKSS,5.569999999999999,1
16,TTRTTRTTR,9.64000000000001,0
17,TRTTTRTTT,10.949999999999994,1
18,RRRRRRRRR,6.910000000000008,0
19,RRRGGRRRR,12.100000000000012,0
20,HTRTRTRRT,17.569999999999993,0
21,TRTDTTRTT,12.789999999999997,0
22,SSKWSSKSS,3.380000000000001,0
23,TDTTDETTT,-2.240000000000001,0
24,SASKSSKSS,4.949999999999999,0
25,TTTTAETTT,1.550000000000002,0
26,TTKTTTTK,3.4399999999999995,0
27,TTKTKTTK,0.9300000000000007,0
28,SSSSDSSS,3.310000000000005,0
29,TTTTTTTT,-1.3800000000000026,1
30,SSSSDSSS,1.6700000000000015,0
31,SSSSSDSS,1.8800000000000017,1
32,TTKTTKTK,3.3499999999999996,0
33,TTTNKTTT,-0.07999999999999619,0
34,TTKTTTTK,4.36,0
35,TTTTTTTT,-1.179999999999998,0
36,SSSKSRSS,5.060000000000011,0
37,TTTTTTTT,-1.4899999999999978,0
38,TRTRTRRT,13.949999999999996,0
39,KSKSSKSS,5.609999999999999,0
40,TRTTRTTT,11.799999999999994,0
41,RRRRRRRR,8.800000000000008,1
42,TTGKTKTK,2.040000000000001,0
43,KSSCKSSS,4.150000000000012,0
44,TTTTQDT,1.6899999999999973,0
45,TDTTTTT,-0.2900000000000015,1
46,RRGRRHR,14.280000000000014,0
47,SKSSSS,4.71,0
48,TRTTTT,10.129999999999994,0
49,LHK,9.25,0
50,HRQ,3.4500000000000006,0
51,RGT,6.16,0
52,CTN,-0.9900000000000007,0
53,KA,9.38,1
54,RT,7.08,1
55,TT,4.96,1
56,KK,6.739999999999999,1
57,GK,5.219999999999999,1
58,DS,-3.2100000000000004,1
59,GG,4.409999999999998,1
60,HK,9.7,1
61,KS,7.219999999999997,1
62,HR,3.4500000000000006,1
63,DR,5.76,1
64,PK,8.159999999999998,1
65,CQ,6.1899999999999995,1
66,TQ,4.16,1
67,TK,6.8999999999999995,1
68,GR,11.289999999999997,1
69,WG,8.34,0
70,PF,4.679999999999999,0
71,SR,7.999999999999997,1
72,MM,6.229999999999999,0
73,EN,9.089999999999998,0
74,NC,5.68,0
75,KD,-2.2000000000000006,0
76,A,7.449999999999999,1
77,K,5.04,1
78,H,2.4500000000000006,1
79,G,6.129999999999999,1
80,S,6.699999999999998,1
81,Q,1.6900000000000006,1
82,T,1.4000000000000001,1
83,M,6.059999999999999,1
84,R,8.599999999999998,1
85,Y,6.229999999999999,0
86,C,7.56,1
87,I,2.3100000000000005,1
