,pattern,weight,status
0,TTTTTETTT,3.3599999999999994,1
1,TTTTTETTT,3.3599999999999994,0
2,TTTTTETTT,0.42999999999999816,0
3,TTTRTTTRT,6.689999999999998,1
4,TTTRTTTRT,6.249999999999997,0
5,TTKTTKTTK,-0.28000000000000247,1
6,TTKTTKTTK,-0.46000000000000246,0
7,TTTTLTKTT,11.049999999999999,0
8,QTTDTTTTT,2.59,0
9,TTDTTTTT,2.59,1
10,TTTTTTTT,1.52,1
11,TTTRTTTR,9.26,1
12,TTRTTRTT,5.76,1
13,TTRTTRTT,5.76,0
14,TTTTMTTT,1.27,0
15,HTDTTTTT,0.4200000000000008,0
16,TTTTTTT,1.52,1
17,TTRTTTR,9.26,0
18,TTTRTTR,8.93,0
19,TRTVRTT,7.37,0
20,TTTTTTT,1.27,0
21,DTCTDTT,-0.37999999999999956,0
22,TTTTTTT,2.36,0
23,TDTTTTT,0.4200000000000008,1
24,TRTTRTT,7.13,1
25,TRTRTT,6.7,0
26,TTTTTT,0.13000000000000067,1
27,TTTTTT,0.7700000000000007,0
28,TTTLT,0.5700000000000007,0
29,YRTG,14.339999999999998,0
30,QYG,5.7,0
31,RAS,13.479999999999997,0
32,HEV,3.089999999999998,0
33,KPW,2.810000000000001,0
34,KSV,8.47,0
35,MCG,3.7199999999999998,0
36,QTP,6.919999999999999,0
37,WSR,5.04,0
38,TCQ,10.649999999999997,0
39,KRH,6.039999999999999,0
40,IR,6.379999999999999,0
41,ET,-2.9599999999999995,1
42,ET,-2.1199999999999997,0
43,GR,7.1899999999999995,1
44,AK,14.439999999999998,1
45,AK,14.439999999999998,0
46,RT,14.11,1
47,RT,14.11,0
48,SR,4.970000000000001,1
49,KP,3.060000000000001,1
50,CQ,11.459999999999997,1
51,KS,8.47,1
52,KT,7.4499999999999975,1
53,KT,7.809999999999998,0
54,KH,5.579999999999999,1
55,RR,16.019999999999992,1
56,RR,16.019999999999992,0
57,AF,6.599999999999999,0
58,AF,6.119999999999998,0
59,MG,3.11,0
60,VW,4.919999999999998,0
61,HK,5.13,0
62,KK,4.7299999999999995,1
63,KH,5.1499999999999995,0
64,DP,8.61,0
65,GM,9.159999999999997,0
66,WD,2.93,0
67,TG,9.159999999999997,0
68,SM,7.3,0
69,CH,9.329999999999998,0
70,TQ,3.4600000000000013,1
71,M,3.7,1
72,K,5.619999999999999,1
73,P,8.61,1
74,K,5.02,0
75,K,5.83,0
76,E,-0.03999999999999976,1
77,R,4.8,1
78,G,9.159999999999997,1
79,S,7.6,1
80,S,9.089999999999998,0
81,C,9.04,1
82,T,3.89,1
83,T,3.2300000000000004,0
84,T,3.1,0
85,H,4.129999999999998,1
86,H,3.179999999999998,0
87,A,5.369999999999999,1
88,A,5.869999999999999,0
89,M,2.47,0
90,D,2.93,1
91,Q,4.200000000000001,1
