,pattern,weight,status
0,KNKPK,4.91,0
1,SKHWS,2.5100000000000007,0
2,TFRWT,6.210000000000001,0
3,TRTY,6.800000000000001,0
4,KKHK,4.790000000000001,1
5,GRRR,6.49,0
6,TTTR,4.660000000000001,1
7,KKHK,4.790000000000001,0
8,KKHK,4.790000000000001,0
9,TRTT,5.689999999999999,1
10,TTTR,4.660000000000001,0
11,HKHK,7.0600000000000005,1
12,HKHK,7.0600000000000005,0
13,GRGR,6.49,1
14,KKPK,4.91,1
15,KSKS,3.78,1
16,KSKS,3.42,0
17,YIKS,0.6700000000000008,0
18,PRTT,4.889999999999999,0
19,TIDT,3.1499999999999995,0
20,KKSK,4.380000000000001,0
21,QSST,2.5100000000000007,0
22,KHK,3.720000000000001,0
23,NSP,4.69,0
24,RTT,4.889999999999999,1
25,KKK,4.970000000000001,1
26,SKS,3.42,1
27,TDT,2.3099999999999996,1
28,KTT,5.12,1
29,KTT,4.75,0
30,KTT,4.75,0
31,KTT,5.5600000000000005,0
32,GRG,5.25,1
33,GRG,4.58,0
34,RTR,6.299999999999998,1
35,RTR,5.5699999999999985,0
36,TTT,2.36,1
37,TTT,2.6599999999999997,0
38,RRR,7.050000000000002,1
39,AKS,4.9,1
40,TRT,7.0600000000000005,1
41,TRT,5.790000000000001,0
42,KSS,2.9000000000000004,1
43,KSS,1.5900000000000003,0
44,RER,6.660000000000002,0
45,RER,6.780000000000002,0
46,CKT,5.26,0
47,RMN,3.99,0
48,TIR,7.73,0
49,LCQ,9.54,0
50,TQT,4.64,0
51,RRP,7.880000000000002,0
52,KS,3.79,1
53,RR,8.030000000000001,1
54,AS,3.78,0
55,TT,2.36,1
56,MN,4.61,1
57,RR,7.460000000000002,0
58,RR,5.550000000000002,0
59,KS,3.0200000000000005,0
60,KS,3.74,0
61,GG,6.66,1
62,SS,2.5100000000000007,1
63,TR,7.73,1
64,HK,4.100000000000002,1
65,CQ,9.54,1
66,KA,9.479999999999999,1
67,KA,9.7,0
68,SR,6.489999999999999,1
69,SR,6.509999999999999,0
70,KT,5.26,1
71,TQ,4.2,1
72,EC,4.1000000000000005,0
73,G,6.63,1
74,H,3.9200000000000017,1
75,T,2.36,1
76,G,5.68,0
77,G,6.65,0
78,R,5.539999999999999,1
79,T,1.41,0
80,T,1.41,0
81,Q,4.7700000000000005,1
82,Q,4.8500000000000005,0
83,R,7.39,0
84,S,6.42,1
85,E,2.08,1
86,E,2.08,0
87,A,6.2,1
88,C,3.92,1
89,K,5.24,1
90,K,5.24,0
91,H,1.5299999999999996,0
92,P,9.449999999999998,1
93,P,9.449999999999998,0
94,F,6.8,0
