,pattern,weight,status
0,KTTYTTEE,1.04,0
1,TTTRTTT,7.209999999999998,1
2,TTTRTTT,7.209999999999998,0
3,TTRTTN,7.379999999999998,0
4,TTETTE,2.17,1
5,SCSSDS,4.760000000000001,0
6,TTITRT,6.769999999999999,0
7,TRITRT,6.469999999999997,0
8,TTETE,2.17,0
9,RPKSS,4.13,0
10,SSSDS,3.88,1
11,SSSKS,7.3999999999999995,1
12,SSSKS,6.84,0
13,TTTRT,6.869999999999998,1
14,TTTRT,7.119999999999998,0
15,AKSSQ,2.52,1
16,TRTRT,6.689999999999997,1
17,GCTRI,7.34,0
18,TTMRI,5.659999999999998,0
19,TRRST,6.469999999999997,0
20,LTTRT,7.229999999999999,0
21,SSKS,7.3999999999999995,1
22,AKSS,2.52,1
23,SSSS,3.79,1
24,RTRY,5.6099999999999985,0
25,QTTT,0.19000000000000017,0
26,SSPS,1.0999999999999999,0
27,SSSS,2.6799999999999997,0
28,SSSS,4.18,0
29,TTTT,1.1100000000000003,1
30,TTTT,1.1100000000000003,0
31,TTRT,7.109999999999998,1
32,TTRT,7.109999999999998,0
33,SKSS,8.589999999999998,0
34,HAVK,9.74,0
35,GSSI,0.8799999999999998,0
36,ADKC,8.440000000000001,0
37,SKNS,8.719999999999999,0
38,KLKK,1.62,0
39,SKS,8.409999999999998,1
40,TRT,6.229999999999999,1
41,SKS,8.719999999999999,0
42,KKK,1.62,1
43,KKK,1.62,0
44,TTT,2.89,1
45,TTT,2.89,0
46,TTR,6.859999999999998,1
47,TTR,6.859999999999998,0
48,SKA,3.2099999999999995,1
49,SKA,3.3699999999999997,0
50,HKR,5.530000000000002,0
51,AKT,9.770000000000001,0
52,TRG,7.28,0
53,SHK,10.309999999999999,0
54,KTE,2.1100000000000008,0
55,TR,6.229999999999999,1
56,RT,5.599999999999998,0
57,RT,5.179999999999998,0
58,SK,4.5,1
59,SS,1.25,1
60,SR,9.980000000000002,1
61,RR,9.740000000000002,1
62,RR,9.190000000000001,0
63,AK,10.030000000000001,1
64,RG,7.930000000000001,1
65,CQ,9.999999999999998,1
66,CQ,9.999999999999998,0
67,HK,9.309999999999997,1
68,HR,6.060000000000002,1
69,RK,9.13,0
70,CW,7.559999999999999,1
71,CW,7.559999999999999,0
72,KT,2.1100000000000008,1
73,RK,10.230000000000004,0
74,AT,2.8600000000000008,0
75,RM,9.350000000000001,0
76,S,3.74,1
77,S,0.5999999999999999,0
78,Y,2.97,0
79,D,7.28,1
80,D,7.28,0
81,R,10.230000000000004,1
82,K,10.770000000000001,1
83,G,8.61,1
84,G,8.61,0
85,A,3.66,1
86,A,4.29,0
87,S,4.339999999999999,0
88,S,4.339999999999999,0
89,T,2.1100000000000008,1
90,Q,4.799999999999999,1
91,P,10.590000000000002,1
92,P,10.590000000000002,0
