,pattern,weight,status
0,YTTTTTETS,-0.8700000000000008,0
1,RRGGRRRR,5.199999999999998,1
2,RRGGRRRR,5.0299999999999985,0
3,RRRRQRRR,3.5500000000000003,0
4,RRVRPRIR,4.94,0
5,TTTTTTT,-0.23000000000000076,1
6,TTTTTTT,-0.5600000000000007,0
7,RRRRRRR,5.25,1
8,GGKGGGA,6.4899999999999975,0
9,TTTYTTT,-0.4299999999999999,0
10,TTTYTTT,-0.4299999999999999,0
11,GGKYGGG,7.349999999999998,0
12,LRPRRRR,4.0600000000000005,0
13,KGGHKGG,6.799999999999996,0
14,GGKFGG,7.349999999999998,0
15,RRRRRR,4.33,1
16,TTTTTT,-0.2099999999999998,1
17,TRTRTR,11.41,1
18,TTRTTR,4.41,1
19,GGKGGG,6.669999999999998,1
20,KGGKGG,5.899999999999996,1
21,TTTTT,1.1700000000000002,1
22,TTRTR,10.12,0
23,TTRTR,3.96,0
24,TTTTT,-2.25,0
25,TTTTT,-2.25,0
26,TTDTT,-3.4000000000000004,1
27,TTDTT,-3.4000000000000004,0
28,TETTT,-2.29,1
29,TETTT,-2.29,0
30,TRQTT,2.07,0
31,TTATT,-1.6000000000000005,0
32,TVRTP,4.109999999999999,0
33,TTTRF,8.669999999999998,0
34,TTETD,0.8700000000000001,0
35,TTQCR,6.149999999999999,0
36,TDTT,-2.62,1
37,TRTT,2.07,1
38,TTTR,9.599999999999998,1
39,TTTD,-0.06999999999999984,1
40,QDQC,4.930000000000001,0
41,ALKY,9.570000000000002,0
42,AKNF,8.890000000000002,0
43,TTT,-2.08,1
44,ETT,-3.18,1
45,ATT,-1.8200000000000005,0
46,RTF,2.15,0
47,TET,-2.2,1
48,TTD,-0.6399999999999998,1
49,TTD,0.07000000000000017,0
50,ANF,8.890000000000002,0
51,RHS,2.929999999999999,0
52,QDT,5.24,0
53,QVC,5.250000000000001,0
54,KTH,8.250000000000004,0
55,SSF,5.53,0
56,ET,-1.9600000000000002,1
57,RR,5.73,1
58,RR,5.33,0
59,TR,5.61,1
60,TR,5.61,0
61,GR,8.739999999999998,1
62,GR,8.739999999999998,0
63,TT,5.24,1
64,TT,4.86,0
65,RS,2.5499999999999985,1
66,AK,9.570000000000002,1
67,SS,4.87,1
68,QC,4.410000000000001,1
69,KT,8.540000000000003,1
70,KK,6.540000000000001,1
71,KK,6.5600000000000005,0
72,SK,8.590000000000002,1
73,SK,9.410000000000002,0
74,KH,3.5799999999999996,1
75,KH,4.119999999999999,0
76,QE,4.470000000000001,0
77,QT,4.470000000000001,1
78,DH,5.360000000000001,0
79,QN,5.630000000000001,0
80,CC,4.09,0
81,CR,4.17,0
82,NG,5.999999999999998,0
83,TV,3.0400000000000005,0
84,KP,7.34,1
85,G,5.999999999999998,1
86,H,5.480000000000001,1
87,S,5.759999999999999,1
88,S,4.899999999999999,0
89,Q,5.630000000000001,1
90,K,4.420000000000001,1
91,M,8.089999999999998,1
92,R,9.11,1
93,T,3.7000000000000006,1
94,C,4.29,1
95,P,7.01,1
96,A,6.490000000000003,1
