,pattern,weight,status
0,HMRLTCFLM,9.36,0
1,TTGTRN,11.240000000000002,0
2,QEKHES,5.73,0
3,RRRRR,5.279999999999999,1
4,RRRRE,3.909999999999999,0
5,HSSYA,6.189999999999999,0
6,QKSWN,6.890000000000001,0
7,KSSS,7.82,1
8,TTTR,9.660000000000002,1
9,TTTR,11.240000000000002,0
10,SSKA,7.539999999999999,1
11,KKDS,7.9300000000000015,0
12,KKDS,6.990000000000001,0
13,SKRA,7.329999999999999,0
14,RYVG,6.42,0
15,KRSS,7.23,0
16,HRRR,6.669999999999998,0
17,GKSV,6.35,0
18,LKKR,4.82,0
19,RRRR,4.719999999999999,1
20,RRR,5.509999999999999,1
21,TTR,8.820000000000002,1
22,KSS,6.470000000000001,1
23,SKA,8.28,1
24,KES,6.67,0
25,KSS,7.91,0
26,TTR,11.370000000000003,0
27,RRR,6.019999999999998,0
28,AQT,8.01,0
29,PSR,6.740000000000001,0
30,MKG,2.6299999999999994,0
31,KAH,8.530000000000001,0
32,QCY,6.2299999999999995,0
33,KKL,4.25,0
34,KTQ,6.920000000000003,0
35,SYE,-0.19,0
36,TCS,6.79,0
37,GMR,9.98,0
38,DQK,4.25,0
39,TVR,7.8100000000000005,0
40,KS,7.490000000000002,1
41,SK,8.06,0
42,KA,6.58,1
43,KG,2.5499999999999994,1
44,TR,11.650000000000002,1
45,KH,8.380000000000003,1
46,KA,7.1,0
47,TH,4.720000000000001,0
48,GR,9.360000000000001,1
49,KT,7.780000000000003,1
50,QC,6.579999999999999,1
51,TR,9.560000000000002,0
52,KA,5.569999999999999,0
53,KA,6.09,0
54,KH,9.510000000000002,0
55,PK,7.34,1
56,EP,7.34,0
57,KK,3.81,1
58,SR,9.03,1
59,SR,9.6,0
60,QT,5.9799999999999995,1
61,QT,6.92,0
62,NM,8.11,1
63,NM,6.800000000000001,0
64,NM,7.7,0
65,WI,2.78,0
66,R,7.180000000000002,1
67,E,-0.65,1
68,T,4.930000000000001,1
69,C,7.749999999999999,1
70,K,5.99,1
71,G,8.52,1
72,K,6.59,0
73,T,6.819999999999999,0
74,T,6.5,0
75,H,3.9499999999999993,1
76,E,0.43000000000000005,0
77,R,8.16,0
78,P,5.19,1
79,Q,3.55,1
80,D,3.44,1
81,S,5.700000000000001,1
