,pattern,weight,status
0,TTTTTDTTT,2.6699999999999986,1
1,TTTTTDTTT,2.3699999999999988,0
2,TTRTTRTTR,3.1599999999999997,1
3,TTRTTRTTR,3.1399999999999997,0
4,TTRTTRTTR,2.1799999999999997,0
5,TTTDTTTDT,-0.4000000000000006,1
6,TTTDTTTDT,-0.4000000000000006,0
7,GTTTRTTTR,6.660000000000001,0
8,SLCCTYSVL,3.43,0
9,TRTTRTTR,2.3499999999999996,0
10,TTTDTTTT,-0.4000000000000006,0
11,TTTRTTTR,7.880000000000001,1
12,TTTTTDTT,0.41999999999999893,1
13,TTTTTDTT,0.41999999999999893,0
14,TTRTGTT,5.56,0
15,TTTTTTT,-3.8200000000000003,1
16,TTTRTTT,5.79,1
17,TTTRTTT,5.79,0
18,TTTRTTT,6.32,0
19,TTDTFTT,0.4599999999999995,0
20,NTTTTT,-3.8200000000000003,0
21,TTTTTT,5.55,1
22,TTTKTT,-0.5700000000000011,0
23,TTTDT,1.009999999999999,1
24,TTDTT,1.0799999999999996,1
25,TDTTG,-1.5400000000000005,0
26,TDTTT,-0.9900000000000004,0
27,TTTTT,1.379999999999999,1
28,TTTTT,0.239999999999999,0
29,RTDRT,5.76,0
30,RTRT,5.76,1
31,RGNQ,11.6,0
32,DKS,3.960000000000001,0
33,AKS,4.580000000000001,1
34,RTT,7.869999999999999,1
35,RTT,9.14,0
36,YKH,8.969999999999997,0
37,FSR,6.700000000000001,0
38,FSR,6.010000000000001,0
39,RTN,8.89,0
40,KQT,4.199999999999999,0
41,QKT,4.870000000000001,0
42,PSR,6.530000000000001,0
43,CYG,2.549999999999999,0
44,KGN,9.509999999999998,0
45,VQW,4.44,0
46,VRR,12.279999999999998,0
47,PKR,6.129999999999999,0
48,KYH,9.339999999999996,0
49,AS,5.090000000000001,0
50,KH,9.689999999999996,1
51,RC,13.22,0
52,RT,9.01,1
53,RG,11.61,1
54,RR,11.899999999999997,1
55,KS,5.550000000000002,1
56,KS,5.550000000000002,0
57,KA,9.54,1
58,KA,9.530000000000001,0
59,KA,9.41,0
60,KT,3.4299999999999997,1
61,QC,7.049999999999999,1
62,QC,6.629999999999999,0
63,QC,7.169999999999999,0
64,PK,6.129999999999999,1
65,PK,6.559999999999999,0
66,GG,9.49,1
67,GG,9.49,0
68,SS,5.200000000000001,1
69,SS,6.170000000000001,0
70,SR,6.130000000000001,1
71,KG,8.62,1
72,QT,4.790000000000001,1
73,SP,7.369999999999998,0
74,SW,5.620000000000002,0
75,S,6.010000000000001,1
76,K,9.53,1
77,Q,3.8500000000000005,1
78,S,5.620000000000002,0
79,Q,3.8500000000000005,0
80,D,7.289999999999999,1
81,R,8.129999999999999,1
82,K,10.249999999999998,0
83,A,3.2700000000000027,1
84,H,4.0,1
85,G,3.729999999999998,1
86,C,8.540000000000001,1
87,T,3.4700000000000006,1
88,M,4.810000000000002,1
89,M,4.810000000000002,0
90,P,6.959999999999998,1
