,pattern,weight,status
0,KTKTKTKTK,4.19,1
1,SSKSSKSSK,1.9699999999999982,1
2,KKKKKKKKK,0.12000000000000066,1
3,TTKTTKTTK,0.5599999999999998,1
4,SSSDSSSDS,3.679999999999999,1
5,TTRTTRTTR,9.050000000000002,1
6,KTTTKTTTK,3.56,1
7,SSSDSSSSS,3.340000000000002,1
8,SSSKSSSKS,4.6000000000000005,1
9,THTKTITTK,2.7399999999999998,0
10,RRRRRRQRR,-1.6999999999999977,0
11,TKTTVTTTK,4.390000000000001,0
12,WSSKSKSSK,0.039999999999997926,0
13,TTTKTTTWK,3.740000000000001,0
14,RRIGWRRRR,9.730000000000002,0
15,SKSSKKTS,2.81,0
16,TTRTTRTR,8.0,0
17,SSSDSSSS,1.910000000000001,0
18,RRRRRRRR,2.560000000000002,1
19,SSDSSSTS,3.3300000000000023,0
20,TKTTTTTK,5.859999999999999,1
21,AKSSQKRT,15.31,1
22,KTTTKTTT,2.640000000000001,1
23,KKKKKKKK,2.2400000000000007,1
24,AKSSQKRK,17.579999999999995,0
25,SSKSKCSS,2.8699999999999988,0
26,TKTTKTTK,1.75,1
27,SRKSSKSS,4.8599999999999985,0
28,TTTRTTPT,5.09,0
29,AKSSQKRV,4.6000000000000005,0
30,ASSSMDSS,1.5299999999999998,0
31,IKKKKPKK,2.39,0
32,KKKKPKKK,0.6600000000000006,0
33,TRTTTTT,8.550000000000002,0
34,TRTRRTT,10.560000000000004,0
35,SSSDSSD,3.419999999999999,0
36,SSKSSKS,3.5899999999999985,1
37,RRRRRRR,-0.7799999999999979,1
38,GDKVED,3.62,0
39,RRRERR,4.68,0
40,KSKSKS,-0.91,1
41,SSKSKS,3.929999999999999,0
42,AQKSSS,3.7199999999999998,0
43,TTTQT,1.0999999999999996,0
44,SKSSS,2.9899999999999993,1
45,SSKSS,2.2899999999999996,1
46,KTKT,6.170000000000002,1
47,RTTT,10.520000000000001,1
48,AKS,4.05,1
49,SFR,4.869999999999999,0
50,HKH,5.41,1
51,KSC,9.04,0
52,RRQ,9.760000000000002,0
53,RTQ,11.660000000000002,0
54,QWG,4.749999999999999,0
55,PDK,8.850000000000001,0
56,QRD,2.24,0
57,TAR,4.71,0
58,CQ,5.65,1
59,PK,7.3800000000000034,1
60,KK,3.8900000000000006,1
61,RT,10.270000000000001,1
62,GG,4.540000000000001,1
63,RR,10.270000000000001,1
64,TT,3.480000000000001,1
65,KY,4.46,1
66,RS,9.430000000000001,1
67,SD,-0.29999999999999993,1
68,KS,9.85,1
69,KH,6.220000000000001,1
70,CQ,4.300000000000001,0
71,GK,2.3800000000000003,1
72,PA,5.2700000000000005,0
73,RG,7.010000000000001,1
74,MK,4.02,0
75,TH,3.3000000000000007,0
76,TK,2.5499999999999985,1
77,H,3.06,1
78,R,8.140000000000002,1
79,K,4.69,1
80,G,6.390000000000001,1
81,Q,5.15,1
82,R,6.35,0
83,A,1.2299999999999998,1
84,M,4.32,1
85,C,6.079999999999998,1
86,D,2.0100000000000002,1
87,T,2.1599999999999984,1
88,S,3.89,1
89,M,4.990000000000001,0
90,P,2.39,1
