,pattern,weight,status
0,TTTTILT,5.160000000000001,0
1,QTSVWN,2.96,0
2,TTTRT,7.260000000000002,1
3,TTRCD,9.14,0
4,TPTTR,11.11,0
5,TTTNT,7.060000000000001,0
6,TTNRT,7.38,0
7,RRVRR,4.200000000000001,0
8,TATTT,6.760000000000002,0
9,TTRT,6.6800000000000015,1
10,RRRR,5.830000000000001,1
11,TTTR,11.31,1
12,TTTR,12.06,0
13,SKSK,8.16,1
14,TTTT,6.760000000000002,1
15,QTSN,3.0300000000000002,1
16,QTSN,2.31,0
17,GTIR,10.73,0
18,TTRD,9.58,0
19,EEFH,6.2299999999999995,0
20,TITR,9.58,0
21,KKGK,1.57,0
22,KSK,8.16,0
23,TRH,9.04,0
24,TTR,8.28,1
25,SNM,1.72,1
26,RRR,4.940000000000001,1
27,SSS,1.1800000000000006,1
28,SSS,1.1800000000000006,0
29,TRT,8.829999999999998,1
30,TRT,9.259999999999998,0
31,SKA,5.7700000000000005,1
32,SKA,5.7700000000000005,0
33,KKK,1.57,1
34,KKS,1.34,0
35,ESM,4.6499999999999995,0
36,ITK,6.0600000000000005,0
37,SKA,8.95,0
38,ACW,11.339999999999995,0
39,RRR,5.01,0
40,LRT,10.59,0
41,KHD,6.159999999999999,0
42,KHG,5.409999999999999,0
43,VSS,5.069999999999999,0
44,RGD,10.65,0
45,TR,10.980000000000002,1
46,SM,0.98,0
47,RR,4.940000000000001,1
48,KK,1.78,1
49,KK,1.78,0
50,RR,5.01,0
51,RR,4.5,0
52,RT,10.59,0
53,CQ,7.3,1
54,CQ,7.3,0
55,CQ,7.92,0
56,KH,6.159999999999999,1
57,SS,5.069999999999999,1
58,GK,1.6099999999999999,1
59,GK,1.6099999999999999,0
60,GG,2.4400000000000004,1
61,GG,3.2800000000000002,0
62,SK,3.2399999999999998,1
63,SK,3.2399999999999998,0
64,TK,6.0600000000000005,1
65,RS,8.400000000000002,1
66,RS,8.400000000000002,0
67,KA,9.319999999999999,1
68,RG,10.21,1
69,CW,10.659999999999995,1
70,VQ,4.32,0
71,TC,0.29999999999999993,0
72,VT,1.4,0
73,M,5.340000000000001,1
74,S,5.74,1
75,S,5.18,0
76,R,7.479999999999999,1
77,R,6.549999999999999,0
78,A,3.8800000000000003,1
79,A,4.78,0
80,T,1.3599999999999999,1
81,G,8.09,1
82,H,6.22,1
83,H,6.22,0
84,R,9.19,0
85,K,7.63,1
86,K,8.02,0
87,Q,5.12,1
88,D,2.27,1
89,P,10.520000000000001,1
90,P,11.21,0
