,pattern,weight,status
0,RRRRR,5.3,1
1,RRRRR,5.3,0
2,GYRTG,9.09,0
3,RRRR,5.15,1
4,RRRR,5.15,0
5,RTTT,7.810000000000001,1
6,RTTT,7.580000000000001,0
7,AKSS,6.699999999999999,1
8,AKSS,6.569999999999999,0
9,AKSS,6.569999999999999,0
10,TTRT,6.800000000000001,1
11,TTRT,6.800000000000001,0
12,CKSH,9.9,0
13,METR,1.6300000000000003,0
14,TRT,6.710000000000001,1
15,TRT,6.710000000000001,0
16,AKS,4.719999999999999,1
17,AKS,4.719999999999999,0
18,RTT,4.720000000000001,1
19,RTT,4.720000000000001,0
20,GRG,7.92,1
21,GRG,7.92,0
22,KEG,5.520000000000001,0
23,MET,1.6300000000000003,0
24,RSP,7.830000000000002,0
25,RHR,6.86,0
26,QTC,3.249999999999999,0
27,RGF,6.01,0
28,KGS,6.6000000000000005,0
29,RDH,6.86,0
30,EY,0.050000000000000044,1
31,EY,0.050000000000000044,0
32,ET,1.6300000000000003,1
33,ET,1.6300000000000003,0
34,KA,9.9,1
35,KA,9.9,0
36,KS,8.43,1
37,KS,7.6499999999999995,0
38,GG,8.01,1
39,GG,8.01,0
40,SS,6.7299999999999995,1
41,SS,6.7299999999999995,0
42,QT,3.249999999999999,1
43,GA,0.040000000000000036,1
44,GA,0.040000000000000036,0
45,TT,6.060000000000001,1
46,TT,6.060000000000001,0
47,TK,6.1000000000000005,1
48,TK,6.1000000000000005,0
49,RG,5.34,1
50,RG,6.64,0
51,TR,9.97,1
52,TR,9.97,0
53,RR,4.62,1
54,RR,4.62,0
55,KG,5.0200000000000005,1
56,CQ,11.66,1
57,CQ,11.66,0
58,KH,9.9,1
59,RS,8.070000000000002,1
60,KP,4.24,1
61,KP,4.24,0
62,KP,4.24,0
63,CW,8.6,1
64,CW,8.6,0
65,CW,7.68,0
66,RH,6.86,1
67,YR,8.450000000000001,0
68,YD,1.1100000000000003,0
69,YD,1.1100000000000003,0
70,HS,4.97,0
71,S,5.13,1
72,K,9.290000000000001,1
73,S,8.100000000000001,0
74,Q,3.249999999999999,1
75,Q,2.729999999999999,0
76,R,8.230000000000002,1
77,R,8.230000000000002,0
78,E,-0.039999999999999925,1
79,A,1.12,1
80,A,1.12,0
81,G,4.91,1
82,G,5.69,0
83,S,4.97,0
84,D,0.5700000000000001,1
85,D,0.5700000000000001,0
86,K,8.57,0
87,K,9.030000000000001,0
88,M,7.039999999999998,1
89,M,7.799999999999998,0
90,M,8.009999999999998,0
91,P,3.9299999999999997,1
92,P,3.9299999999999997,0
