,pattern,weight,status
0,TRTTTRTTT,8.07,1
1,TRTTTRTTT,7.83,0
2,TRTRTRTRT,2.7300000000000013,1
3,SSKSSKSSK,3.929999999999999,1
4,SSKSSKSSK,3.0799999999999987,0
5,KTTTKTTTK,3.720000000000002,1
6,RRRRRRRRR,4.879999999999999,1
7,QCPMNNSHN,4.349999999999998,1
8,SKSSSKSSS,11.640000000000002,1
9,SKSSSKSSS,13.3,0
10,RTTRTTRTT,5.810000000000002,1
11,RRRGGRRRR,4.710000000000001,1
12,TTTTTTTTA,0.26000000000000156,0
13,TTTETTTTT,2.2799999999999954,1
14,TTTETTTTT,2.2799999999999954,0
15,TTTTTTTTT,3.999999999999999,1
16,TTTYTTTTT,3.6900000000000017,0
17,GTETTCTTT,1.499999999999999,0
18,RRIQRRRRR,1.2899999999999991,0
19,RIRGGRRRR,5.7500000000000036,0
20,TTTRTTTTT,3.729999999999999,0
21,TTTTTTTTD,0.7999999999999993,0
22,RRQRRRSRR,1.239999999999999,0
23,RRRGGRSRR,5.120000000000001,0
24,TTTTTTDTT,0.8799999999999992,0
25,QRTTTRTTT,9.4,0
26,RRRRRMRRR,4.879999999999999,0
27,KTTKTTTK,5.390000000000001,0
28,TRTRTTRT,2.3100000000000014,0
29,QPMNNSHN,3.849999999999998,0
30,TTDTTTTT,2.7399999999999998,1
31,TTDTTTTT,2.55,0
32,TTTETTET,7.35,0
33,RTTTRTTT,7.4300000000000015,1
34,RTTTRTTT,7.010000000000002,0
35,RRGGRRRR,4.620000000000004,1
36,QCPMNNSH,5.649999999999999,1
37,QCPMNNSH,6.639999999999999,0
38,RCHRRGGR,6.350000000000001,0
39,RQRRRRRR,5.259999999999999,0
40,TTETTET,6.609999999999999,1
41,TRTTRTT,9.470000000000002,1
42,QCPMNSH,6.079999999999998,0
43,RRRRRRR,5.119999999999999,1
44,TACWMRP,2.73,0
45,TRTRTTT,10.290000000000003,0
46,KTTTTK,4.280000000000002,0
47,RSFVPQ,-2.03,0
48,FRRRHR,3.6799999999999997,0
49,CRRGR,6.550000000000002,0
50,RRRR,3.4999999999999996,1
51,GVKE,6.0600000000000005,0
52,HKH,5.479999999999999,1
53,GWG,6.140000000000001,0
54,KSQ,9.710000000000003,0
55,RAT,13.059999999999999,0
56,AQK,12.490000000000004,0
57,QTQ,6.8999999999999995,0
58,CPW,6.25,0
59,RT,13.94,1
60,AK,12.570000000000004,1
61,GR,7.99,1
62,GR,8.44,0
63,KS,8.950000000000003,1
64,HK,5.479999999999999,1
65,GK,6.0600000000000005,1
66,QT,6.6499999999999995,1
67,GA,1.4999999999999993,1
68,GA,0.7499999999999993,0
69,GG,6.24,1
70,CW,6.210000000000001,1
71,SL,3.5099999999999993,0
72,MV,5.639999999999999,0
73,TG,6.19,0
74,HM,2.1699999999999986,0
75,CQ,3.1599999999999997,1
76,Q,0.8000000000000003,1
77,C,2.6399999999999997,1
78,E,-1.6700000000000006,1
79,R,5.790000000000001,1
80,P,8.48,1
81,S,6.2799999999999985,1
82,G,5.680000000000001,1
83,M,6.329999999999999,1
84,T,2.6900000000000004,1
85,K,10.940000000000003,1
86,H,2.999999999999999,1
87,A,3.3,1
88,A,3.3,0
89,D,1.8599999999999985,1
