,pattern,weight,status
0,RWRGA,1.5,0
1,SSSIK,9.469999999999999,0
2,QKAP,4.54,0
3,TTTR,9.370000000000001,1
4,SSSK,9.35,1
5,TRFR,8.259999999999998,0
6,RRER,7.64,0
7,TVRT,8.06,0
8,TTR,9.120000000000001,1
9,SSK,8.53,1
10,SSK,8.53,0
11,KHA,8.360000000000001,0
12,TTR,7.99,0
13,TTR,7.99,0
14,TRT,7.94,1
15,SKA,8.360000000000001,1
16,RRR,7.33,1
17,KRR,5.939999999999999,0
18,KGA,12.41,0
19,HYR,7.410000000000001,0
20,KKI,3.21,0
21,KHT,8.409999999999997,0
22,SK,8.360000000000001,1
23,DG,6.329999999999997,0
24,FR,11.770000000000001,0
25,TR,10.049999999999999,1
26,TR,10.049999999999999,0
27,HR,7.170000000000001,1
28,RR,5.909999999999999,1
29,RR,6.1499999999999995,0
30,SR,8.409999999999998,1
31,KP,3.04,1
32,KP,3.04,0
33,KK,3.98,1
34,KA,13.110000000000001,1
35,KA,12.940000000000001,0
36,SK,9.009999999999998,0
37,SK,9.669999999999998,0
38,KT,8.379999999999997,1
39,KT,9.19,0
40,RG,6.929999999999997,1
41,TT,3.37,1
42,TT,3.31,0
43,HK,11.23,1
44,HK,11.23,0
45,QC,6.84,1
46,NG,8.539999999999997,0
47,RV,6.779999999999998,0
48,CV,6.36,0
49,R,6.929999999999997,1
50,R,7.749999999999998,0
51,P,6.120000000000001,1
52,P,6.760000000000001,0
53,R,7.019999999999998,0
54,R,6.569999999999998,0
55,G,8.539999999999997,1
56,D,5.86,1
57,D,5.86,0
58,S,5.749999999999999,1
59,S,5.749999999999999,0
60,M,6.22,1
61,Q,5.82,1
62,P,8.720000000000002,0
63,C,6.590000000000001,1
64,T,2.29,1
65,T,1.84,0
66,K,6.3599999999999985,1
