,pattern,weight,status
0,TRKQRSSKA,2.2,0
1,RRRDRRRRR,4.92,0
2,TRKQSSIKA,3.92,0
3,RRRRRRRR,4.92,1
4,TRKQSSKA,3.54,1
5,RRRRRTRR,3.7999999999999994,0
6,RRYRRRRR,5.14,0
7,RLKQSSKA,6.15,0
8,RRRRRRR,3.7999999999999994,1
9,TTDTTDT,-3.66,1
10,TTDTTDT,-2.8,0
11,TTDTTDT,-2.6399999999999997,0
12,RKQSSKA,7.95,1
13,RKQSSKA,7.750000000000001,0
14,TTTRTTT,7.179999999999999,1
15,WSSSNSS,7.7100000000000035,0
16,VTTRTTT,7.3999999999999995,0
17,KTTTKDT,5.3599999999999985,0
18,ETRTTT,6.949999999999999,0
19,GGRRRR,9.749999999999998,1
20,TKTKTK,6.35,1
21,TKTKTK,7.159999999999999,0
22,KTTTKT,5.3599999999999985,1
23,SLSKAH,6.960000000000001,0
24,TKRKTK,7.069999999999999,0
25,SSSSSC,4.400000000000003,0
26,TRTTT,7.889999999999999,1
27,TSKSS,3.200000000000001,0
28,TTTKT,5.759999999999999,0
29,SSSSS,3.530000000000003,1
30,KTTTT,6.579999999999999,1
31,KTTTT,5.469999999999999,0
32,KTTKT,5.53,1
33,KTTKT,7.18,0
34,RRRRR,3.1999999999999997,1
35,TTRTT,6.909999999999999,1
36,SSSKS,5.59,1
37,SSSKS,5.53,0
38,QSKPA,2.690000000000001,0
39,QSSKA,2.690000000000001,1
40,SSKSS,3.5900000000000007,1
41,TTDTT,0.3500000000000002,1
42,TTDTT,0.9500000000000002,0
43,TTRT,7.819999999999999,1
44,RRRR,3.1999999999999997,1
45,TRTT,6.909999999999999,0
46,TDTT,1.6700000000000002,1
47,SSKA,6.960000000000001,1
48,TTID,-0.6799999999999997,0
49,TETT,1.8699999999999999,1
50,KESE,9.56,0
51,YTKT,0.9999999999999998,0
52,FKWP,5.169999999999998,0
53,SSK,4.180000000000001,1
54,HKS,3.81,0
55,TDT,0.17000000000000015,1
56,TRT,6.709999999999999,1
57,TDT,-1.65,0
58,TDT,-0.8999999999999999,0
59,HKH,4.0200000000000005,1
60,TTT,1.72,1
61,QGK,2.860000000000001,0
62,QPC,7.18,0
63,MRS,5.620000000000001,0
64,YHH,3.16,0
65,TD,-0.6799999999999997,1
66,TQ,4.010000000000001,1
67,GR,7.49,1
68,TR,11.75,1
69,TR,11.719999999999999,0
70,TT,1.5599999999999998,1
71,QC,7.120000000000001,1
72,KS,10.21,1
73,GK,3.8300000000000014,1
74,KP,5.759999999999998,1
75,HK,2.7199999999999998,1
76,RS,6.360000000000001,1
77,WP,6.26,0
78,TL,1.5599999999999998,0
79,GG,6.950000000000001,1
80,G,7.420000000000001,1
81,H,3.24,1
82,Q,5.340000000000001,1
83,R,7.130000000000001,1
84,G,7.25,0
85,Q,5.430000000000001,0
86,Q,5.340000000000001,0
87,T,1.5599999999999998,1
88,G,7.300000000000001,0
89,C,7.460000000000001,1
90,K,9.469999999999999,1
91,C,9.26,0
92,H,2.67,0
93,S,5.620000000000001,1
94,I,0.8900000000000002,1
