,pattern,weight,status
0,TRTTTRTTT,9.360000000000005,1
1,TTRTTRTTR,11.410000000000002,1
2,TTTTTTTTT,0.7600000000000012,1
3,RRRGGRRRR,7.94,1
4,RRRGGRRRR,7.330000000000001,0
5,RRGGRRRCR,7.510000000000001,0
6,TKTTKTTKP,0.5900000000000003,0
7,TTTTRTTT,9.360000000000005,0
8,TRTTRTTR,11.230000000000002,0
9,TTTTTTTT,-0.21999999999999875,1
10,TTDTTTTT,2.2899999999999987,1
11,TTDTTTTT,1.9899999999999989,0
12,TTTTTTTT,1.8400000000000012,0
13,TTTTTTTT,1.1100000000000012,0
14,RTRTRTRT,4.219999999999999,1
15,RTRTRTRT,4.539999999999999,0
16,RRGGRRRR,7.290000000000001,1
17,TKTKTTKK,-0.6299999999999997,0
18,RRGGRRR,7.610000000000001,0
19,TTTTTTT,2.160000000000001,1
20,TKTTTTK,0.6900000000000003,0
21,RVRRRNR,0.8199999999999994,0
22,SKSKFSK,6.45,0
23,TRTTRVT,4.489999999999999,0
24,RRRRRR,7.029999999999999,1
25,RRRRRR,7.81,0
26,RTRTRT,7.75,1
27,SKSKSK,6.52,1
28,TQTLTT,6.200000000000002,0
29,TRTYRT,4.22,0
30,RRRRRF,7.81,0
31,TRTTPT,7.040000000000002,0
32,TRTRT,4.569999999999999,1
33,RRRRR,7.81,1
34,KLKKG,4.619999999999998,0
35,AKSSQ,12.420000000000002,1
36,TRTTT,6.9700000000000015,1
37,WRRTR,6.379999999999999,1
38,WRRTR,5.659999999999999,0
39,RRTT,8.66,0
40,AKSS,11.410000000000002,1
41,RRTR,6.879999999999999,1
42,RRRR,1.2399999999999993,1
43,AKSS,10.180000000000001,0
44,AKSS,9.63,0
45,SSSK,7.38,1
46,GCGT,4.529999999999999,0
47,QCSW,5.669999999999999,0
48,RRT,6.419999999999999,0
49,SSK,8.16,1
50,RRR,1.8999999999999995,1
51,SRS,2.6099999999999994,1
52,RIL,5.9799999999999995,0
53,ARR,2.1299999999999994,0
54,TRK,2.559999999999999,0
55,QWT,1.0999999999999999,0
56,TT,2.8400000000000007,1
57,RL,5.9399999999999995,1
58,RR,2.7599999999999993,1
59,SS,2.5099999999999993,1
60,SS,2.0199999999999996,0
61,TR,2.1099999999999994,1
62,SR,3.0099999999999993,1
63,SR,3.0099999999999993,0
64,KS,5.119999999999999,1
65,GG,3.9699999999999998,1
66,QC,5.52,1
67,RG,6.51,1
68,KK,2.5500000000000007,1
69,IK,3.0700000000000007,0
70,TK,1.98,1
71,TK,2.34,0
72,KH,10.02,1
73,KH,10.02,0
74,PK,7.639999999999999,1
75,PK,8.37,0
76,QT,0.26999999999999996,1
77,TC,2.8400000000000007,0
78,GH,6.510000000000002,0
79,G,6.239999999999999,1
80,S,5.119999999999999,1
81,S,5.47,0
82,S,5.47,0
83,R,0.5299999999999998,1
84,T,1.2999999999999998,1
85,K,9.76,1
86,W,9.459999999999999,0
87,P,5.079999999999999,1
88,M,3.81,1
89,C,7.739999999999998,1
90,C,8.03,0
91,D,1.1800000000000004,1
92,Q,5.08,1
