,pattern,weight,status
0,TTDTTTTTK,3.9599999999999995,0
1,TRTGRTRTR,3.8299999999999996,0
2,TRTRTRTR,3.8299999999999996,1
3,TRTRTRTR,3.3999999999999995,0
4,TTTRTTTR,9.639999999999999,1
5,TTTRTTTR,10.12,0
6,TTTRTTTR,8.899999999999999,0
7,TTTTTDTT,1.3199999999999998,1
8,ATTTRTTT,8.209999999999999,0
9,TTTTDTT,0.71,0
10,TTTKTTK,4.740000000000001,0
11,TTTRTTT,8.03,1
12,TTTRTTT,8.03,0
13,PRRRRRR,5.4,0
14,TTTTTT,0.04000000000000015,1
15,TTTTTT,-1.7999999999999998,0
16,TRTRTR,6.24,1
17,TRTRTR,6.24,0
18,RRRRRR,4.44,1
19,RRKRRI,3.5800000000000005,0
20,PTKSYK,7.36,0
21,EQSGHS,9.54,0
22,TTTTT,2.7600000000000002,1
23,TTTTT,2.0800000000000005,0
24,QSSKA,7.959999999999997,1
25,QSSKA,7.959999999999997,0
26,TKSYK,7.36,0
27,FTTRT,7.049999999999999,0
28,QSHT,9.069999999999999,0
29,TKRT,5.759999999999999,0
30,TTRT,5.309999999999999,1
31,HRTT,7.669999999999999,0
32,CTTT,1.19,0
33,IRRA,6.53,0
34,QCSC,5.94,0
35,LGGW,5.560000000000001,0
36,SDNK,7.6000000000000005,0
37,SQFF,7.339999999999999,0
38,RTR,4.4799999999999995,1
39,RTR,3.0099999999999993,0
40,RTT,7.669999999999999,1
41,RRR,5.72,1
42,PRH,6.9,0
43,MNR,6.34,0
44,RTH,7.2,0
45,KAH,10.290000000000003,0
46,WPK,10.190000000000001,0
47,TT,1.7800000000000002,1
48,RT,7.640000000000001,1
49,RR,5.549999999999999,1
50,GE,4.48,0
51,DT,-0.8500000000000003,1
52,DT,-0.6400000000000003,0
53,KH,10.840000000000002,1
54,KH,10.690000000000001,0
55,RR,5.279999999999999,0
56,KA,10.810000000000002,1
57,GG,5.560000000000001,1
58,RT,7.000000000000001,0
59,TK,3.0399999999999983,1
60,TK,4.719999999999999,0
61,QC,7.17,1
62,QC,5.78,0
63,RG,5.28,1
64,SK,10.140000000000002,1
65,SK,10.210000000000003,0
66,RH,7.12,1
67,RH,6.74,0
68,GF,7.800000000000002,0
69,GF,7.800000000000002,0
70,NA,1.9599999999999986,0
71,AV,2.3099999999999987,0
72,SY,7.689999999999999,0
73,SC,6.180000000000001,0
74,V,3.1000000000000005,0
75,R,5.279999999999999,1
76,C,7.17,1
77,M,5.39,1
78,Q,6.08,1
79,R,6.840000000000001,0
80,R,6.6000000000000005,0
81,K,9.920000000000002,1
82,T,2.0500000000000003,1
83,T,2.0500000000000003,0
84,G,7.980000000000001,1
85,Q,6.14,0
86,D,6.58,1
87,D,6.11,0
88,D,6.58,0
89,K,8.83,0
90,S,7.689999999999999,1
91,C,6.180000000000001,0
92,P,10.570000000000002,1
