,pattern,weight,status
0,TTTDTTTTT,3.539999999999999,1
1,TTTTTETTT,5.089999999999996,1
2,TTTTTETTT,5.089999999999996,0
3,TTTRTTTRT,9.37,1
4,TTTRTTTRT,9.37,0
5,LTTETTETQ,3.630000000000002,0
6,TTTDTTTT,3.129999999999999,0
7,TTTKTTTK,4.12,1
8,TTTKTTTK,3.9,0
9,HWRHIGVF,5.5200000000000005,0
10,TTTTTPTT,2.57,0
11,TTTTTTT,5.169999999999997,1
12,TTTTTTT,5.969999999999997,0
13,KKKKKKK,6.000000000000001,1
14,KKKKKKK,6.000000000000001,0
15,KTTTKTT,1.82,1
16,KTTTKTT,1.82,0
17,KTTTTTD,3.41,0
18,KTTTTT,3.41,1
19,TTKTT,2.3899999999999997,0
20,TQRTN,9.330000000000004,0
21,TTKT,1.5200000000000002,0
22,TTTR,4.9700000000000015,1
23,TTTR,4.9700000000000015,0
24,FRRG,8.259999999999998,0
25,KTDK,7.350000000000001,1
26,KTDK,8.040000000000001,0
27,AKSS,8.49,1
28,AKSS,8.49,0
29,HTTK,6.919999999999998,0
30,HTTK,6.919999999999998,0
31,TRT,8.450000000000003,1
32,TTR,8.390000000000002,1
33,KTK,9.01,1
34,KTK,9.01,0
35,TRT,9.530000000000003,0
36,TRT,9.540000000000003,0
37,AKS,11.350000000000001,1
38,AKS,11.350000000000001,0
39,TTK,7.839999999999998,1
40,TTK,7.839999999999998,0
41,QQI,-1.16,1
42,QQI,-1.16,0
43,KKH,5.260000000000002,1
44,KKH,5.260000000000002,0
45,YKA,3.0700000000000003,0
46,TTR,5.920000000000002,0
47,TTR,5.650000000000001,0
48,QIH,-0.6399999999999997,0
49,RRG,9.629999999999999,0
50,KRG,8.069999999999999,0
51,QKP,5.260000000000001,0
52,EMT,1.8399999999999999,0
53,VA,10.23,0
54,NL,-0.38000000000000034,0
55,QI,-0.8199999999999997,1
56,TR,8.610000000000003,1
57,TR,8.610000000000003,0
58,GG,4.87,1
59,GG,4.57,0
60,YK,3.71,1
61,YK,3.3,0
62,RR,9.629999999999999,1
63,KG,1.2100000000000004,1
64,KG,1.1900000000000004,0
65,QC,10.37,1
66,QC,10.899999999999999,0
67,RG,8.069999999999999,1
68,TT,3.260000000000001,1
69,TT,3.260000000000001,0
70,VS,4.4,0
71,SS,4.4,1
72,RD,10.579999999999995,1
73,RD,10.579999999999995,0
74,RS,10.86,1
75,RS,10.86,0
76,KP,5.260000000000001,1
77,ET,1.8399999999999999,1
78,KS,5.709999999999998,1
79,KS,5.709999999999998,0
80,KH,5.010000000000002,1
81,K,5.010000000000002,1
82,R,9.410000000000002,1
83,C,9.809999999999999,1
84,C,10.069999999999999,0
85,H,4.370000000000001,1
86,H,4.370000000000001,0
87,M,4.600000000000001,1
88,K,4.600000000000001,0
89,D,-2.9599999999999995,1
90,D,-2.9599999999999995,0
91,Q,3.9099999999999993,1
92,G,6.98,1
93,G,6.98,0
94,P,6.220000000000001,1
95,P,5.670000000000001,0
96,S,6.409999999999998,1
97,S,6.409999999999998,0
