,pattern,weight,status
0,KTQKWT,0.3399999999999997,0
1,AKSSQ,8.16,1
2,THITR,11.459999999999999,0
3,TTRTE,11.14,0
4,GKQGR,1.9200000000000013,0
5,KSSQ,8.16,0
6,KTTT,3.0400000000000005,1
7,KTTT,3.0400000000000005,0
8,TTTR,11.68,1
9,TTRT,11.14,1
10,TRAT,11.14,0
11,KSSS,7.859999999999999,1
12,KSSS,6.87,0
13,GNRR,6.4700000000000015,0
14,GRGR,6.440000000000001,1
15,KTKT,0.13999999999999968,1
16,TRCT,8.24,0
17,TTT,3.0400000000000005,1
18,TRT,7.289999999999999,1
19,KSS,7.56,1
20,KSS,7.56,0
21,KSS,7.56,0
22,RRR,8.08,1
23,RRR,8.9,0
24,RRR,8.22,0
25,RRR,8.22,0
26,AKS,4.929999999999999,1
27,AKS,5.489999999999998,0
28,KGG,2.9600000000000017,1
29,KGG,2.6200000000000014,0
30,SKS,6.649999999999999,1
31,SKS,6.929999999999999,0
32,SKS,5.669999999999998,0
33,HKH,5.93,1
34,HKH,5.1899999999999995,0
35,FRT,10.499999999999998,0
36,TRC,11.270000000000001,0
37,KCN,8.92,0
38,GK,1.9200000000000013,1
39,AK,4.929999999999999,1
40,AK,4.929999999999999,0
41,TK,2.2399999999999993,1
42,TK,2.2399999999999993,0
43,KS,5.939999999999999,1
44,GG,5.450000000000002,1
45,GG,5.450000000000002,0
46,RR,6.780000000000001,1
47,RR,6.780000000000001,0
48,KG,3.750000000000001,0
49,KG,4.280000000000001,0
50,RT,9.499999999999998,1
51,TT,3.76,1
52,TT,3.76,0
53,RG,3.7200000000000006,1
54,RG,3.8600000000000008,0
55,SR,2.5999999999999996,1
56,SR,1.6199999999999997,0
57,KP,5.8999999999999995,1
58,KP,6.67,0
59,CQ,10.63,1
60,CQ,10.690000000000001,0
61,HK,6.900000000000001,1
62,HK,6.900000000000001,0
63,HK,6.900000000000001,0
64,QT,2.9499999999999993,1
65,QT,2.9499999999999993,0
66,QT,2.9499999999999993,0
67,MN,2.2500000000000013,1
68,ER,6.780000000000001,0
69,DR,5.410000000000001,1
70,DR,6.380000000000001,0
71,AN,4.529999999999999,0
72,HR,6.340000000000001,1
73,EG,5.450000000000002,0
74,MM,2.590000000000001,0
75,WT,3.4899999999999998,0
76,QV,3.439999999999999,0
77,S,6.119999999999998,1
78,N,2.2500000000000013,0
79,G,5.460000000000002,1
80,G,5.870000000000002,0
81,P,6.699999999999999,1
82,P,5.8999999999999995,0
83,A,3.5499999999999994,1
84,A,2.7399999999999993,0
85,R,6.340000000000001,1
86,T,0.5599999999999998,1
87,G,5.450000000000002,0
88,S,5.349999999999998,0
89,C,10.770000000000001,1
90,Q,4.039999999999999,1
91,M,3.0000000000000013,1
92,M,3.0000000000000013,0
93,K,9.91,1
