,pattern,weight,status
0,KGGGMQ,-1.48,0
1,ESKPSR,5.25,0
2,ASSSP,8.469999999999999,0
3,IRRRA,4.32,0
4,TTMRT,5.2700000000000005,0
5,TTCRT,3.87,0
6,SVSSS,8.089999999999998,0
7,TTRT,5.680000000000001,1
8,SSSK,6.179999999999999,1
9,SSSK,6.179999999999999,0
10,RTTT,6.770000000000002,1
11,RTTT,6.770000000000002,0
12,SSSS,8.089999999999998,1
13,AKSS,6.929999999999998,1
14,AKSS,6.439999999999998,0
15,RTRT,6.190000000000001,1
16,SAKS,5.239999999999999,0
17,NKSS,7.859999999999998,0
18,QRET,3.500000000000002,0
19,RTT,5.690000000000001,1
20,GVG,2.75,0
21,RTT,5.690000000000001,0
22,RTT,5.880000000000002,0
23,AKS,6.359999999999998,1
24,AKS,6.359999999999998,0
25,KSS,8.259999999999998,1
26,RRR,2.96,1
27,RRR,2.96,0
28,GGG,2.8,1
29,SKS,5.22,1
30,SKS,5.22,0
31,RTR,4.480000000000001,1
32,RTR,4.480000000000001,0
33,RTR,1.6200000000000012,0
34,HKH,7.449999999999998,1
35,KSG,3.29,0
36,RKT,7.170000000000002,0
37,NCQ,4.19,0
38,LPG,8.08,0
39,RNH,3.79,0
40,RHA,3.9299999999999997,0
41,HK,7.449999999999998,1
42,RT,6.260000000000002,1
43,WA,9.349999999999998,0
44,GG,2.5,1
45,WH,4.6,0
46,SV,1.21,0
47,NS,-0.38,1
48,NS,-0.38,0
49,KS,6.239999999999998,1
50,KS,6.239999999999998,0
51,RT,4.320000000000002,0
52,CA,3.460000000000001,0
53,LT,8.299999999999997,0
54,GG,3.2399999999999993,0
55,GG,2.2499999999999996,0
56,KG,3.08,1
57,KG,2.2600000000000002,0
58,HK,4.890000000000001,0
59,HK,4.99,0
60,GG,2.3000000000000007,0
61,AK,9.349999999999998,1
62,GR,7.24,1
63,GR,7.180000000000001,0
64,RS,7.33,1
65,RS,6.72,0
66,TK,7.639999999999998,1
67,TK,7.639999999999998,0
68,RR,9.989999999999998,1
69,RR,11.129999999999999,0
70,CQ,4.19,1
71,KK,3.289999999999999,1
72,KK,3.289999999999999,0
73,KK,3.8699999999999997,0
74,RH,5.1499999999999995,1
75,KA,7.380000000000001,0
76,CI,1.8,0
77,IR,1.8,0
78,K,7.239999999999999,1
79,R,6.240000000000001,1
80,T,5.760000000000002,1
81,D,3.62,1
82,K,6.7700000000000005,0
83,K,6.260000000000001,0
84,C,6.330000000000001,1
85,S,4.989999999999999,1
86,S,4.989999999999999,0
87,Q,4.950000000000001,1
88,Q,4.950000000000001,0
89,M,6.949999999999999,1
90,G,7.129999999999999,1
91,G,7.129999999999999,0
92,P,8.91,1
93,P,8.91,0
