,pattern,weight,status
0,TTTETTTTT,1.72,1
1,TTTETTTTT,1.45,0
2,SSSSSDSSS,-3.559999999999999,1
3,TTKTTKTTK,-1.8500000000000019,1
4,TTKTTTTTK,-2.910000000000001,1
5,DSSSDSSMS,-2.9999999999999996,0
6,TTKTVTKTK,-1.5800000000000018,0
7,RRRNRVRRR,10.150000000000002,0
8,TTRTTTTR,6.11,0
9,TTKTTTTK,-2.640000000000001,0
10,SSSSDSSS,-5.899999999999999,0
11,TRTTRTTR,5.510000000000001,0
12,DSSSDSSS,-1.2799999999999998,1
13,PTTGTTQT,1.5100000000000002,0
14,DTGETTTT,0.5099999999999998,0
15,TETTETTT,-0.09000000000000008,0
16,RRRRRRRC,11.250000000000002,0
17,TKTTTTK,0.07999999999999818,0
18,TTTETTT,-0.78,1
19,SSSSSSS,-4.209999999999999,0
20,SSSSSSS,-4.749999999999999,0
21,TRTTRTT,4.449999999999999,1
22,RRRRRRR,9.060000000000002,1
23,TTYPTTT,1.1700000000000002,0
24,TTTRKT,5.669999999999999,0
25,KTTTRK,-0.8700000000000009,0
26,SSPDSS,-2.5599999999999996,0
27,TRTTRT,4.72,0
28,SSSDSS,-3.6599999999999993,1
29,TTTRTT,4.629999999999999,1
30,DTTTTT,0.7199999999999999,1
31,THTTRT,8.73,0
32,RRRGT,12.699999999999998,0
33,HTTTK,-1.3200000000000007,0
34,TTRTT,5.279999999999999,1
35,RQKRR,10.619999999999997,0
36,TTTRT,8.59,1
37,TTTTK,3.7199999999999993,1
38,TTTTK,3.7199999999999993,0
39,SSSDS,-2.0499999999999994,1
40,RRRRG,12.179999999999996,1
41,TTTDT,-0.08999999999999969,1
42,TTTT,0.4700000000000003,1
43,TTET,-0.9599999999999996,1
44,SRSS,-1.6399999999999995,0
45,HTTK,2.19,0
46,TTMK,2.19,0
47,TKG,2.1999999999999997,0
48,PQC,4.02,0
49,TTT,-0.46999999999999975,1
50,CWN,4.799999999999999,0
51,TPK,1.35,0
52,HHR,8.659999999999998,0
53,QKP,3.960000000000001,0
54,YSR,6.689999999999999,0
55,YG,5.8999999999999995,0
56,KG,7.199999999999998,1
57,RT,13.1,1
58,AC,9.129999999999999,0
59,KA,10.689999999999998,1
60,CW,5.959999999999998,1
61,TK,2.6,1
62,GR,8.099999999999998,1
63,KP,4.630000000000001,1
64,RT,13.009999999999998,0
65,SR,6.999999999999998,1
66,SS,8.37,1
67,SS,5.91,0
68,RR,3.26,1
69,RR,2.1999999999999997,0
70,KH,10.599999999999998,1
71,KH,9.77,0
72,KS,8.459999999999997,1
73,QC,5.41,1
74,GG,6.799999999999999,1
75,RD,7.740000000000002,1
76,HR,7.709999999999999,1
77,EQ,5.74,0
78,KG,6.4099999999999975,0
79,SE,4.01,0
80,KP,5.38,0
81,FR,7.490000000000002,0
82,CG,2.329999999999999,0
83,YA,6.2700000000000005,0
84,A,6.500000000000001,1
85,K,9.489999999999997,1
86,S,4.63,1
87,G,5.89,1
88,R,7.139999999999997,1
89,M,5.990000000000001,1
90,C,4.039999999999999,1
91,P,5.38,1
92,Q,6.08,1
93,K,8.419999999999998,0
94,T,4.629999999999998,1
