,pattern,weight,status
0,TTTDTTTTT,2.500000000000001,1
1,TTTDTTTTT,1.9200000000000008,0
2,GGGKGGGKG,2.12,1
3,GGGKGGGKG,2.33,0
4,GGGKGGGKG,2.33,0
5,GKGKGKGKG,0.39000000000000007,1
6,GKGKGKGKG,0.39000000000000007,0
7,GKGKGKGKG,0.01000000000000005,0
8,ETTETTETT,3.5199999999999996,1
9,GGGKGGGGK,3.980000000000001,0
10,RTHTTRTTT,3.3300000000000023,0
11,RTHTTRTTT,3.200000000000003,0
12,GDGGKGGGG,2.21,0
13,GGGKGGGK,3.130000000000001,1
14,GGGKGGGK,3.960000000000001,0
15,RTTTRTTT,4.500000000000002,1
16,TNTTTTTT,0.5900000000000005,0
17,TTPTDTTT,1.830000000000001,0
18,ETTTETT,3.1199999999999997,0
19,TTTRTTT,3.630000000000002,1
20,TTTDTTT,1.4400000000000008,1
21,DRTHTTT,2.4300000000000006,0
22,RRRRRRR,3.7199999999999984,1
23,RRRRRRR,3.5799999999999983,0
24,TTTTTTT,1.0600000000000005,1
25,RRRRRRR,4.279999999999998,0
26,GKGGKGK,-1.41,0
27,TRTTRTT,6.010000000000001,1
28,TRTTRTT,6.010000000000001,0
29,CADTH,2.6800000000000006,0
30,IRTRT,8.159999999999997,0
31,KKNK,8.88,0
32,KKKK,7.740000000000001,1
33,KKKK,7.760000000000001,0
34,TTTR,5.6,1
35,TTTR,5.6,0
36,RTRT,7.919999999999996,1
37,TRTS,7.4099999999999975,0
38,TTPT,5.839999999999998,0
39,RRQR,8.289999999999997,0
40,LRTR,6.799999999999999,0
41,ATHR,5.1,0
42,TRT,7.4099999999999975,1
43,TTT,6.709999999999999,1
44,RRR,8.219999999999997,1
45,AKS,8.559999999999997,1
46,RTR,6.84,1
47,RTT,11.559999999999997,1
48,RTT,11.239999999999997,0
49,RTT,9.62,0
50,KHH,6.320000000000001,0
51,KGG,-0.33999999999999997,1
52,KGG,-0.76,0
53,KFS,9.399999999999999,0
54,KTE,7.509999999999996,0
55,DTM,2.6800000000000006,0
56,GSR,7.389999999999998,0
57,KH,7.160000000000001,1
58,GG,-0.30999999999999994,1
59,SK,5.6899999999999995,1
60,SS,5.81,1
61,AK,8.559999999999997,1
62,TR,6.1499999999999995,1
63,DT,2.6800000000000006,1
64,GR,8.309999999999997,1
65,RR,6.609999999999999,1
66,RR,6.609999999999999,0
67,GG,-0.30999999999999994,0
68,AK,7.2700000000000005,0
69,AK,7.920000000000001,0
70,SR,8.04,1
71,KT,5.629999999999996,1
72,KH,7.760000000000001,0
73,QC,5.38,1
74,QC,4.6899999999999995,0
75,RL,3.9199999999999986,1
76,QN,3.5799999999999996,0
77,DF,3.5599999999999987,0
78,L,3.9199999999999986,0
79,D,4.189999999999999,1
80,K,7.760000000000001,1
81,Q,3.6599999999999997,1
82,K,7.36,0
83,K,7.98,0
84,M,5.260000000000002,1
85,H,3.159999999999999,1
86,H,4.099999999999999,0
87,G,7.609999999999999,1
88,G,9.989999999999998,0
89,C,6.320000000000001,1
90,R,4.5699999999999985,1
91,S,6.789999999999999,1
92,S,6.789999999999999,0
93,P,8.6,1
