,pattern,weight,status
0,KKKKKKKKK,4.260000000000001,1
1,KKKKKKKKK,3.1400000000000006,0
2,GGGKGGGKG,5.83,1
3,GGGKGGGKG,5.83,0
4,RTTRTTRTT,6.209999999999999,1
5,TTTTTETTT,0.7299999999999999,1
6,TTTTTETTT,1.63,0
7,TTTTTETT,1.63,1
8,TTTNITTT,2.1500000000000004,0
9,RTTRTRTT,6.59,0
10,GGGKGGKG,4.64,0
11,TTTTTTTT,3.93,1
12,TTTTTTTT,4.15,0
13,TTTTTETT,2.87,0
14,TTTTTETT,3.6500000000000004,0
15,GGKGGKGG,2.9699999999999998,1
16,GGKGGKGG,3.7299999999999995,0
17,STRTRTRT,6.370000000000003,0
18,TRTRTRT,6.100000000000003,1
19,TRTRTRT,6.730000000000003,0
20,VPTTTRT,6.800000000000002,0
21,TRRTRT,6.650000000000003,0
22,TTTTTT,0.009999999999999898,1
23,TTTTTT,0.009999999999999898,0
24,TTTTTT,0.1599999999999999,0
25,SSSKSS,9.329999999999998,1
26,SSSKSS,8.739999999999998,0
27,TTTRTT,6.870000000000003,1
28,TTTRTT,7.640000000000002,0
29,SSCMSS,4.9799999999999995,0
30,MTTRT,6.250000000000002,0
31,SSKSS,9.099999999999998,1
32,SSKSS,8.499999999999998,0
33,TTTRT,6.240000000000002,1
34,SSSSS,3.3399999999999994,1
35,SSSSS,3.3399999999999994,0
36,QDWAV,8.02,0
37,TTRT,6.300000000000002,1
38,SSSS,4.35,1
39,SSSS,4.35,0
40,TTRT,6.960000000000002,0
41,TTRT,6.960000000000002,0
42,SSSS,3.7999999999999994,0
43,QTTK,2.08,0
44,QTVT,2.77,0
45,RCD,2.720000000000001,0
46,RTK,2.64,0
47,RGS,4.3199999999999985,0
48,DQQ,3.3300000000000014,0
49,RSD,6.3599999999999985,0
50,CWQ,7.78,0
51,ATR,8.37,0
52,RGH,6.979999999999996,0
53,KHR,7.789999999999999,0
54,HER,9.599999999999998,0
55,HK,7.789999999999999,1
56,AT,8.040000000000003,0
57,AT,7.910000000000003,0
58,TR,8.37,1
59,KA,11.639999999999999,1
60,KA,11.639999999999999,0
61,KA,11.639999999999999,0
62,RG,7.759999999999996,1
63,SK,8.69,1
64,SK,9.27,0
65,RR,9.939999999999998,1
66,RR,9.029999999999998,0
67,RS,5.679999999999999,1
68,KH,8.559999999999999,0
69,CW,5.949999999999999,1
70,CW,5.949999999999999,0
71,TK,3.25,1
72,TK,2.45,0
73,GK,2.070000000000002,1
74,CQ,8.15,1
75,KT,10.1,0
76,K,9.78,1
77,K,3.2500000000000018,0
78,G,7.419999999999996,1
79,G,7.419999999999996,0
80,C,6.3500000000000005,1
81,K,9.519999999999998,0
82,K,10.339999999999998,0
83,D,2.530000000000001,1
84,P,11.81,1
85,R,9.599999999999998,1
86,S,4.829999999999998,1
87,S,5.709999999999998,0
88,H,3.4600000000000017,1
89,H,3.4800000000000018,0
90,T,3.7199999999999993,1
91,Q,5.4399999999999995,1
92,Q,5.4399999999999995,0
93,A,7.339999999999998,1
94,A,7.429999999999998,0
95,M,6.609999999999999,1
96,M,6.609999999999999,0
