,pattern,weight,status
0,SKSKSKSKS,-0.039999999999998315,1
1,SKSKSKSKS,-0.039999999999998315,0
2,SKSKSKSKS,0.0400000000000017,0
3,TTTETTTTT,4.3400000000000025,1
4,TTTETTTTT,5.160000000000003,0
5,TRTTTRTTT,9.600000000000005,1
6,TRTTTRTTT,10.510000000000005,0
7,DTTDLTDTT,1.809999999999997,0
8,RERRRRRSR,3.91,0
9,RERRRRRSR,3.91,0
10,TRETETTTT,4.970000000000002,0
11,DTDTTDTT,2.6099999999999968,0
12,SSKSKSKS,0.4300000000000016,0
13,TRTTTTT,9.160000000000004,0
14,RRRRRRR,3.6900000000000004,1
15,RRRRRRR,4.98,0
16,TTTATTT,0.6000000000000035,0
17,TDTTTTT,2.1300000000000012,1
18,TDTTTTT,1.2600000000000013,0
19,TTTTTT,0.6000000000000035,1
20,TTTTTT,0.6000000000000035,0
21,TTTTTT,0.6000000000000035,0
22,SPSKSS,-1.1900000000000002,0
23,SPSKSS,-1.7500000000000002,0
24,KLGKFG,5.010000000000002,0
25,SSKSSS,-0.6400000000000001,1
26,GKSSSS,5.679999999999999,0
27,LGKGK,5.610000000000001,0
28,SSKSS,-0.6400000000000001,1
29,KLGKG,5.990000000000001,0
30,TTTRC,9.57,0
31,KSASS,3.4399999999999995,0
32,TTTR,9.34,1
33,SSKS,3.4899999999999998,1
34,SSKS,4.59,0
35,SSKS,3.24,0
36,KGKG,6.440000000000001,1
37,KGKG,7.8900000000000015,0
38,KSSS,5.659999999999999,1
39,TRTR,7.750000000000002,1
40,FKDA,10.87,0
41,NNPK,6.119999999999999,0
42,AKAP,12.279999999999998,0
43,TRR,7.750000000000002,0
44,TTR,9.000000000000002,1
45,TTR,8.45,0
46,TTR,8.45,0
47,TTK,5.9300000000000015,1
48,TTK,5.010000000000002,0
49,KTK,2.3400000000000016,1
50,ERG,9.02,0
51,RKH,9.949999999999998,0
52,SKN,13.519999999999996,0
53,ATQ,4.510000000000001,0
54,TK,3.4700000000000015,1
55,TK,3.4700000000000015,0
56,TR,9.000000000000002,1
57,TR,9.000000000000002,0
58,SS,3.1099999999999994,1
59,SS,3.3399999999999994,0
60,CQ,11.57,1
61,CQ,11.74,0
62,RG,9.02,1
63,GG,6.8100000000000005,1
64,GG,6.8100000000000005,0
65,SR,7.409999999999998,1
66,SR,7.409999999999998,0
67,KK,4.43,1
68,KK,5.18,0
69,KH,8.999999999999998,1
70,KA,13.089999999999998,1
71,SK,13.249999999999996,1
72,TQ,6.280000000000001,1
73,PK,7.209999999999999,1
74,PK,7.209999999999999,0
75,RR,10.49,1
76,RR,10.58,0
77,DP,5.799999999999998,0
78,KM,1.9999999999999998,0
79,D,3.94,1
80,H,3.87,1
81,H,3.35,0
82,R,8.359999999999998,1
83,S,5.579999999999999,1
84,T,4.249999999999999,1
85,T,4.249999999999999,0
86,D,3.46,0
87,K,6.239999999999999,1
88,M,1.9999999999999998,1
89,P,5.799999999999998,1
90,A,7.369999999999999,1
91,A,8.139999999999999,0
92,G,5.879999999999999,1
93,C,6.34,1
94,C,6.34,0
