,pattern,weight,status
0,RTTRTTRTT,2.490000000000001,1
1,TDTTTDTTT,1.9500000000000008,1
2,TDTTTDTTT,2.690000000000001,0
3,TDTTTDTTT,1.9500000000000008,0
4,TTTTTETTT,4.27,1
5,KKPKKGKKK,0.13999999999999913,1
6,KKPKKGKKK,0.13999999999999913,0
7,TTTTTTTMT,4.53,0
8,RTTRTRTT,2.580000000000001,0
9,TTTTTTTT,4.819999999999999,1
10,RTTRTTRT,3.860000000000001,0
11,RTTRTTRT,3.490000000000001,0
12,TTDTTTTT,5.8,1
13,TTTTTTTT,4.65,0
14,TTTTTTTT,4.65,0
15,TTTTTTTT,3.890000000000001,0
16,TTTDTTTT,5.8,0
17,TTTDTTET,-0.05000000000000035,0
18,VKKKRKKK,2.0900000000000003,0
19,TTTTTET,-1.0300000000000002,1
20,KQQSSKA,10.780000000000001,0
21,KKKLKKK,2.2800000000000002,0
22,KKKKKKF,1.1700000000000004,0
23,TTTTET,0.6999999999999996,0
24,TTTTET,0.08999999999999965,0
25,KQSSKA,10.780000000000001,1
26,TTTTRT,13.71,0
27,RTTDRT,9.29,0
28,KKKKK,2.4200000000000004,1
29,KKKKK,2.4200000000000004,0
30,TTTRT,14.540000000000001,1
31,TRTRT,8.87,1
32,TQTRT,7.469999999999999,0
33,KTTTC,0.23000000000000023,0
34,TTRT,8.909999999999998,1
35,MSKS,5.25,0
36,KKGT,5.1099999999999985,0
37,HSKA,5.69,0
38,KTT,0.23000000000000023,1
39,KTT,-0.27999999999999975,0
40,SKS,6.45,1
41,SKA,5.69,1
42,GGW,6.2399999999999975,0
43,KHG,6.499999999999997,0
44,KRT,4.63,0
45,RGW,9.0,0
46,QSS,6.8,0
47,TR,7.979999999999999,1
48,RP,9.099999999999996,0
49,SK,6.12,1
50,KS,7.720000000000001,0
51,KS,6.82,0
52,SS,6.8,1
53,SS,6.39,0
54,GG,5.849999999999998,1
55,RR,10.689999999999996,1
56,RR,11.069999999999997,0
57,KH,6.589999999999997,1
58,KT,4.63,1
59,KA,3.48,1
60,KA,3.75,0
61,SR,10.069999999999997,1
62,RG,9.0,1
63,RG,8.100000000000001,0
64,RD,3.3499999999999988,1
65,RD,3.3499999999999988,0
66,KG,4.429999999999999,1
67,KG,4.339999999999999,0
68,CQ,4.890000000000001,1
69,CQ,4.890000000000001,0
70,CQ,4.98,0
71,TR,6.010000000000002,0
72,TR,6.010000000000002,0
73,TR,6.600000000000001,0
74,PL,9.06,0
75,R,9.929999999999996,1
76,G,5.849999999999998,1
77,G,6.559999999999998,0
78,R,10.439999999999998,0
79,R,9.000000000000002,0
80,K,8.410000000000002,1
81,K,8.570000000000002,0
82,A,3.2500000000000018,1
83,H,4.569999999999997,1
84,H,5.009999999999997,0
85,C,7.17,1
86,C,7.4799999999999995,0
87,C,7.57,0
88,Q,5.089999999999999,1
89,Q,5.089999999999999,0
90,Q,6.0699999999999985,0
91,T,2.9699999999999998,1
92,S,3.7500000000000004,1
93,S,3.7500000000000004,0
94,M,5.650000000000001,1
95,P,8.51,1
