,pattern,weight,status
0,TTTTTETTT,-1.7699999999999996,1
1,KKKKKKKKK,-0.5099999999999988,1
2,TRTRTRTRT,7.05,1
3,TRTRTRTRT,6.07,0
4,TTTTTTTTT,-4.27,1
5,TTTTTTTTT,-4.27,0
6,KTTTKTTTK,1.9700000000000004,1
7,TTKTTTTTK,4.93,1
8,TTKTTTTTK,5.12,0
9,TTTKTTTTK,1.0100000000000007,0
10,TTTGRTTTR,11.339999999999998,0
11,TRTMTRTRT,7.67,0
12,KKKKKKKK,-1.2899999999999987,1
13,TTTTTTTT,-0.8999999999999997,1
14,TTTTTTTT,-1.4399999999999997,0
15,KKKKKKKK,0.7900000000000014,0
16,KKKKKKKK,0.29000000000000137,0
17,KKKKKKKK,1.0100000000000013,0
18,TTTRTTTR,10.909999999999998,1
19,KKKKKMKK,-1.9199999999999988,0
20,TTKTRTTK,0.09000000000000064,0
21,TTTKTTK,0.34000000000000064,0
22,TTKTTTK,2.18,1
23,TTTKTTT,0.8300000000000005,0
24,RRRRRRR,6.7299999999999995,1
25,RRRRRRR,5.56,0
26,RRRRRRR,6.72,0
27,IKKKQK,0.09000000000000036,0
28,KKKKK,-1.9199999999999988,1
29,KKKKK,-1.9199999999999988,0
30,KKKKK,-1.4199999999999988,0
31,RTRRW,9.030000000000001,1
32,NKYDH,3.38,0
33,KKKVK,3.9299999999999997,0
34,KFHKH,8.850000000000001,0
35,KYTK,1.9499999999999997,0
36,RTRW,9.520000000000001,0
37,KTKT,2.6099999999999994,1
38,KHKH,8.280000000000001,1
39,KHKH,7.990000000000002,0
40,TTRT,9.77,1
41,TTRT,9.77,0
42,KFIT,5.33,0
43,FSKA,8.540000000000001,0
44,KKK,4.43,1
45,WRK,5.829999999999997,0
46,SKA,8.75,1
47,PKA,8.100000000000001,0
48,KKQ,3.7300000000000004,0
49,AIG,4.79,0
50,GWR,10.94,0
51,RIR,7.049999999999997,0
52,KR,4.3199999999999985,0
53,LK,4.969999999999999,0
54,KK,3.8400000000000003,1
55,AV,7.33,0
56,RK,3.7300000000000004,0
57,GG,6.24,1
58,KA,9.81,1
59,GR,11.95,1
60,RR,6.4499999999999975,1
61,KH,1.3800000000000001,1
62,KH,1.0500000000000003,0
63,KG,4.679999999999999,1
64,SS,5.690000000000001,1
65,KT,4.970000000000001,1
66,DS,-2.0200000000000005,1
67,SK,10.07,1
68,SR,6.690000000000001,1
69,SR,6.630000000000001,0
70,QC,8.680000000000001,1
71,RT,5.069999999999999,1
72,PK,4.659999999999999,1
73,MM,2.9500000000000006,0
74,GN,7.210000000000001,0
75,TG,6.190000000000001,0
76,S,5.260000000000002,1
77,S,-2.0200000000000005,0
78,G,6.0600000000000005,1
79,C,8.97,1
80,Q,5.289999999999999,1
81,R,6.860000000000001,1
82,P,4.659999999999999,1
83,K,6.19,1
84,K,6.73,0
85,D,1.5899999999999994,1
86,D,1.1699999999999995,0
87,M,3.4200000000000004,1
88,H,3.02,1
89,C,9.610000000000001,0
90,C,8.14,0
91,S,5.470000000000001,0
92,T,6.1400000000000015,1
