,pattern,weight,status
0,MKKYGKK,6.940000000000001,0
1,TTRTTT,4.32,1
2,TTRTTT,4.680000000000001,0
3,KQSSKA,7.820000000000003,1
4,KQSSKA,7.700000000000003,0
5,KQSSKA,7.820000000000003,0
6,KKGKKP,6.310000000000001,1
7,KKGKKP,6.4700000000000015,0
8,RRRIRR,7.359999999999998,0
9,RRRRR,8.089999999999998,1
10,GRRRR,4.9799999999999995,1
11,GRRRR,5.8,0
12,KGKKP,7.660000000000001,1
13,KGKKP,7.660000000000001,0
14,KGKKP,7.850000000000001,0
15,TTNRT,7.989999999999998,0
16,RESHN,5.2700000000000005,0
17,GRRR,6.14,0
18,GRRR,6.14,0
19,TTTT,3.849999999999999,1
20,TTTT,3.849999999999999,0
21,TTTT,3.7899999999999996,0
22,SSKA,10.060000000000002,1
23,SSKA,10.060000000000002,0
24,TTRT,7.549999999999998,1
25,RTTT,7.300000000000001,1
26,RTTT,6.98,0
27,KKKK,1.85,1
28,KKKK,1.1700000000000002,0
29,TRTT,7.960000000000002,0
30,RTT,6.650000000000001,1
31,RTT,7.280000000000001,0
32,TRT,7.149999999999999,1
33,TRT,7.649999999999999,0
34,KKK,1.1800000000000002,1
35,KKK,1.1800000000000002,0
36,RTT,4.799999999999999,0
37,RTR,5.549999999999999,1
38,RRR,6.889999999999999,1
39,RRR,6.889999999999999,0
40,SKS,4.36,1
41,SKS,5.880000000000001,0
42,QQC,5.490000000000001,0
43,RKK,1.96,0
44,KHV,6.5200000000000005,0
45,RT,6.979999999999999,1
46,KN,7.170000000000001,0
47,GL,7.789999999999999,0
48,QC,6.280000000000001,1
49,GK,4.03,1
50,GK,4.220000000000001,0
51,GK,4.63,0
52,RS,6.949999999999999,1
53,RS,7.3999999999999995,0
54,KK,1.96,1
55,RT,5.600000000000001,0
56,RT,5.600000000000001,0
57,KH,6.5200000000000005,1
58,GR,11.979999999999999,1
59,GR,11.53,0
60,SS,6.6,1
61,SS,6.6,0
62,TK,5.679999999999997,1
63,TK,5.679999999999997,0
64,SK,5.58,1
65,SK,5.58,0
66,GG,7.559999999999997,1
67,GG,7.559999999999997,0
68,DR,1.879999999999999,1
69,DR,1.229999999999999,0
70,DR,2.439999999999999,0
71,CR,6.670000000000001,0
72,EK,6.95,0
73,WG,5.9499999999999975,0
74,C,6.410000000000001,1
75,C,5.690000000000001,0
76,S,5.32,1
77,S,5.32,0
78,Q,5.260000000000002,1
79,Q,4.710000000000002,0
80,K,7.950000000000001,1
81,K,7.950000000000001,0
82,R,6.670000000000001,1
83,T,3.300000000000001,1
84,T,3.300000000000001,0
85,T,7.439999999999998,0
86,G,5.9499999999999975,1
87,H,3.6300000000000017,1
88,H,3.6500000000000017,0
89,Y,6.190000000000001,0
90,M,4.099999999999999,1
91,M,4.099999999999999,0
92,A,3.250000000000001,1
93,A,3.250000000000001,0
