,pattern,weight,status
0,KTTTKTTTK,-0.8500000000000003,1
1,TDTDTDTDT,-5.169999999999999,1
2,KTTKTTKTT,0.3700000000000002,1
3,KTTKTTKTT,0.26000000000000034,0
4,KTTKTTKTT,1.1900000000000002,0
5,RTTRTTRTT,1.06,1
6,RTTRTTRTT,1.06,0
7,TRTTTRTTT,1.860000000000001,1
8,TRTTTRTTT,4.260000000000001,0
9,TTTTTTTTT,1.7999999999999994,1
10,TTTTTTTTT,1.7899999999999994,0
11,TTTETTSTE,-0.47000000000000025,0
12,KTTTTTKTF,0.5399999999999996,0
13,TTTTTTTTQ,1.0699999999999994,0
14,TTETETTTE,-0.8100000000000003,0
15,TTTKTTTWK,-0.20000000000000018,0
16,RRRRRRRR,4.800000000000003,1
17,RRRRRRRR,5.770000000000004,0
18,RRRLRRRR,3.460000000000004,0
19,TDTDTDDT,-3.819999999999999,0
20,TTETTTTE,-0.0500000000000006,0
21,KTTTTTTK,-0.5600000000000003,0
22,RRRRRRRR,4.0800000000000045,0
23,TTRTTRWT,5.72,0
24,TRTTRTTR,6.04,0
25,TETTETTE,-0.1700000000000006,0
26,TTTTTTTT,1.7999999999999994,1
27,KTRTTKTK,-0.4300000000000002,0
28,TTRTTRTT,4.7,1
29,TTTKTTFK,-0.5100000000000002,0
30,TRTTRTST,4.96,0
31,TTTTCTTT,-2.25,0
32,DPDTDTT,-5.159999999999998,0
33,TTTETTE,-1.2900000000000003,0
34,TRTTRTT,5.83,1
35,KTTKTTK,1.0599999999999996,1
36,KTTTTTK,1.0699999999999998,1
37,TTTRTTT,5.680000000000001,1
38,KTTKTTK,0.029999999999999638,0
39,KTTTTTK,1.0699999999999998,0
40,TTTTTTT,-2.58,1
41,TTRTQTT,4.840000000000001,0
42,TTTRTT,6.430000000000001,1
43,TTRTTT,5.510000000000001,0
44,TTKTTK,0.3099999999999997,1
45,LTREY,7.99,0
46,IPEGK,6.6899999999999995,0
47,CRKS,8.81,0
48,CHK,10.45,0
49,CKS,9.700000000000003,0
50,HGV,9.309999999999999,0
51,KSS,4.52,1
52,QCH,10.27,0
53,VRS,6.470000000000001,0
54,RFR,7.969999999999999,0
55,KSS,3.28,0
56,WWK,5.059999999999998,0
57,QKT,4.8,0
58,RTV,8.149999999999999,0
59,WC,5.299999999999998,1
60,RG,11.01,1
61,RR,7.969999999999999,1
62,QC,9.389999999999999,1
63,KS,10.460000000000003,1
64,KA,10.01,1
65,KH,10.2,1
66,KA,8.67,0
67,KH,10.2,0
68,TR,9.24,1
69,GK,7.420000000000001,1
70,SS,3.67,1
71,GG,5.690000000000001,1
72,GG,5.070000000000001,0
73,QT,4.45,1
74,RS,7.120000000000001,1
75,KA,9.759999999999996,0
76,TK,4.7700000000000005,1
77,HM,1.42,0
78,T,5.4,1
79,W,4.4899999999999975,0
80,A,7.17,1
81,R,7.849999999999998,1
82,K,8.69,1
83,G,5.4300000000000015,1
84,G,6.040000000000001,0
85,M,1.67,1
86,T,5.090000000000001,0
87,C,1.319999999999998,1
88,Q,2.0,1
89,P,10.48,1
90,D,7.17,1
91,S,4.920000000000001,1
92,A,8.449999999999998,0
93,H,2.0700000000000003,1
