,pattern,weight,status
0,RTTTRLTTT,6.2,0
1,RTTTRTTT,6.62,1
2,RTTTRTTT,6.5200000000000005,0
3,AAKISYDN,7.41,0
4,KTTTMTT,2.8299999999999996,0
5,RTTRTGT,3.8100000000000005,0
6,QKTTTKT,7.6,0
7,KTTTTTT,2.8299999999999996,0
8,RTRTYR,4.809999999999999,0
9,KTHVKT,5.079999999999999,0
10,TTRTFT,4.080000000000002,0
11,KTTTTT,3.7499999999999996,1
12,KTTTKT,5.96,1
13,TTTRTT,6.48,1
14,TTTRTT,5.780000000000001,0
15,RRRRRR,5.880000000000001,1
16,RRRRRR,6.720000000000001,0
17,TTRMTT,4.730000000000001,0
18,TTRITT,6.91,0
19,TTRTTT,2.890000000000001,0
20,TFECGT,5.8,0
21,ITTTRT,1.0200000000000002,0
22,ARMHAS,8.78,0
23,ARTRT,4.720000000000001,0
24,TTRTT,5.340000000000001,1
25,TTRTT,5.340000000000001,0
26,TTTQT,5.140000000000001,0
27,TTTTT,2.890000000000001,1
28,TTTRT,2.6,1
29,TRTRT,4.95,1
30,TRTWT,10.409999999999998,0
31,TDTPT,4.330000000000001,0
32,KKHTR,3.2500000000000004,0
33,QLCCV,7.850000000000002,0
34,SKGHK,2.5900000000000003,0
35,AVHGL,3.0000000000000004,0
36,KHKH,2.5200000000000005,1
37,RTRT,4.240000000000001,1
38,TRTT,9.589999999999998,1
39,TDTT,4.230000000000001,1
40,TDTT,5.360000000000001,0
41,ETTC,3.6800000000000006,0
42,ETWT,3.020000000000001,0
43,TEKT,3.5100000000000007,0
44,VRRT,3.9700000000000006,0
45,HKHV,0.7500000000000001,0
46,TRYY,8.470000000000002,0
47,QFSC,6.71,0
48,HKH,3.0300000000000002,1
49,TTT,3.9800000000000004,1
50,HKH,1.9700000000000002,0
51,ETT,3.3900000000000006,1
52,TTT,2.3700000000000006,0
53,TTT,3.2,0
54,KTK,4.959999999999999,1
55,KTK,4.119999999999999,0
56,AKS,6.69,1
57,NKS,8.67,0
58,HQC,7.560000000000001,0
59,TKQ,2.7600000000000002,0
60,RK,11.819999999999995,0
61,RR,11.819999999999995,1
62,AS,6.970000000000001,0
63,SC,5.88,0
64,TR,7.850000000000003,1
65,AK,10.77,1
66,SS,5.03,1
67,KS,8.17,1
68,QC,6.990000000000002,1
69,TK,-0.43000000000000005,1
70,TK,-0.8400000000000001,0
71,RG,5.22,1
72,RG,5.22,0
73,TQ,2.9600000000000004,1
74,QP,10.129999999999999,0
75,RS,5.56,1
76,ES,4.9799999999999995,0
77,AK,10.06,0
78,T,0.65,1
79,V,2.97,0
80,R,7.040000000000002,1
81,A,4.0200000000000005,1
82,C,7.580000000000002,1
83,T,-0.06000000000000011,0
84,T,0.82,0
85,Q,3.7800000000000002,1
86,K,10.31,1
87,H,5.5600000000000005,1
88,S,5.210000000000001,1
89,P,12.45,1
90,D,3.1900000000000017,1
91,G,7.789999999999999,1
