,pattern,weight,status
0,STDRTT,8.41,0
1,RTRECR,8.270000000000001,0
2,RFDTT,6.769999999999999,0
3,TTTRT,9.209999999999999,1
4,TTTRT,8.52,0
5,TTRTT,8.059999999999999,1
6,TTRTT,7.52,0
7,AKCSS,11.33,0
8,WLTQ,6.72,0
9,TNMR,4.5200000000000005,0
10,TTTR,7.960000000000001,1
11,TTTR,8.14,0
12,TSNM,3.87,1
13,TSNM,3.87,0
14,RTRR,8.250000000000002,1
15,RTRR,8.250000000000002,0
16,RGRG,3.0000000000000004,1
17,RRRR,8.870000000000001,1
18,RRRR,8.870000000000001,0
19,RRRR,9.7,0
20,KSSS,10.049999999999997,1
21,KSSS,10.049999999999997,0
22,GGGK,9.899999999999999,1
23,GGGK,10.749999999999998,0
24,AKSS,10.93,1
25,AKSS,11.61,0
26,GGYR,9.899999999999999,0
27,TRRT,7.109999999999999,0
28,KKK,6.320000000000001,1
29,KKK,6.320000000000001,0
30,RTT,6.659999999999998,1
31,RTT,6.659999999999998,0
32,RTT,7.709999999999999,0
33,PSS,6.969999999999998,0
34,GGK,10.639999999999999,1
35,GGK,10.639999999999999,0
36,RTT,8.509999999999998,0
37,RTT,7.939999999999998,0
38,TRT,7.109999999999999,1
39,KSS,7.539999999999998,1
40,KSS,7.539999999999998,0
41,TTQ,5.029999999999999,0
42,KPA,9.139999999999999,0
43,FSR,10.110000000000001,0
44,SRV,9.070000000000002,0
45,WGK,9.39,0
46,RTG,6.549999999999999,0
47,RH,9.030000000000001,1
48,RR,9.430000000000001,1
49,PG,4.920000000000001,0
50,PG,4.920000000000001,0
51,SR,10.110000000000001,1
52,KP,5.79,1
53,WK,6.860000000000003,0
54,GK,8.49,1
55,RD,2.819999999999999,1
56,RD,2.819999999999999,0
57,DS,-1.2900000000000003,1
58,DS,-0.5600000000000003,0
59,RT,6.829999999999999,1
60,KT,7.169999999999999,1
61,KT,7.169999999999999,0
62,WT,6.9799999999999995,0
63,RG,5.04,1
64,RG,5.04,0
65,KS,10.649999999999997,1
66,KS,10.649999999999997,0
67,KS,11.249999999999996,0
68,RR,9.89,0
69,RR,9.25,0
70,CQ,8.83,1
71,CQ,9.52,0
72,KA,9.85,1
73,KA,9.85,0
74,LR,2.1099999999999994,1
75,LR,2.1099999999999994,0
76,KH,5.980000000000003,1
77,KH,5.980000000000003,0
78,PD,4.53,0
79,CT,8.41,0
80,HI,1.3199999999999994,0
81,P,5.79,1
82,P,4.53,0
83,K,7.989999999999999,1
84,K,7.8999999999999995,0
85,D,-1.2900000000000003,1
86,D,-1.8000000000000003,0
87,Q,5.029999999999999,1
88,S,5.529999999999999,1
89,S,5.529999999999999,0
90,R,3.549999999999999,1
91,R,3.549999999999999,0
92,C,8.41,1
93,G,5.339999999999999,1
94,I,1.3199999999999994,1
95,T,3.51,1
96,T,4.1899999999999995,0
