,pattern,weight,status
0,CTRTYTKT,2.6199999999999997,0
1,KCQPLHG,0.08,0
2,RPGGKG,3.66,0
3,TRTTMT,2.9099999999999993,0
4,RFSRIS,8.4,0
5,KLGGGQ,5.49,0
6,RRQRR,6.04,0
7,RRRRR,7.01,1
8,RRRRR,7.77,0
9,RTRRW,4.930000000000001,1
10,RTRRW,4.930000000000001,0
11,TRTRT,6.82,1
12,TRTRT,5.93,0
13,TRTRT,7.11,0
14,TRTTT,3.4099999999999997,1
15,GRRRR,6.110000000000001,1
16,KHKSH,5.589999999999999,0
17,KHKH,5.499999999999999,1
18,RTRT,3.2700000000000005,1
19,GRRR,6.110000000000001,0
20,TRTT,5.21,1
21,SSKA,9.580000000000002,1
22,SSKA,9.990000000000002,0
23,RTRT,3.0400000000000005,0
24,SSSK,8.479999999999999,1
25,GKGG,3.450000000000001,1
26,GKGG,4.120000000000001,0
27,RSRS,8.170000000000002,1
28,RSRS,8.4,0
29,RFTT,4.93,0
30,RTTT,5.79,1
31,RTTT,6.75,0
32,KGGG,4.96,1
33,RRPR,6.79,0
34,RRPR,7.25,0
35,GKGV,3.8500000000000005,0
36,YSKS,5.830000000000001,0
37,HFYR,4.140000000000001,0
38,KMGG,3.490000000000001,0
39,GKGS,6.57,0
40,GKPG,5.08,0
41,TRT,5.83,1
42,RTR,3.0700000000000003,1
43,SSK,7.729999999999999,1
44,GKG,3.620000000000001,1
45,KGG,4.34,1
46,KGG,5.699999999999999,0
47,RTT,5.83,1
48,TRT,5.46,0
49,SKC,8.469999999999999,0
50,SSK,7.529999999999999,0
51,SSK,7.019999999999998,0
52,RRR,7.12,1
53,RRR,6.48,0
54,RTR,4.159999999999999,0
55,SKS,6.620000000000001,1
56,QSK,7.619999999999999,0
57,CCQ,5.26,0
58,RPG,10.199999999999998,0
59,HRR,6.07,0
60,FKP,8.540000000000001,0
61,RRL,5.43,0
62,DKP,9.14,0
63,RT,5.76,1
64,TT,5.5,1
65,RT,6.12,0
66,RT,5.34,0
67,RG,10.709999999999997,1
68,SK,8.59,1
69,HK,4.379999999999999,1
70,KQ,4.959999999999999,0
71,TT,5.71,0
72,TT,5.67,0
73,TK,8.100000000000001,1
74,TK,7.140000000000001,0
75,KA,8.97,1
76,KA,8.309999999999999,0
77,KK,6.61,1
78,KK,7.45,0
79,HR,3.0600000000000005,1
80,CQ,6.18,1
81,LQ,4.2299999999999995,0
82,RI,3.449999999999999,0
83,PK,4.75,1
84,DA,7.190000000000001,0
85,SK,4.88,0
86,R,5.87,1
87,C,6.679999999999998,1
88,Q,5.13,1
89,R,3.609999999999999,0
90,K,5.04,1
91,M,5.260000000000001,1
92,M,4.680000000000001,0
93,P,6.790000000000001,1
94,D,6.850000000000001,1
95,S,5.06,1
96,C,6.679999999999998,0
97,G,6.260000000000001,1
