,pattern,weight,status
0,RRRRRRRRR,7.850000000000005,1
1,RRRRRRRRR,8.770000000000005,0
2,TRTTTRTTT,7.4399999999999995,1
3,TTTDTTTTT,2.0100000000000002,1
4,ASSKSSKSS,0.38000000000000345,0
5,TTGTDTTTT,2.2600000000000007,0
6,SSKSSCKSS,1.1400000000000035,0
7,SPSSQKSSS,4.38,0
8,TRTTTDTS,5.39,0
9,TRTTTTTT,7.76,0
10,SSSKSSMS,3.96,0
11,KSKSSKSS,-1.5999999999999965,0
12,QTTRTRTT,3.980000000000001,0
13,TTTTTTT,1.8800000000000003,1
14,TTTTTTT,1.5500000000000003,0
15,SKSSKSS,0.13000000000000345,1
16,SSSKSSS,3.81,1
17,TRTTRTT,6.319999999999999,1
18,TETTRTT,4.450000000000001,0
19,TTTTTT,0.6600000000000008,1
20,TTTTTT,-0.4599999999999992,0
21,TTTRTT,5.450000000000001,1
22,TTTRTT,3.7800000000000002,0
23,TTTTTK,0.7000000000000008,1
24,SRYSRS,3.7899999999999987,0
25,TFTTTK,1.620000000000001,0
26,TTTTT,-0.7199999999999992,1
27,TTRQT,4.67,0
28,TTRTT,4.7700000000000005,1
29,TTRTT,5.07,0
30,SRSRS,4.519999999999999,1
31,QCPMN,6.23,1
32,SNRSR,5.129999999999998,0
33,RSRS,3.2899999999999987,1
34,QCPM,6.050000000000001,1
35,SRSR,5.119999999999998,0
36,GKKP,3.03,1
37,GKKP,3.9099999999999997,0
38,SSKA,8.120000000000003,1
39,PTTT,0.9700000000000008,0
40,SSCR,4.249999999999998,0
41,SKKA,8.800000000000002,0
42,SKMS,4.320000000000001,0
43,SKA,9.640000000000004,1
44,ETQ,3.61,0
45,TTT,0.8400000000000007,1
46,SKK,7.960000000000003,0
47,TRT,7.9399999999999995,1
48,TRT,7.449999999999999,0
49,KPS,1.5,0
50,TQS,4.38,0
51,DKP,4.04,0
52,KGA,3.830000000000001,0
53,KPI,4.04,0
54,TQT,1.4800000000000009,0
55,GKK,1.8300000000000003,0
56,CAV,3.9499999999999984,0
57,SS,4.320000000000001,1
58,PK,9.760000000000002,1
59,RD,3.3600000000000003,1
60,TT,2.280000000000001,1
61,KG,3.8200000000000007,1
62,KK,0.9000000000000001,1
63,TK,3.740000000000001,1
64,TK,2.7000000000000015,0
65,KH,9.360000000000001,1
66,RG,8.7,1
67,GG,3.150000000000001,1
68,GG,3.2800000000000007,0
69,SK,10.310000000000002,1
70,SS,4.300000000000001,0
71,SS,5.280000000000001,0
72,RR,4.3500000000000005,1
73,RT,9.58,1
74,RT,10.49,0
75,TQ,3.79,1
76,KA,4.5699999999999985,1
77,HR,3.66,1
78,HR,4.04,0
79,MV,6.91,0
80,EC,4.15,0
81,RD,8.950000000000001,0
82,Q,2.4899999999999993,1
83,K,9.270000000000001,1
84,M,6.91,1
85,T,2.6200000000000006,1
86,R,8.950000000000001,1
87,S,5.32,1
88,S,5.3500000000000005,0
89,Q,4.249999999999999,0
90,G,5.990000000000001,1
91,G,7.630000000000001,0
92,H,2.9399999999999995,1
93,C,4.41,1
