,pattern,weight,status
0,YGTTTRQT,8.07,0
1,TTTERTT,8.59,0
2,TTTRTT,8.48,1
3,TTTTTH,9.040000000000001,0
4,TTTRTT,8.48,0
5,QSSKA,6.11,1
6,QSSKA,6.11,0
7,TTTVK,2.0100000000000002,0
8,TRTTT,0.99,1
9,ARTTT,4.289999999999999,0
10,TRSTE,8.079999999999998,0
11,SPKAY,8.15,0
12,TTGNK,1.2799999999999998,0
13,SKAIF,8.15,0
14,TTRT,6.540000000000001,1
15,TTRT,7.970000000000001,0
16,TTTT,1.51,1
17,RTTT,4.129999999999999,1
18,RTRT,7.579999999999998,1
19,FRTT,-0.020000000000000018,0
20,RRT,6.589999999999998,0
21,TCT,1.51,0
22,GSL,8.26,0
23,TTK,2.0100000000000002,1
24,KTK,0.46000000000000013,1
25,RTT,-0.33,1
26,TTT,-0.5900000000000001,1
27,SKA,8.9,1
28,SSK,8.16,1
29,SSK,6.76,0
30,TTK,2.4,0
31,TTK,1.94,0
32,TTK,2.34,0
33,HKH,6.8100000000000005,1
34,HKH,5.95,0
35,KGG,4.33,1
36,KGG,4.33,0
37,RQT,3.7700000000000005,0
38,SRT,8.200000000000003,0
39,FMN,7.35,0
40,TRK,5.14,0
41,GGQ,2.6000000000000005,0
42,LRK,10.75,0
43,KKA,4.110000000000001,0
44,RT,6.770000000000003,1
45,TT,1.51,1
46,TT,-0.03000000000000007,0
47,TT,-0.12000000000000006,0
48,HH,8.3,0
49,KG,4.76,1
50,KG,4.14,0
51,KH,7.3100000000000005,1
52,KH,7.58,0
53,KH,7.32,0
54,GG,2.6000000000000005,1
55,GG,2.6000000000000005,0
56,RH,6.11,1
57,RH,5.7700000000000005,0
58,RG,11.59,1
59,RG,11.0,0
60,MN,7.59,1
61,MN,7.26,0
62,TT,0.68,0
63,TK,4.76,1
64,KA,4.59,1
65,KA,4.59,0
66,RR,11.34,1
67,RR,11.22,0
68,KS,8.46,1
69,KS,8.83,0
70,RT,9.170000000000003,0
71,SS,2.1,1
72,SS,2.1,0
73,PK,10.3,1
74,RS,9.480000000000002,1
75,RS,9.480000000000002,0
76,KK,3.280000000000001,1
77,QT,3.0800000000000005,1
78,QC,6.869999999999999,1
79,DR,7.210000000000003,1
80,DR,7.210000000000003,0
81,AQ,3.0800000000000005,0
82,FC,5.889999999999999,0
83,KT,3.9100000000000006,0
84,C,6.869999999999999,1
85,K,7.420000000000001,1
86,Q,5.239999999999999,1
87,A,1.2699999999999996,1
88,A,2.0599999999999996,0
89,C,5.5,0
90,G,6.44,1
91,S,5.089999999999999,1
92,S,5.079999999999999,0
93,T,3.9100000000000006,1
94,R,9.180000000000001,1
