,pattern,weight,status
0,KKHKKGKKK,-0.8200000000000007,1
1,KKHKKGKKK,-1.9300000000000006,0
2,HKKGKKKAK,1.4599999999999997,1
3,HKKGKKKAK,0.23999999999999974,0
4,MNNSHNSSN,5.4,1
5,MNNSHNSSN,5.4,0
6,YTKTRKQSS,2.84,1
7,YTKTRKQSS,3.2699999999999996,0
8,KTRKQSSKA,2.5,1
9,KTRKQSSKA,2.98,0
10,KHKKGKKKA,0.6599999999999993,1
11,CPMNNSHNS,-4.029999999999999,1
12,CPMNNSHNS,-3.3299999999999996,0
13,KHKKGKKKG,-2.0700000000000007,1
14,KKGKKKAKK,-4.39,1
15,KKGKKKAKK,-4.01,0
16,QCPMNNSHN,11.6,1
17,QCPMNNSHN,11.6,0
18,TRRWKPNSH,8.05,0
19,DWEQKKKLW,13.539999999999997,0
20,KHKMKGKKA,-0.030000000000000693,0
21,KKGKKKGKN,0.9699999999999981,0
22,KKHKGKKK,-0.8200000000000007,0
23,MNNHNSSN,5.4,0
24,KKKGKKKG,-2.8100000000000005,0
25,KHKKGKKA,0.6599999999999993,0
26,CPMNSHNS,-3.3299999999999996,0
27,YTTRKQSS,2.84,0
28,YTTRKQSS,3.4699999999999998,0
29,GFKKGKPK,0.9599999999999999,0
30,DWEQKKKW,13.919999999999998,1
31,TKTKQSSK,3.76,0
32,TRRWKPNH,8.530000000000001,1
33,KKGKKKGK,0.13999999999999813,1
34,WEQKKKIW,11.379999999999999,0
35,TRRWKPH,8.530000000000001,0
36,TKTKQSS,3.29,0
37,WEQKKKW,10.68,1
38,TKTRKQ,4.08,1
39,KGKKK,-2.3000000000000003,1
40,KGKKK,-2.0000000000000004,0
41,RPIM,1.6099999999999999,0
42,FINI,0.20000000000000007,0
43,PKIK,1.6100000000000003,0
44,FEWG,8.41,0
45,RPM,2.11,1
46,RPM,1.53,0
47,KIK,2.41,1
48,SRP,-1.11,1
49,RTW,1.9000000000000004,1
50,TFW,0.17000000000000046,0
51,TRL,2.04,0
52,KT,1.0100000000000005,1
53,KT,1.0100000000000005,0
54,SY,-2.34,1
55,QS,3.3999999999999995,1
56,QS,4.35,0
57,RT,1.7000000000000004,1
58,NI,0.31000000000000005,1
59,RP,-2.0100000000000002,1
60,KK,1.0600000000000003,1
61,KK,1.0600000000000003,0
62,NL,-0.58,1
63,NL,-2.79,0
64,RQ,0.6899999999999996,1
65,RQ,0.4999999999999996,0
66,TW,0.17000000000000046,1
67,RL,1.67,1
68,CA,1.8300000000000007,1
69,CA,1.5200000000000007,0
70,RR,1.3699999999999994,1
71,LT,3.1799999999999997,1
72,LT,3.1799999999999997,0
73,RT,0.7999999999999999,0
74,SR,1.1299999999999994,1
75,R,1.2199999999999995,1
76,N,0.31000000000000005,1
77,M,0.7100000000000004,1
78,M,0.7100000000000004,0
79,I,0.8599999999999995,1
80,I,0.8599999999999995,0
81,N,-0.2399999999999999,0
82,N,-0.2399999999999999,0
83,G,0.75,1
84,G,0.24,0
85,D,-0.5799999999999997,1
86,Y,-1.76,1
87,W,1.4200000000000006,1
88,W,0.6100000000000005,0
89,T,0.7999999999999999,1
90,S,0.8599999999999999,1
91,S,0.17999999999999983,0
92,A,-1.4500000000000004,1
93,L,3.1799999999999997,1
94,K,1.9600000000000006,1
95,K,1.9600000000000006,0
