,pattern,weight,status
0,RWYYHWQNE,2.22,1
1,RWYYHWQNE,2.66,0
2,IWKKKQEWD,7.05,1
3,DKMKYLWRQ,6.759999999999999,1
4,RLGMKRLDK,1.4499999999999995,1
5,RLGMKRLDK,1.9299999999999995,0
6,SQKRTKTYK,3.560000000000001,1
7,KTKTKTKTK,0.6100000000000005,1
8,KTKTKTKTK,2.3700000000000006,0
9,RRRGSGRRR,-2.8099999999999996,0
10,RRGGRRRRR,-3.76,1
11,MKIQKAKWV,1.28,0
12,IWKKKPEWD,7.22,0
13,SQKFRTKTY,2.9200000000000017,0
14,IWKKKQEYD,7.71,0
15,KKKPQEWDW,3.490000000000001,0
16,DKMKYWRQ,7.5699999999999985,0
17,RLGMKRLD,1.9299999999999995,1
18,SKRTKTYK,3.9700000000000006,0
19,KMKYLWRQ,7.999999999999999,0
20,RRGGRRRR,-2.4099999999999997,1
21,IWKKKQEW,8.41,1
22,IWKKKQEW,8.430000000000001,0
23,WKKKQWTD,8.16,0
24,WKKQWDW,5.010000000000001,0
25,SQRTKTY,3.1000000000000014,0
26,TTKTKTK,0.6100000000000005,0
27,SSKRTKY,2.2000000000000015,0
28,SQKRTTY,3.690000000000001,0
29,SQKRTYK,3.1200000000000006,0
30,WKKWQWD,8.16,0
31,WSKPI,-0.4700000000000005,0
32,AVNSE,1.9099999999999993,0
33,WSKP,-0.5600000000000005,0
34,QSAS,0.8999999999999997,0
35,EKIG,2.1300000000000003,0
36,PFWL,3.3099999999999996,0
37,QTY,1.19,0
38,WKP,-0.28000000000000047,1
39,WKP,-0.09000000000000047,0
40,VNS,1.2699999999999996,1
41,SYK,2.53,0
42,WAG,0.8599999999999997,0
43,EQL,3.3599999999999994,0
44,WDG,1.3699999999999997,0
45,CDI,1.6699999999999997,0
46,TPH,0.9300000000000002,0
47,TNP,0.8300000000000002,0
48,MSN,-1.6,0
49,PR,1.9199999999999993,1
50,VN,0.31999999999999934,1
51,MT,1.0599999999999998,1
52,KE,5.69,1
53,KE,5.41,0
54,RD,3.3199999999999994,1
55,SY,-3.1,1
56,KW,2.53,1
57,TY,1.3599999999999999,1
58,TY,0.6399999999999999,0
59,SK,1.1199999999999997,1
60,EL,3.3599999999999994,1
61,PL,4.529999999999999,1
62,NS,-0.11000000000000043,1
63,MS,-1.6,1
64,LK,3.94,1
65,LK,2.44,0
66,TC,4.489999999999999,1
67,TC,3.1799999999999997,0
68,AL,-1.0200000000000005,1
69,SS,1.2199999999999998,1
70,SS,2.6999999999999997,0
71,LQ,0.95,1
72,MW,0.20000000000000018,1
73,WG,2.26,1
74,S,0.25999999999999956,1
75,W,2.53,1
76,A,0.4599999999999996,1
77,Y,-3.1,1
78,L,0.8799999999999999,1
79,Q,1.13,1
80,I,1.9599999999999997,1
81,T,0.7999999999999998,1
82,K,1.3599999999999999,1
83,L,0.8799999999999999,0
84,Y,-0.8299999999999998,0
85,Y,-1.6599999999999997,0
86,R,1.44,1
87,P,-0.8300000000000001,1
88,G,0.6900000000000002,1
89,N,1.2300000000000004,1
90,N,1.2300000000000004,0
