,pattern,weight,status
0,SSRPVMRWR,4.629999999999999,0
1,SSRPVRRR,0.6100000000000003,1
2,NSRPVRRR,3.0400000000000005,0
3,SPSRPVR,3.2300000000000004,0
4,SRPRRR,4.410000000000001,0
5,SSRVYR,1.6800000000000002,0
6,SRPRR,4.550000000000002,0
7,PRIRR,6.2299999999999995,0
8,PVRRR,6.09,1
9,PNLIN,13.32,0
10,HWGE,9.659999999999995,0
11,PMID,11.250000000000002,0
12,FPYI,15.469999999999999,0
13,DIT,-3.5899999999999994,0
14,IFI,15.64,0
15,VRY,6.599999999999998,0
16,ESL,3.9499999999999993,0
17,ISP,14.62,0
18,KHM,5.25,0
19,YGS,9.040000000000003,0
20,KHL,1.52,0
21,PDK,-5.21,0
22,KQY,-0.16000000000000025,0
23,RNK,1.32,1
24,GSI,8.160000000000004,0
25,PRI,15.959999999999999,0
26,SWE,9.069999999999997,1
27,RYG,-2.9499999999999997,0
28,ERQ,-2.4899999999999998,1
29,ATM,3.960000000000001,1
30,IC,-6.61,1
31,KW,5.540000000000001,1
32,RY,-2.0799999999999996,1
33,ER,-2.4899999999999998,1
34,RN,0.8100000000000002,1
35,RN,3.36,1
36,IC,-6.73,1
37,WE,8.379999999999997,1
38,WE,9.119999999999996,1
39,SP,13.86,1
40,KL,6.33,1
41,PI,10.540000000000003,1
42,PI,8.990000000000002,1
43,NC,-7.280000000000001,1
44,ID,8.36,1
45,ID,8.36,1
46,GS,8.930000000000003,1
47,GS,9.000000000000004,1
48,PI,15.459999999999999,1
49,PI,13.529999999999998,1
50,YP,13.589999999999996,0
51,KL,6.829999999999999,1
52,KL,5.909999999999999,1
53,KL,4.74,1
54,KL,3.6399999999999997,1
55,KL,1.9,1
56,KL,5.720000000000001,1
57,KL,3.1500000000000004,1
58,ID,8.939999999999998,1
59,IP,7.189999999999998,1
60,WE,9.069999999999997,1
61,WS,9.509999999999996,1
62,WS,9.509999999999996,1
63,WI,11.689999999999994,1
64,WE,11.689999999999994,1
65,CE,-3.1799999999999997,1
66,TM,5.110000000000001,1
67,RM,4.94,1
68,DK,-5.46,1
69,EE,-2.14,1
70,QT,0.17999999999999972,1
71,YD,-2.2399999999999993,0
72,TH,-0.25999999999999995,1
73,ET,-3.35,1
74,HM,5.36,0
75,RG,3.36,1
76,EG,0.51,1
77,RT,0.73,1
78,C,-7.080000000000002,1
79,I,9.620000000000003,1
80,E,-2.5399999999999996,1
81,E,-3.35,1
82,E,3.119999999999999,1
83,Y,-0.7399999999999995,1
84,P,-3.9899999999999998,1
85,P,-3.87,1
86,N,-2.5199999999999996,1
87,H,-3.099999999999999,1
88,R,0.6599999999999997,1
89,R,2.42,1
90,D,-4.09,1
91,Y,-6.0600000000000005,1
92,Y,-6.609999999999999,1
93,K,3.5099999999999993,1
