,pattern,weight,status
0,MWDKLIDA,13.000000000000002,0
1,KFHKKLEH,7.07,0
2,ACGHNH,-0.35999999999999993,0
3,TKMKDP,4.45,0
4,NKAMKI,12.19,0
5,EIMKND,7.779999999999999,0
6,KACAFK,-0.11000000000000021,0
7,CGTNS,6.18,0
8,CGTQS,5.79,0
9,KLKMK,9.37,1
10,KMKID,11.740000000000002,1
11,KMKID,12.219999999999999,1
12,NKKFD,6.8400000000000025,0
13,ILSGQ,8.07,0
14,NEDCP,8.629999999999999,0
15,KMWNV,8.1,0
16,SKKD,14.299999999999999,0
17,KIDI,10.780000000000001,0
18,YPQV,2.57,0
19,KMKI,12.35,1
20,CGQT,2.16,0
21,QEQW,4.699999999999999,0
22,MKKD,6.870000000000003,0
23,EGCG,0.3600000000000003,0
24,RGIP,4.790000000000001,0
25,KYDC,11.92,0
26,RKI,2.7300000000000004,1
27,KKI,12.22,1
28,MKI,13.45,1
29,KKI,6.679999999999999,1
30,KKI,8.129999999999999,1
31,MKI,9.970000000000002,1
32,NVP,9.889999999999999,1
33,MKG,9.440000000000003,1
34,LTS,9.9,0
35,SFH,0.7199999999999998,0
36,ISQ,10.290000000000001,0
37,LTR,6.989999999999999,1
38,EIC,8.44,0
39,NVS,10.619999999999997,0
40,GR,5.3,1
41,NE,8.079999999999998,1
42,KL,5.79,1
43,IW,8.52,1
44,KL,5.680000000000001,1
45,IW,-0.26000000000000023,1
46,KE,5.760000000000001,1
47,KE,4.7700000000000005,1
48,KW,4.97,1
49,DR,2.9800000000000004,1
50,TR,0.9800000000000003,1
51,TR,3.35,1
52,KL,5.829999999999999,1
53,KL,6.02,1
54,KL,8.450000000000003,1
55,KL,6.620000000000002,1
56,EI,8.81,1
57,KN,8.940000000000001,1
58,WM,7.960000000000002,1
59,LI,8.52,1
60,DW,5.200000000000001,1
61,TW,1.7499999999999996,1
62,WI,7.200000000000001,1
63,WI,7.380000000000001,1
64,NR,2.5700000000000003,1
65,AI,1.4199999999999997,1
66,Q,4.429999999999999,1
67,K,-0.5700000000000002,1
68,H,6.67,1
69,W,7.2700000000000005,1
70,L,6.460000000000001,1
71,I,8.110000000000001,1
72,K,5.020000000000001,1
73,G,6.449999999999999,1
74,M,9.130000000000003,1
75,K,5.85,1
76,L,1.9600000000000004,1
77,S,8.480000000000002,1
78,C,0.29999999999999993,1
79,R,2.750000000000001,1
80,R,2.2,1
81,I,7.990000000000002,1
82,T,4.77,1
