,pattern,weight,status
0,RFRTMCFHA,8.419999999999998,0
1,GKDSNLYA,8.18,0
2,GMQIIQR,4.430000000000001,0
3,GDDEGCI,6.920000000000002,0
4,WRELLK,9.879999999999999,0
5,LRRCAN,3.399999999999999,0
6,IKVSSQ,9.610000000000001,0
7,QYHHE,5.500000000000001,0
8,YIPK,9.379999999999999,0
9,HSPV,4.0,0
10,AGVL,4.73,0
11,AIGG,9.740000000000002,0
12,GTKI,1.2599999999999991,0
13,TVNQ,4.55,0
14,ADIP,6.759999999999999,0
15,PKQP,2.2800000000000002,0
16,TSRN,2.1799999999999997,0
17,VPEE,2.4699999999999998,0
18,KITE,-0.05999999999999983,0
19,GHFC,5.8,0
20,FGW,-1.7799999999999998,0
21,TDG,10.88,0
22,STY,8.54,0
23,AVM,7.809999999999999,0
24,DHC,2.2799999999999994,0
25,GYS,8.1,0
26,GR,4.8199999999999985,1
27,GS,8.93,1
28,PQ,0.1099999999999999,1
29,KQ,3.7300000000000004,1
30,EQ,0.8099999999999998,1
31,PV,9.11,1
32,DL,10.950000000000001,1
33,WC,8.41,1
34,DN,1.6099999999999999,1
35,CA,4.010000000000001,1
36,DW,6.2299999999999995,1
37,IP,10.570000000000002,1
38,CR,3.0100000000000007,1
39,LP,7.990000000000002,1
40,QP,8.490000000000002,1
41,RT,6.139999999999999,1
42,EQ,7.300000000000003,1
43,EW,9.620000000000001,1
44,LK,4.730000000000001,1
45,LK,4.14,1
46,PQ,6.41,1
47,GI,10.06,1
48,RQ,9.889999999999999,1
49,KQ,2.8,1
50,EP,2.02,1
51,TT,3.739999999999998,1
52,MR,1.9000000000000001,1
53,WI,4.530000000000001,1
54,EW,5.319999999999999,1
55,HL,2.2599999999999993,1
56,QR,1.3900000000000003,1
57,W,2.54,1
58,W,-1.35,1
59,L,0.8800000000000001,1
60,W,1.5000000000000004,1
61,Y,-0.89,1
62,M,2.63,1
63,I,4.6499999999999995,1
64,I,5.04,1
65,M,4.880000000000001,1
66,L,5.330000000000001,1
67,S,3.7399999999999984,1
68,R,4.0,1
69,K,7.569999999999999,1
