,pattern,weight,status
0,YDIFHCEH,2.83,0
1,WAESASN,7.6899999999999995,0
2,CTPDLYF,3.36,0
3,MVNTV,7.859999999999999,0
4,GIFGQ,7.340000000000002,0
5,WFTA,7.600000000000001,0
6,PVIR,2.12,0
7,KARC,5.8100000000000005,0
8,LTNS,3.4200000000000004,0
9,DSGA,4.119999999999999,0
10,WYEK,7.990000000000001,0
11,DEWQ,0.5400000000000004,0
12,ICHF,9.28,0
13,YEQ,6.34,0
14,CCL,8.63,0
15,NKS,3.31,1
16,NKS,3.73,1
17,DWE,4.82,1
18,WSS,8.25,0
19,KWS,7.4,0
20,RDT,6.090000000000002,0
21,QQN,7.09,0
22,VFW,5.180000000000001,0
23,EQQ,6.94,0
24,WSH,8.06,0
25,LKC,6.1899999999999995,0
26,VYD,0.8899999999999995,0
27,IAD,7.399999999999999,0
28,SFA,5.81,0
29,CVW,6.2,0
30,KLP,3.6700000000000004,1
31,PGA,5.170000000000001,0
32,LK,3.4299999999999997,1
33,KW,9.679999999999998,1
34,KN,7.64,1
35,WE,5.53,1
36,SE,2.19,1
37,LK,3.5599999999999996,1
38,LK,2.5,1
39,SA,5.13,1
40,QC,6.26,1
41,QC,6.99,1
42,SW,8.06,1
43,SW,9.910000000000002,1
44,EQ,6.0600000000000005,1
45,RM,4.8999999999999995,1
46,RM,4.8999999999999995,1
47,GI,9.469999999999999,1
48,WK,8.58,1
49,FG,6.53,1
50,WE,11.379999999999999,1
51,WE,11.37,1
52,WE,8.64,1
53,KL,6.51,1
54,KL,6.49,1
55,DE,1.4000000000000004,1
56,RT,7.620000000000001,1
57,IG,7.640000000000001,1
58,IG,6.870000000000001,1
59,LK,7.469999999999999,1
60,LK,5.219999999999999,1
61,LK,4.249999999999998,1
62,DW,9.769999999999998,1
63,PI,9.020000000000001,1
64,SE,2.66,1
65,LP,7.190000000000001,1
66,KP,7.160000000000001,1
67,NR,1.5999999999999999,1
68,AL,1.2299999999999993,1
69,LK,5.51,1
70,K,3.99,1
71,C,-0.5400000000000004,1
72,S,6.6000000000000005,1
73,A,7.039999999999998,1
74,W,7.449999999999999,1
75,I,10.02,1
76,T,2.1,1
77,M,3.9000000000000012,1
78,M,3.9000000000000012,1
79,I,7.990000000000001,1
80,L,3.86,1
81,R,3.04,1
82,R,1.8099999999999998,1
83,G,2.83,1
84,K,5.34,1
85,T,0.44000000000000017,1
