,pattern,weight,status
0,YFHHYCWMP,6.62,0
1,MNHSQ,10.02,0
2,KTPEI,8.73,0
3,PLPG,0.5599999999999997,0
4,HGLP,-0.02000000000000013,0
5,IDWG,2.6900000000000004,0
6,FTSE,3.9600000000000004,0
7,VFMQ,10.49,0
8,PAQ,9.029999999999998,0
9,NSW,3.19,0
10,PNL,6.23,1
11,VNT,4.95,1
12,LPC,1.9899999999999998,0
13,ETH,12.069999999999999,0
14,CAQ,-0.050000000000000155,0
15,YSE,5.410000000000001,0
16,GSR,-0.030000000000000027,0
17,TGL,3.2200000000000006,1
18,STI,3.500000000000001,0
19,ITQ,3.6100000000000003,0
20,TTH,12.459999999999997,0
21,NP,5.720000000000001,1
22,YH,11.06,1
23,GD,4.45,1
24,QQ,10.94,1
25,QQ,9.770000000000001,1
26,YH,11.17,1
27,MV,10.45,1
28,MV,10.08,1
29,TQ,3.62,1
30,PG,3.8600000000000003,1
31,PG,4.7,1
32,IQ,12.649999999999999,1
33,IQ,10.669999999999998,1
34,MQ,11.54,1
35,MQ,9.200000000000001,1
36,MQ,10.180000000000001,1
37,TG,4.1000000000000005,1
38,TH,5.1000000000000005,1
39,ET,4.4799999999999995,1
40,ET,3.0699999999999994,1
41,NS,1.52,1
42,TI,4.070000000000001,1
43,LC,1.44,1
44,WW,11.229999999999999,1
45,WW,11.419999999999998,1
46,ES,-0.27,1
47,ES,0.72,1
48,SR,0.8699999999999999,1
49,DE,4.74,1
50,NV,2.8799999999999994,1
51,TD,4.67,1
52,LC,2.39,1
53,NY,10.69,1
54,SN,1.41,1
55,C,-1.4099999999999997,1
56,V,4.12,1
57,G,5.48,1
58,Y,5.19,1
59,A,-0.19000000000000014,1
60,D,5.41,1
61,T,-2.17,1
62,N,2.4299999999999993,1
63,D,1.6099999999999999,1
64,T,4.050000000000002,1
65,T,4.360000000000001,1
66,G,2.8599999999999994,1
67,E,3.9799999999999986,1
68,S,1.41,1
69,G,0.09999999999999987,1
70,S,1.91,1
71,S,1.39,1
72,H,9.819999999999999,1
73,H,9.75,1
74,D,5.58,1
75,N,6.069999999999999,1
76,N,4.709999999999999,1
77,Y,9.200000000000001,1
78,Y,8.69,1
79,Y,9.61,1
