,pattern,weight,status
0,KIQFS,8.02,0
1,TEHYL,11.050000000000002,0
2,LWMGL,8.52,0
3,KFLQS,7.91,0
4,KMLD,7.0,0
5,NPVS,-2.71,0
6,NRDK,8.159999999999998,1
7,KFHE,8.889999999999999,0
8,FSYW,1.5799999999999998,0
9,LMPS,7.7299999999999995,0
10,LGAL,7.699999999999999,0
11,GPHG,1.5300000000000002,0
12,KDLQ,7.19,0
13,IKIC,9.76,0
14,IMYH,5.8,0
15,KEKS,8.640000000000002,0
16,GYDK,2.14,0
17,KRMI,9.360000000000007,0
18,TRPK,7.32,0
19,VMYP,6.299999999999999,0
20,SIPV,10.549999999999999,0
21,LRDP,7.839999999999998,0
22,DEWH,3.9400000000000013,0
23,EVW,6.630000000000001,1
24,MKI,9.500000000000004,1
25,MKI,10.180000000000003,1
26,IPV,10.709999999999999,1
27,MES,5.88,0
28,KGL,6.589999999999999,1
29,KGL,5.349999999999999,1
30,KKS,8.030000000000001,1
31,MDW,4.120000000000001,0
32,FKE,5.9799999999999995,0
33,LTL,10.170000000000002,0
34,PRP,2.45,0
35,RSM,6.7700000000000005,0
36,ELL,9.9,1
37,MFG,9.900000000000002,0
38,WSK,10.069999999999999,0
39,RPV,0.9300000000000004,1
40,CWM,6.9,0
41,TKQ,9.739999999999998,0
42,PMR,8.700000000000001,0
43,ATW,6.64,0
44,EW,3.830000000000001,1
45,MF,10.12,1
46,LL,9.04,1
47,PV,10.219999999999997,1
48,IQ,8.81,1
49,GN,9.200000000000001,1
50,IP,10.35,1
51,SM,5.4,1
52,KL,6.859999999999999,1
53,KW,10.850000000000001,1
54,KE,6.92,1
55,KW,9.510000000000002,1
56,MR,6.76,1
57,MR,7.25,1
58,WC,7.890000000000001,1
59,LT,9.810000000000002,1
60,SM,5.57,1
61,QK,9.430000000000001,1
62,NK,8.510000000000003,1
63,KL,9.81,1
64,TL,7.929999999999999,1
65,RT,7.4,1
66,WD,5.89,1
67,WD,7.14,1
68,KL,9.33,1
69,KL,8.08,1
70,KL,7.59,1
71,LK,9.340000000000002,1
72,DE,2.8400000000000003,1
73,DE,1.9000000000000004,1
74,KQ,8.939999999999998,1
75,HG,9.49,1
76,MR,10.200000000000001,1
77,LP,6.949999999999998,1
78,MS,6.6899999999999995,1
79,MS,6.31,1
80,WS,10.719999999999997,1
81,DW,5.430000000000001,1
82,KE,1.9800000000000004,1
83,HH,-0.8799999999999999,1
84,HH,-0.36,1
85,T,4.890000000000001,1
86,G,9.070000000000002,1
87,S,6.51,1
88,W,6.39,1
89,I,9.040000000000001,1
90,H,-0.36,1
91,K,6.800000000000001,1
92,R,4.46,1
