,pattern,weight,status
0,QFQHWHTS,3.68,0
1,MDGYCHNN,1.54,0
2,DVTDFHDC,1.04,0
3,FHMPYAAP,8.92,0
4,NEGDQKW,5.32,0
5,TRWHCR,7.9,0
6,QSECQD,0.03999999999999998,0
7,LDNWYG,7.380000000000001,0
8,YCMEMR,0.92,0
9,CNRQR,6.98,0
10,YYHVD,9.249999999999998,0
11,EWNSF,1.99,0
12,SRVCT,2.45,0
13,ALTMY,-0.4999999999999999,0
14,FLDLN,-0.8,0
15,NWSV,2.39,0
16,SKPL,2.2,0
17,RGDQ,2.93,0
18,ESMD,9.119999999999997,0
19,NLIA,1.4200000000000002,0
20,ALFN,5.670000000000001,0
21,IEWD,8.710000000000003,0
22,QGPM,3.1199999999999988,0
23,LEF,-1.1900000000000002,0
24,DYL,8.31,0
25,FRK,1.7200000000000002,0
26,GRN,4.61,0
27,GGE,3.11,0
28,HDR,6.829999999999999,0
29,VPG,1.1399999999999997,0
30,PDL,10.499999999999996,0
31,GLY,1.6000000000000003,0
32,SGY,7.4,0
33,DC,3.14,1
34,RD,8.629999999999999,1
35,TY,-2.9299999999999997,1
36,ES,6.340000000000001,1
37,NS,7.6899999999999995,1
38,ER,3.41,1
39,LG,8.46,1
40,WP,9.6,1
41,WN,9.8,1
42,LR,7.059999999999999,1
43,WW,11.71,1
44,DR,8.31,1
45,ET,6.86,1
46,RF,4.820000000000001,0
47,FE,4.99,0
48,MP,3.09,1
49,DE,7.9499999999999975,1
50,MV,8.28,1
51,Y,6.07,1
52,Y,6.829999999999999,1
53,M,2.88,1
54,Y,6.510000000000001,1
55,W,1.52,1
56,Y,4.449999999999999,1
57,S,6.0200000000000005,1
58,D,8.71,1
59,E,3.7600000000000007,1
60,N,5.3100000000000005,1
61,N,5.499999999999999,1
62,P,-1.1400000000000001,1
63,V,1.6600000000000001,1
64,H,9.540000000000001,1
65,H,6.400000000000001,1
66,Y,9.33,1
67,V,8.89,1
68,T,7.0600000000000005,1
69,G,8.09,1
