,pattern,weight,status
0,NYVIPSPYR,4.06,0
1,VFTKKMEEM,6.7700000000000005,0
2,IMLKWDDHF,2.25,0
3,RHRMILDW,-2.4600000000000004,0
4,HRYYRDND,5.050000000000001,0
5,RRDDQGL,-0.9100000000000003,0
6,IKMFKRK,8.550000000000002,0
7,IKMKLK,9.770000000000001,1
8,IKKKKK,10.190000000000001,0
9,AKMKLK,6.64,0
10,HFMMHH,4.120000000000002,0
11,AHMHH,3.860000000000002,0
12,FKRVG,2.7099999999999995,0
13,RDILW,-0.8400000000000004,0
14,KMKLK,7.539999999999999,1
15,ITDSE,7.26,0
16,PTRK,3.7900000000000005,0
17,AATR,3.0000000000000004,0
18,MDSE,11.969999999999997,0
19,WGIK,5.429999999999999,0
20,MVGM,2.1399999999999997,0
21,RTSR,2.0600000000000005,0
22,TFR,6.3999999999999995,0
23,PVH,1.2,0
24,KTD,6.18,1
25,LKG,5.159999999999999,1
26,KLK,7.729999999999999,1
27,DPW,9.09,0
28,TLR,6.949999999999999,1
29,KSM,12.51,1
30,KPL,10.66,1
31,GDN,7.12,0
32,KKR,6.779999999999999,1
33,KIL,6.49,0
34,RCD,4.740000000000001,0
35,PCQ,3.55,1
36,KL,2.880000000000001,1
37,RW,0.1299999999999996,1
38,MR,4.520000000000001,1
39,KT,6.239999999999999,1
40,KL,9.929999999999998,1
41,FK,9.519999999999998,1
42,EK,3.83,1
43,RN,7.03,1
44,KL,10.169999999999998,1
45,TR,7.799999999999999,1
46,IP,4.640000000000002,1
47,KL,13.57,1
48,KL,14.4,1
49,KL,11.349999999999998,1
50,KL,12.399999999999999,1
51,RN,5.91,1
52,KE,11.689999999999998,1
53,KL,13.679999999999998,1
54,LE,4.3,1
55,WD,8.290000000000001,1
56,ED,8.620000000000001,1
57,WD,6.05,1
58,DW,6.26,1
59,DW,7.08,1
60,DW,2.4600000000000013,1
61,DW,3.290000000000001,1
62,VG,3.6199999999999997,1
63,MA,5.309999999999999,0
64,KE,9.919999999999998,1
65,VW,1.8199999999999994,1
66,II,6.090000000000001,1
67,TT,3.58,1
68,W,6.859999999999999,1
69,I,4.25,1
70,Q,4.409999999999998,1
71,M,2.980000000000001,1
72,I,4.910000000000002,1
73,M,3.600000000000001,1
74,W,1.9999999999999996,1
75,K,13.069999999999999,1
76,I,7.160000000000002,1
77,R,10.08,1
78,L,-1.1900000000000004,1
79,C,1.3500000000000008,1
80,S,4.05,1
