,pattern,weight,status
0,ELEYFWRH,6.11,0
1,AVNTCRF,7.209999999999999,0
2,WCCTPAG,7.359999999999999,0
3,PPIHSN,0.6199999999999999,0
4,LFGTD,6.909999999999999,0
5,HSDQS,9.599999999999998,0
6,TGVCI,0.7600000000000001,0
7,TRIAA,7.45,0
8,NFQGK,1.2799999999999998,0
9,LPAS,3.4099999999999997,0
10,CKWW,4.12,0
11,PHAG,6.720000000000001,0
12,MHRQ,2.92,0
13,TKV,7.67,0
14,RQV,7.46,0
15,DSH,8.469999999999999,1
16,HRR,4.29,0
17,LNA,5.379999999999999,0
18,MNA,9.1,1
19,GQF,5.680000000000001,0
20,ECI,7.260000000000001,0
21,GHS,2.5999999999999996,0
22,LYH,11.79,0
23,GHA,4.22,0
24,FDA,2.4399999999999995,0
25,RW,7.4,1
26,WN,6.619999999999999,1
27,HD,9.34,1
28,RL,8.33,1
29,QG,2.31,1
30,AL,2.9899999999999998,1
31,ER,4.07,1
32,ER,4.4,1
33,KG,4.319999999999999,1
34,WW,5.68,1
35,TS,6.25,1
36,RE,3.74,1
37,DR,5.44,1
38,VT,0.8600000000000003,1
39,CP,4.4799999999999995,1
40,DF,6.950000000000001,1
41,ST,2.9399999999999995,1
42,GL,3.329999999999999,1
43,MV,3.530000000000001,1
44,RH,2.05,1
45,CY,5.32,0
46,AN,5.73,1
47,VY,8.53,1
48,DA,4.980000000000001,0
49,Y,3.0100000000000002,1
50,C,2.52,1
51,G,3.4899999999999998,1
52,T,-0.8200000000000001,1
53,N,0.98,1
54,E,6.23,1
55,A,8.38,1
56,F,5.789999999999999,1
57,F,4.5,1
58,Y,10.270000000000001,1
59,C,4.620000000000001,1
60,T,7.470000000000001,1
61,N,6.15,1
62,Y,12.1,1
63,H,5.420000000000001,1
64,C,2.42,1
65,S,5.45,1
66,H,4.62,1
67,H,2.69,1
68,D,6.19,1
69,D,6.910000000000001,1
70,E,6.040000000000001,1
71,V,7.3,1
