,pattern,weight,status
0,EGIFT,8.139999999999999,0
1,RTP,8.170000000000002,0
2,IQV,5.890000000000001,0
3,NHI,4.53,0
4,CHG,3.3099999999999996,0
5,CSG,3.3099999999999996,0
6,HEC,5.5200000000000005,0
7,NTM,1.54,0
8,CKM,1.6600000000000001,0
9,EID,9.889999999999999,0
10,QRD,8.11,0
11,REG,9.36,0
12,LK,10.22,1
13,LK,10.22,1
14,KN,11.95,1
15,KN,12.42,1
16,ED,9.889999999999999,1
17,RT,6.6,1
18,RT,7.4799999999999995,1
19,QD,8.42,1
20,MG,11.64,1
21,MG,11.64,1
22,WF,11.100000000000001,1
23,MR,7.349999999999998,1
24,MR,6.559999999999998,1
25,HI,8.14,1
26,HI,7.22,1
27,CW,6.710000000000001,1
28,CW,6.630000000000001,1
29,GI,8.47,1
30,KE,9.089999999999996,1
31,KE,9.089999999999996,1
32,NL,8.57,1
33,NL,8.59,1
34,EQ,13.299999999999999,1
35,EQ,13.299999999999999,1
36,EQ,13.879999999999999,1
37,EQ,13.879999999999999,1
38,WD,7.13,1
39,WD,7.13,1
40,TY,11.979999999999999,1
41,TY,11.979999999999999,1
42,LK,9.08,1
43,LK,9.08,1
44,PI,4.620000000000001,1
45,PI,4.540000000000001,1
46,LK,10.06,1
47,LK,10.06,1
48,LK,8.01,1
49,LK,8.01,1
50,MK,9.340000000000003,1
51,MK,9.340000000000003,1
52,EK,4.5200000000000005,1
53,EK,4.5200000000000005,1
54,KL,12.240000000000002,1
55,KL,12.510000000000002,1
56,PY,6.8100000000000005,0
57,EG,9.36,1
58,TK,3.5400000000000005,1
59,MY,6.02,0
60,M,2.58,1
61,F,10.440000000000001,1
62,I,7.82,1
63,Y,0.3900000000000001,1
64,Y,0.1200000000000001,1
65,G,7.689999999999997,1
66,G,7.689999999999997,1
67,L,8.41,1
68,I,7.56,1
69,I,7.56,1
70,D,0.34999999999999987,1
71,D,0.34999999999999987,1
72,I,5.789999999999999,1
73,I,6.119999999999999,1
74,K,3.5400000000000005,1
75,E,1.33,1
76,E,1.34,1
77,I,4.54,1
78,I,4.47,1
79,W,10.280000000000001,1
80,W,10.530000000000001,1
81,K,7.42,1
82,K,7.42,1
83,R,6.029999999999999,1
84,R,6.029999999999999,1
85,S,10.17,1
86,S,9.34,1
87,T,6.77,1
88,T,6.1,1
