,pattern,weight,status
0,TWHDTQQIV,1.4799999999999998,0
1,VLCSLHGAM,9.460000000000003,0
2,CDESIPIP,5.37,0
3,SGHEQKHP,10.0,0
4,GIGTLCQC,5.26,0
5,TKHGKMN,7.7200000000000015,0
6,NDGNAEG,2.48,0
7,THDILK,2.88,0
8,LKMIYY,9.940000000000001,0
9,ERNREM,3.39,0
10,IWKRD,5.320000000000002,0
11,GAKMK,8.799999999999997,0
12,QLKA,9.82,0
13,CVIK,10.530000000000001,0
14,CKPI,9.099999999999998,0
15,WHKG,12.689999999999998,0
16,TCDQ,3.619999999999999,0
17,IEMF,3.4600000000000004,0
18,TWHR,2.4199999999999995,0
19,WLYM,8.579999999999998,0
20,LKSQ,9.96,1
21,GWMR,9.73,0
22,WWKK,12.71,0
23,QHSK,10.069999999999999,0
24,IHG,1.98,0
25,CTF,9.73,0
26,QMV,8.79,0
27,GKM,7.98,1
28,LGK,8.840000000000002,1
29,KDL,0.3999999999999994,1
30,LRM,4.04,1
31,IKK,9.810000000000002,1
32,GKM,10.74,1
33,QAY,2.37,0
34,LLM,8.65,0
35,LMQ,8.399999999999999,0
36,AGY,9.47,0
37,HEM,3.1399999999999992,0
38,WDW,4.380000000000001,1
39,IGD,6.37,0
40,SFK,0.5999999999999999,0
41,WE,12.069999999999999,1
42,IT,1.9199999999999997,1
43,PD,2.88,1
44,EK,5.42,1
45,NG,4.75,1
46,GS,8.850000000000001,1
47,SW,3.55,1
48,VP,8.240000000000002,1
49,LQ,9.060000000000004,1
50,WK,9.799999999999999,1
51,WR,2.8800000000000012,1
52,GM,6.890000000000001,1
53,ER,3.3999999999999995,1
54,HV,6.93,0
55,IG,7.549999999999998,1
56,KL,13.0,1
57,KL,11.020000000000001,1
58,TR,2.9499999999999997,1
59,TH,-0.16999999999999993,1
60,WD,5.370000000000002,1
61,LI,3.42,1
62,I,6.0200000000000005,1
63,S,-0.050000000000000155,1
64,A,-0.11000000000000043,1
65,S,3.3400000000000003,1
66,T,1.5499999999999994,1
67,N,1.8900000000000001,1
68,R,2.6500000000000004,1
69,K,3.329999999999999,1
70,G,1.93,1
