,pattern,weight,status
0,LYVDFDTMR,-2.24,0
1,ARSTACGM,3.99,0
2,NRYPLGML,3.0700000000000003,0
3,HYNDSAL,-0.17000000000000004,0
4,YGADNSW,7.89,0
5,HRYSAL,0.07999999999999996,0
6,KCLYP,4.63,0
7,QFRM,2.51,0
8,RNHW,7.609999999999999,0
9,MLDF,-0.8699999999999998,0
10,SARI,4.76,0
11,KLMG,6.42,0
12,LQYF,-2.05,0
13,FIGI,5.17,0
14,KTR,5.279999999999999,1
15,SGC,-4.0600000000000005,0
16,IGI,4.05,1
17,CGI,2.3900000000000006,1
18,KGL,5.45,1
19,RMG,8.16,0
20,RRC,1.7099999999999995,0
21,ILW,-3.6700000000000004,1
22,GVR,7.59,1
23,SES,1.92,1
24,GPL,0.050000000000000044,0
25,EGP,7.579999999999999,0
26,EVA,-1.6500000000000001,0
27,KLK,7.46,1
28,WLD,4.679999999999999,0
29,CFG,2.6600000000000006,0
30,PF,3.5200000000000005,0
31,GA,0.6899999999999998,1
32,ES,2.9199999999999995,1
33,IL,-2.3800000000000003,1
34,GV,7.33,1
35,RM,7.22,1
36,RT,1.1700000000000004,1
37,EP,6.38,1
38,LK,3.979999999999999,1
39,LK,4.409999999999999,1
40,IP,2.920000000000001,1
41,VN,-1.5600000000000003,1
42,WD,5.739999999999999,1
43,RA,3.4299999999999997,1
44,CA,-3.67,1
45,CP,4.32,1
46,GL,0.44999999999999996,1
47,G,-0.94,1
48,G,1.2399999999999998,1
49,I,2.350000000000001,1
50,R,2.1000000000000005,1
51,A,-2.31,1
52,Y,-1.4,1
53,V,-2.6799999999999997,1
54,K,1.5900000000000005,1
55,R,-1.1600000000000001,1
