,pattern,weight,status
0,TKNKKGNMS,5.379999999999999,0
1,GDILAWCW,4.8100000000000005,0
2,GFENYKMR,4.899999999999999,0
3,ILTVDYQ,1.82,0
4,CEDFTE,8.15,0
5,WELKNS,6.52,0
6,KYWEYK,2.130000000000001,0
7,KITEP,-0.29000000000000076,0
8,ANVFQ,5.470000000000001,0
9,SWFNL,7.49,0
10,WKAQS,4.720000000000001,0
11,SFFLK,-0.3999999999999996,0
12,WLNMK,5.949999999999999,0
13,LWGQW,3.34,0
14,SAIRS,2.58,0
15,GYCK,5.539999999999999,0
16,IAKA,8.44,0
17,HKNQ,5.99,0
18,GWVR,6.700000000000001,0
19,GWKG,10.780000000000001,1
20,REK,3.7000000000000006,0
21,YKK,5.13,0
22,FTD,8.75,0
23,KIG,10.040000000000001,0
24,YTK,7.359999999999999,1
25,EYK,8.08,0
26,KKQ,5.820000000000001,1
27,NRQ,5.990000000000001,0
28,WHG,9.39,1
29,DVL,2.7699999999999996,0
30,CAT,9.41,0
31,LVW,5.990000000000001,0
32,WPD,7.75,0
33,GND,5.609999999999999,0
34,LWN,4.280000000000001,1
35,KNY,7.210000000000001,1
36,KQ,4.329999999999998,1
37,LK,5.669999999999999,1
38,NR,7.129999999999999,1
39,SL,2.45,1
40,LN,2.0700000000000003,1
41,LK,4.109999999999999,1
42,IW,7.3,1
43,LQ,5.720000000000001,1
44,LQ,4.650000000000001,1
45,SW,7.770000000000002,1
46,WK,1.6000000000000005,1
47,SW,5.960000000000003,1
48,VK,2.9299999999999997,1
49,TL,3.64,1
50,ND,4.79,1
51,WK,10.73,1
52,NR,3.0,1
53,NR,5.07,1
54,SW,8.76,1
55,RQ,4.460000000000001,1
56,LK,4.9399999999999995,1
57,KL,6.460000000000001,1
58,KL,6.65,1
59,WD,8.99,1
60,IG,8.97,1
61,IG,8.75,1
62,RY,2.3000000000000003,1
63,K,3.8799999999999994,1
64,G,2.8499999999999996,1
65,I,9.82,1
66,R,3.54,1
67,S,3.119999999999999,1
68,M,3.26,1
69,T,1.94,1
