,pattern,weight,status
0,EMPVM,5.39,0
1,NKNER,3.5600000000000005,0
2,EAVFL,-1.4799999999999998,0
3,RLKTC,3.1,0
4,HIRE,3.5699999999999985,0
5,SSGC,5.259999999999999,0
6,QMPF,5.159999999999999,0
7,YCWE,4.39,0
8,PFIL,2.2099999999999995,0
9,DKKL,5.050000000000001,0
10,YCW,4.39,0
11,HIK,1.5800000000000003,1
12,HIK,2.0900000000000003,1
13,SHL,3.1599999999999997,1
14,SHL,3.7499999999999996,1
15,KLI,8.0,1
16,KLI,8.0,1
17,NQW,1.7200000000000006,1
18,NQW,1.9900000000000004,1
19,RTS,2.2199999999999998,1
20,WYE,6.9799999999999995,0
21,WYE,6.6499999999999995,0
22,KDL,0.3800000000000001,1
23,KDL,0.3800000000000001,1
24,PIL,2.5999999999999996,1
25,KGL,9.21,1
26,KGL,8.350000000000001,1
27,KKL,5.570000000000001,1
28,QPI,3.38,1
29,YKS,2.6899999999999995,0
30,IHK,2.0300000000000002,0
31,YWH,3.3799999999999994,0
32,GKQ,6.78,0
33,GKQ,6.67,0
34,FAI,4.619999999999999,0
35,SID,5.050000000000002,1
36,TS,1.19,1
37,KE,3.48,1
38,HK,1.8400000000000003,1
39,WH,2.2799999999999994,1
40,PR,-1.9299999999999997,1
41,PR,-1.9299999999999997,1
42,ID,4.420000000000002,1
43,ID,4.170000000000002,1
44,ID,5.050000000000002,1
45,CW,5.429999999999999,1
46,CW,4.959999999999999,1
47,KE,3.09,1
48,WE,7.68,1
49,WE,7.39,1
50,WS,4.619999999999998,1
51,WS,5.439999999999999,1
52,WK,8.43,1
53,WK,8.51,1
54,GV,9.370000000000003,1
55,GV,9.760000000000003,1
56,IG,10.970000000000004,1
57,IG,10.970000000000004,1
58,KT,1.97,1
59,KL,7.24,1
60,KL,6.6000000000000005,1
61,RT,2.4,1
62,KL,8.150000000000002,1
63,KL,8.150000000000002,1
64,KQ,6.48,1
65,MR,4.39,1
66,MR,5.27,1
67,VN,0.17999999999999972,1
68,VN,0.17999999999999972,1
69,AI,4.119999999999999,1
70,IW,4.989999999999999,1
71,IW,4.6899999999999995,1
72,RW,6.3,1
73,I,2.8899999999999997,1
74,Q,6.33,1
75,C,-0.9399999999999997,1
76,C,-1.8699999999999997,1
77,R,1.6300000000000003,1
78,S,2.6899999999999995,1
79,K,1.97,1
80,T,2.4,1
81,Y,-0.21000000000000021,1
82,Y,0.35999999999999976,1
83,H,-1.8599999999999994,1
84,P,2.2200000000000006,1
85,P,2.2200000000000006,1
86,R,2.4700000000000006,1
87,K,1.090000000000001,1
88,K,1.090000000000001,1
