,pattern,weight,status
0,SDHIMWVET,5.64,0
1,GKVISKDLF,8.27,0
2,APIELDDQ,5.510000000000001,0
3,MQIGLCVE,-0.14000000000000018,0
4,VIEDRQ,2.0900000000000007,0
5,KMLDAL,8.120000000000001,0
6,TDVTP,4.62,0
7,PEWDD,5.650000000000002,0
8,PEWDD,5.150000000000002,0
9,EDCRW,3.2700000000000005,0
10,GNCV,5.429999999999999,0
11,WHMN,2.7099999999999995,0
12,VGPR,5.3,0
13,ITED,3.5299999999999994,0
14,IEDQ,4.8999999999999995,0
15,RDKP,2.65,0
16,TED,5.77,0
17,RCI,6.48,0
18,DRI,4.750000000000001,0
19,IDS,6.2799999999999985,1
20,IDS,6.5699999999999985,1
21,EDD,2.99,1
22,YSW,6.3100000000000005,0
23,MID,5.8100000000000005,0
24,IAM,12.39,0
25,RTL,7.17,1
26,NSW,7.250000000000001,0
27,MNN,2.329999999999999,1
28,SIW,5.6,0
29,SEI,4.290000000000001,0
30,AQI,6.5299999999999985,0
31,LKL,5.229999999999999,1
32,SIT,6.18,0
33,HCA,0.5199999999999999,0
34,MWL,9.97,0
35,VI,9.020000000000001,1
36,GD,4.07,1
37,HT,5.209999999999998,1
38,EH,5.3,1
39,AI,6.709999999999999,1
40,DW,5.819999999999999,1
41,DW,6.279999999999999,1
42,ID,5.550000000000001,1
43,HT,6.379999999999998,1
44,IW,6.710000000000001,1
45,YG,0.89,0
46,YG,1.8,0
47,KL,5.199999999999998,1
48,LK,4.629999999999998,1
49,LK,5.059999999999999,1
50,LK,5.059999999999999,1
51,LK,5.05,1
52,LK,4.609999999999999,1
53,RT,6.92,1
54,KL,9.980000000000002,1
55,KL,9.980000000000002,1
56,IG,9.370000000000001,1
57,IG,9.860000000000001,1
58,ED,5.020000000000001,1
59,MH,5.819999999999999,0
60,SK,2.9799999999999995,1
61,PP,7.21,0
62,TL,5.160000000000001,1
63,WE,10.800000000000002,1
64,HE,-0.49000000000000016,1
65,IG,5.61,1
66,IP,4.460000000000001,1
67,E,7.0200000000000005,1
68,K,4.709999999999998,1
69,I,6.590000000000001,1
70,G,6.590000000000001,1
71,L,9.56,1
72,S,7.459999999999998,1
73,M,2.8999999999999995,1
74,T,4.290000000000001,1
75,K,5.91,1
76,W,10.800000000000002,1
77,I,9.77,1
78,I,9.77,1
79,R,5.399999999999999,1
80,C,5.399999999999999,1
