,pattern,weight,status
0,KTSGERH,6.64,0
1,SDRPD,-1.6100000000000003,0
2,CVCFM,7.13,0
3,NALG,2.309999999999999,0
4,HCQG,2.9,0
5,EWRK,13.080000000000002,0
6,NKNF,3.38,0
7,LGTY,0.82,0
8,PHTK,3.1899999999999995,0
9,EMPW,3.37,0
10,QPID,9.139999999999997,0
11,MKW,6.800000000000001,1
12,CSG,4.629999999999999,0
13,PHT,2.6599999999999997,0
14,SDA,1.4499999999999997,0
15,ERP,3.72,0
16,KWA,5.609999999999999,0
17,WEQ,6.31,1
18,KTW,6.289999999999999,0
19,YLH,6.11,0
20,PGY,4.02,0
21,QNM,3.33,0
22,FES,1.01,0
23,PYP,4.16,0
24,AQI,9.139999999999999,0
25,WRG,10.600000000000001,0
26,LY,1.58,1
27,MH,6.040000000000001,0
28,QE,8.02,1
29,RK,4.529999999999999,1
30,KE,6.67,1
31,LG,5.729999999999999,1
32,IW,10.36,1
33,DL,6.180000000000001,1
34,WM,8.080000000000002,1
35,TR,3.33,1
36,TR,4.390000000000001,1
37,LK,5.970000000000001,1
38,LK,5.290000000000001,1
39,DL,6.250000000000001,1
40,LK,6.96,1
41,LK,6.11,1
42,LK,8.36,1
43,LK,6.57,1
44,FG,4.239999999999999,1
45,IG,6.24,1
46,KE,8.479999999999999,1
47,AL,3.89,1
48,IW,9.739999999999998,1
49,WE,0.9600000000000001,1
50,FN,2.64,1
51,ID,7.689999999999997,1
52,SW,7.94,1
53,SW,7.970000000000001,1
54,SA,5.179999999999998,1
55,SM,6.92,1
56,PI,10.149999999999999,1
57,MH,6.61,0
58,FC,7.970000000000001,0
59,RM,6.82,1
60,PL,6.950000000000001,1
61,ME,-1.6099999999999999,0
62,KH,1.4299999999999997,1
63,T,0.67,1
64,E,1.23,1
65,D,1.85,1
66,I,1.56,1
67,F,5.890000000000001,1
68,L,5.91,1
69,T,2.05,1
70,D,-0.6400000000000002,1
71,R,3.87,1
72,T,0.6700000000000002,1
73,G,7.08,1
74,S,6.279999999999999,1
75,S,2.219999999999999,1
76,I,4.35,1
77,M,6.220000000000001,1
78,T,0.7800000000000002,1
79,K,3.73,1
80,K,4.58,1
81,I,9.619999999999997,1
82,W,6.1,1
