,pattern,weight,status
0,WTFQLPL,0.5800000000000001,0
1,KWLIR,4.93,0
2,HDIPW,8.26,0
3,GGKCL,5.010000000000002,0
4,NWHQR,2.57,0
5,GKLV,3.8100000000000005,0
6,IRAW,6.899999999999999,0
7,EKKV,1.8300000000000005,0
8,TGKL,2.5200000000000005,0
9,AIPG,4.9399999999999995,0
10,MCTI,9.099999999999998,0
11,VRGT,3.0699999999999994,0
12,IGLL,3.459999999999999,0
13,FLIW,7.679999999999999,0
14,TYK,7.140000000000001,1
15,VGL,4.620000000000001,0
16,WHR,3.2399999999999998,0
17,KLI,4.970000000000001,1
18,GKL,5.41,1
19,GKL,3.8800000000000003,1
20,GKL,5.23,1
21,GKL,4.010000000000001,1
22,KII,4.64,0
23,YGK,6.78,0
24,NKD,2.72,1
25,KLA,7.550000000000001,0
26,CVM,7.899999999999997,0
27,LTQ,4.17,0
28,SNL,5.1899999999999995,1
29,KKL,6.39,1
30,GKI,6.58,1
31,GNL,2.77,1
32,TYF,8.24,0
33,WDW,9.12,1
34,WI,6.39,1
35,IW,8.389999999999999,1
36,DI,10.409999999999998,1
37,KI,8.190000000000001,1
38,YK,6.820000000000001,1
39,NL,5.49,1
40,VK,7.9,1
41,KL,7.709999999999999,1
42,LQ,4.15,1
43,KL,4.0,1
44,KS,4.749999999999999,1
45,RT,2.4299999999999997,1
46,RT,4.17,1
47,KL,7.29,1
48,KL,6.6400000000000015,1
49,KL,7.41,1
50,KL,8.620000000000001,1
51,KL,4.17,1
52,KL,3.75,1
53,YK,5.820000000000001,1
54,YK,7.29,1
55,WI,4.5200000000000005,1
56,SW,7.969999999999997,1
57,IW,9.279999999999998,1
58,IW,8.54,1
59,SS,1.4000000000000008,1
60,W,7.559999999999999,1
61,C,6.800000000000001,1
62,I,5.22,1
63,P,2.4699999999999998,1
64,V,2.3099999999999996,1
65,I,1.45,1
66,T,2.5399999999999996,1
67,G,1.5199999999999996,1
68,R,3.74,1
69,S,2.1100000000000008,1
70,K,1.41,1
71,K,3.25,1
