,pattern,weight,status
0,QTATENSQM,-0.5200000000000006,1
1,QTATENSQM,3.949999999999998,1
2,QTATENSQM,4.199999999999998,1
3,TNWATNSQM,-0.27000000000000063,0
4,TATGNSRSQ,-1.2300000000000006,0
5,EIRYTFWEG,3.4700000000000006,0
6,TVATENSQM,5.289999999999999,0
7,TNENSPEMF,-1.7000000000000002,0
8,QTAENSQM,-0.3500000000000006,0
9,QTATESHQ,3.039999999999999,0
10,QMTDTYQG,2.1299999999999994,0
11,NIGLSTA,9.5,0
12,TATENSM,4.809999999999999,0
13,TEQNQM,1.5599999999999992,0
14,QAENSQ,3.6799999999999997,0
15,CDCFA,-10.53,0
16,QSTL,-4.12,0
17,DKIV,-3.810000000000001,0
18,TNS,0.5599999999999993,0
19,YEK,-2.9400000000000004,0
20,CLE,-3.7800000000000002,0
21,TEW,9.209999999999999,0
22,KHL,-7.720000000000001,0
23,HKL,-8.970000000000002,0
24,NWV,5.990000000000004,0
25,KEL,-7.960000000000001,0
26,ESG,-2.57,0
27,ANV,5.510000000000003,0
28,FEL,5.850000000000001,0
29,KLT,-5.000000000000001,0
30,CR,-4.630000000000001,1
31,ME,6.079999999999997,0
32,YA,-3.1799999999999993,1
33,FL,-3.95,0
34,ST,-2.7,1
35,HC,8.21,1
36,HC,8.21,1
37,YK,-2.9400000000000004,1
38,KL,-2.4500000000000015,1
39,KL,-2.320000000000001,1
40,MR,-3.960000000000001,1
41,IP,-7.030000000000001,1
42,IP,-7.850000000000001,1
43,HQ,-1.93,1
44,KV,-3.580000000000001,1
45,TE,10.17,1
46,KL,-5.100000000000001,1
47,KL,-9.290000000000001,1
48,KL,-4.66,1
49,KL,-4.34,1
50,KL,-3.7800000000000002,1
51,KL,-4.63,1
52,KL,-6.45,1
53,KL,-7.01,1
54,EE,5.249999999999998,1
55,IW,-9.620000000000001,1
56,KY,-4.4,1
57,AT,6.130000000000003,1
58,LA,9.32,1
59,YH,7.6,1
60,SA,5.319999999999999,1
61,RK,-3.46,1
62,A,-3.909999999999999,1
63,K,-3.040000000000001,1
64,H,-3.05,1
65,L,-2.4000000000000004,1
66,L,5.440000000000002,1
67,A,8.240000000000002,1
68,A,6.670000000000003,1
69,I,-7.8900000000000015,1
70,Y,10.31,1
71,A,8.200000000000001,1
72,A,-4.69,1
73,Y,9.65,1
74,C,5.930000000000001,1
75,C,6.140000000000001,1
76,R,-3.330000000000001,1
77,H,7.98,1
78,V,3.04,1
79,V,4.000000000000001,1
80,E,-6.3500000000000005,1
81,D,9.94,1
