,pattern,weight,status
0,KSYTKRCTA,9.060000000000002,0
1,IATMHCWC,7.790000000000001,0
2,VANRSKNI,8.270000000000001,0
3,HHCDMEWV,5.640000000000001,0
4,CIALCPF,4.46,0
5,CTDMEKH,9.4,0
6,ECPPIIN,9.010000000000002,0
7,LDMYTA,7.8199999999999985,0
8,DKKYFP,9.700000000000001,0
9,MCFFRL,5.629999999999999,0
10,KQMKA,10.45,0
11,LVVKY,9.620000000000001,0
12,VKNVA,1.0700000000000007,0
13,LPCY,11.129999999999997,0
14,YRTT,6.570000000000002,0
15,RYMC,7.65,0
16,TEYH,1.3900000000000003,0
17,IPR,6.56,0
18,DFR,14.410000000000002,0
19,WDM,8.71,0
20,GYR,5.650000000000001,0
21,TYQ,1.9800000000000004,0
22,RPT,6.81,0
23,MWD,10.93,1
24,ALK,8.98,0
25,SHT,2.5300000000000002,0
26,RCN,7.239999999999999,0
27,VPM,11.360000000000001,0
28,AE,8.980000000000002,0
29,KI,6.459999999999999,1
30,SQ,3.7399999999999998,1
31,PI,10.94,1
32,HG,8.839999999999996,1
33,MT,7.1000000000000005,1
34,RM,6.66,1
35,RT,3.8400000000000003,1
36,MT,7.370000000000001,1
37,WD,8.29,1
38,KY,10.9,1
39,IG,10.869999999999997,1
40,LK,10.16,1
41,LK,9.790000000000001,1
42,LK,7.2299999999999995,1
43,TK,1.5499999999999996,1
44,WE,7.589999999999999,1
45,IW,7.2700000000000005,1
46,WF,3.3900000000000006,1
47,S,1.9600000000000002,1
48,R,2.2099999999999986,1
49,K,3.25,1
