,pattern,weight,status
0,DFLTVTMCS,0.5799999999999993,0
1,VNWKTLRF,2.44,0
2,YCMKPHH,2.16,0
3,TTWLTTY,5.21,0
4,FRKMETT,7.960000000000002,0
5,RPVPKGK,3.4299999999999997,0
6,DVDTCM,7.77,0
7,DPSDI,6.35,0
8,NVKCN,2.3700000000000014,0
9,TTTTW,1.0999999999999996,0
10,NICEV,9.179999999999998,0
11,ILDKF,8.379999999999999,0
12,LKCSN,12.689999999999996,0
13,DCGWF,8.26,0
14,NVRVH,-2.9000000000000004,0
15,WGQYM,9.38,0
16,ITNHQ,-1.9900000000000004,0
17,TNTF,5.780000000000001,0
18,SKMF,10.36,0
19,RVKW,11.620000000000001,0
20,MPLK,9.05,0
21,DKAN,8.09,0
22,VNME,11.46,0
23,RETT,6.319999999999999,0
24,CCLV,0.5900000000000003,0
25,TETR,2.43,0
26,CKKY,2.67,0
27,CLIW,12.089999999999998,0
28,FPCR,6.59,0
29,VKIL,10.599999999999996,0
30,AEIN,11.09,0
31,WPDD,1.3899999999999997,0
32,RNA,1.9300000000000002,0
33,ELR,7.289999999999997,0
34,CET,7.329999999999999,0
35,HVI,12.51,0
36,KRR,10.31,0
37,KLK,9.479999999999997,1
38,IRA,14.290000000000001,0
39,RMR,3.6999999999999997,1
40,LGK,9.35,1
41,GQT,12.910000000000002,0
42,RRT,13.850000000000001,1
43,CCM,6.15,0
44,GKL,8.22,1
45,VLK,10.079999999999998,1
46,NVT,1.3100000000000003,0
47,LKS,8.219999999999999,1
48,MSK,10.830000000000004,1
49,HI,1.5399999999999998,1
50,FW,7.280000000000003,1
51,TL,5.2,1
52,KL,5.52,1
53,NH,6.369999999999999,1
54,PC,1.9800000000000004,1
55,TT,2.21,1
56,LK,9.83,1
57,QC,6.910000000000001,1
58,HG,5.500000000000001,1
59,TM,4.200000000000001,1
60,CV,9.069999999999999,1
61,VN,-4.28,1
62,RP,2.5,1
63,RQ,5.19,1
64,LK,7.6999999999999975,1
65,RM,10.310000000000004,1
66,TR,6.069999999999999,1
67,EQ,15.270000000000003,1
68,RM,10.9,1
69,WE,15.110000000000001,1
70,LK,9.769999999999998,1
71,SP,9.32,1
72,LK,9.419999999999998,1
73,WD,11.82,1
74,YW,-0.48999999999999966,1
75,NR,1.4699999999999998,1
76,S,2.8500000000000005,1
77,K,6.729999999999998,1
78,I,6.260000000000002,1
79,R,3.98,1
