,pattern,weight,status
0,CIKWWVIGN,5.39,0
1,DVYLYDSLM,2.64,0
2,EDTCWII,3.4700000000000006,0
3,WYMSPR,-0.32000000000000006,0
4,PLNER,-1.7499999999999998,0
5,WDPRW,0.12,0
6,KFLLW,8.31,0
7,HRKPM,4.88,0
8,STMTQ,4.31,0
9,VKELA,3.33,0
10,VELKL,7.69,0
11,RTTT,4.1000000000000005,1
12,SKRL,2.8000000000000007,0
13,KHCL,6.52,0
14,RHTL,4.329999999999999,0
15,KDET,3.4099999999999993,0
16,CPFT,3.160000000000001,0
17,KLSY,4.08,0
18,YACE,0.1400000000000003,0
19,HKC,3.3599999999999994,1
20,DKI,6.309999999999999,1
21,NRT,1.7699999999999998,1
22,QEP,3.8200000000000007,0
23,TSK,6.329999999999999,1
24,GTK,7.899999999999999,0
25,TWH,8.91,0
26,PRM,2.1999999999999993,0
27,KDQ,4.059999999999999,0
28,VPP,9.499999999999998,0
29,KPD,5.249999999999999,0
30,RTV,3.4400000000000004,0
31,NIL,4.18,0
32,WYV,4.619999999999999,0
33,DG,5.219999999999999,1
34,KT,4.590000000000001,1
35,LN,6.15,1
36,TA,6.23,1
37,PL,6.8100000000000005,1
38,HH,6.629999999999999,1
39,TY,7.12,1
40,HN,6.209999999999999,1
41,LK,9.529999999999998,1
42,LK,9.449999999999998,1
43,LK,7.869999999999999,1
44,RT,2.21,1
45,CP,10.74,1
46,FP,11.68,0
47,PI,6.41,1
48,TA,7.41,1
49,KL,8.840000000000002,1
50,KL,10.389999999999999,1
51,VP,12.13,1
52,KL,4.790000000000001,1
53,LN,4.99,1
54,KL,5.460000000000001,1
55,KL,5.26,1
56,ML,2.9200000000000013,0
57,WG,2.4200000000000004,1
58,WK,4.650000000000001,1
59,RT,4.489999999999999,1
60,CA,7.050000000000001,1
61,EI,5.390000000000001,1
62,RG,2.65,1
63,WP,0.5199999999999999,1
64,H,1.2800000000000002,1
65,I,5.64,1
66,T,3.8099999999999996,1
67,K,4.149999999999998,1
68,W,6.07,1
69,G,6.43,1
70,R,4.95,1
71,K,4.670000000000001,1
72,W,7.180000000000001,1
73,I,4.980000000000001,1
74,M,2.780000000000001,1
75,S,7.419999999999997,1
76,I,3.8200000000000003,1
77,I,5.760000000000001,1
