,pattern,weight,status
0,YVTMWRV,9.839999999999996,0
1,YVTMWRV,9.319999999999997,0
2,GGAYNWK,7.210000000000002,0
3,SKSVDM,7.010000000000001,0
4,TCGALR,1.8900000000000003,0
5,RTHFQ,4.12,0
6,SDQHL,9.249999999999998,0
7,SDQHL,8.279999999999998,0
8,TPTT,5.98,0
9,GERK,11.2,0
10,EPHG,8.059999999999999,0
11,NTGE,1.22,0
12,IYQI,-1.7700000000000002,0
13,WHAS,10.320000000000002,0
14,RPNY,9.039999999999997,0
15,PGST,5.830000000000002,0
16,NSWK,2.620000000000001,0
17,YQI,-2.5900000000000003,0
18,VKS,4.790000000000001,1
19,VKS,5.5200000000000005,1
20,KSG,7.1800000000000015,1
21,KSG,6.800000000000001,1
22,RNV,9.73,1
23,RNV,9.73,1
24,VSE,4.950000000000001,1
25,VSE,5.080000000000001,1
26,NTQ,4.78,0
27,PGG,8.889999999999999,1
28,PGG,8.209999999999999,1
29,KKW,5.870000000000001,1
30,KKW,5.870000000000001,1
31,NVS,3.4299999999999997,0
32,LCQ,1.6400000000000001,0
33,GIC,3.689999999999999,0
34,ICT,9.86,0
35,PFC,5.5,0
36,MN,10.35,1
37,IS,8.610000000000001,1
38,IS,8.33,1
39,IC,9.469999999999999,1
40,NT,6.5200000000000005,1
41,NT,6.5200000000000005,1
42,RS,2.2699999999999996,1
43,LQ,1.6400000000000001,1
44,SQ,7.53,1
45,SQ,7.53,1
46,HG,7.539999999999999,1
47,HG,8.02,1
48,QS,2.92,1
49,EP,11.27,1
50,RT,9.52,1
51,RT,10.0,1
52,NS,2.480000000000001,1
53,IG,11.259999999999996,1
54,IG,11.259999999999996,1
55,IG,8.36,1
56,IG,8.36,1
57,MR,9.75,1
58,MR,8.81,1
59,LK,8.72,1
60,LK,8.49,1
61,KL,10.800000000000002,1
62,KL,10.920000000000002,1
63,GI,4.529999999999999,1
64,KL,5.509999999999999,1
65,KL,5.509999999999999,1
66,PC,5.5,1
67,WE,8.100000000000001,1
68,WE,7.120000000000001,1
69,TT,4.789999999999999,1
70,WP,0.1399999999999998,1
71,WP,0.1399999999999998,1
72,KT,2.6799999999999997,1
73,KT,2.9499999999999997,1
74,M,3.32,1
75,S,2.4699999999999998,1
76,Q,3.69,1
77,P,11.27,1
78,T,5.749999999999999,1
79,M,3.59,1
80,G,3.84,1
81,G,3.84,1
82,E,5.370000000000001,1
83,E,4.660000000000001,1
84,W,9.160000000000002,1
85,W,8.490000000000002,1
86,L,11.789999999999997,1
87,L,12.699999999999998,1
88,R,8.379999999999999,1
89,M,9.33,1
90,S,6.140000000000002,1
91,S,6.360000000000002,1
92,I,8.319999999999999,1
93,I,12.469999999999999,1
94,I,12.469999999999999,1
95,K,11.700000000000001,1
96,K,10.9,1
