,pattern,weight,status
0,LSHGIAIE,0.52,0
1,WQCRRIVR,1.3899999999999986,0
2,DVHKGAW,5.51,0
3,SFIVSA,1.31,0
4,CLVSN,6.039999999999998,0
5,HWDCC,0.16000000000000036,0
6,CFVRN,5.6599999999999975,0
7,PLTMC,5.430000000000001,0
8,FCQLF,2.8200000000000007,0
9,FTRCY,7.5200000000000005,0
10,CVNEH,9.729999999999999,0
11,CDSIY,1.69,0
12,RLKC,5.659999999999999,0
13,DCWD,4.56,0
14,VSCW,8.02,0
15,AREP,4.789999999999999,0
16,WCYW,0.4900000000000001,0
17,RHWH,8.629999999999999,0
18,PEFI,7.1899999999999995,0
19,KALH,6.59,0
20,TPKK,5.569999999999999,0
21,DKCY,8.45,0
22,PWNM,5.57,0
23,PMKM,4.539999999999998,0
24,IDTR,8.180000000000001,0
25,VRH,7.540000000000001,0
26,IVK,5.3,1
27,VQM,6.540000000000002,0
28,GME,8.269999999999998,0
29,NYY,9.26,1
30,IKM,7.360000000000001,1
31,IKM,7.1499999999999995,1
32,NGP,7.07,0
33,LME,7.57,0
34,EDL,11.969999999999999,0
35,REH,4.630000000000001,0
36,REK,7.4,0
37,KLI,4.92,1
38,CN,3.8099999999999996,1
39,GI,9.299999999999999,1
40,KL,9.02,1
41,GC,5.75,1
42,DN,3.6100000000000003,1
43,QD,8.11,1
44,SM,8.929999999999998,1
45,KV,7.970000000000001,1
46,DD,0.59,1
47,KL,6.93,1
48,KY,7.970000000000001,1
49,DW,7.85,1
50,KL,9.82,1
51,QD,8.349999999999998,1
52,RN,8.32,1
53,KL,9.24,1
54,KL,8.26,1
55,KL,10.2,1
56,FM,7.66,1
57,ND,7.409999999999999,1
58,FE,5.67,0
59,EW,4.8100000000000005,1
60,SK,4.55,1
61,SN,3.89,1
62,NY,3.24,1
63,PS,10.110000000000001,1
64,I,8.339999999999996,1
65,W,7.12,1
66,R,7.319999999999999,1
67,M,6.53,1
68,K,4.569999999999999,1
69,L,5.68,1
70,W,7.64,1
71,S,5.940000000000001,1
72,K,6.59,1
73,I,9.45,1
74,G,5.68,1
75,T,6.71,1
