,pattern,weight,status
0,RMPAPFAHE,-0.13,0
1,RMPASPHE,0.19,0
2,LQPSKWQ,4.5200000000000005,0
3,QIPRK,6.24,0
4,EVMWQ,4.629999999999999,0
5,KVHS,1.4099999999999997,0
6,THRS,9.419999999999998,0
7,EAKM,2.25,0
8,CLKN,6.490000000000001,0
9,GLRC,6.0,0
10,PKRI,5.96,0
11,LLKC,4.97,0
12,QTFS,9.5,0
13,QIIR,9.430000000000001,0
14,MNKF,3.08,0
15,MAK,-0.23999999999999996,0
16,PAK,4.250000000000001,0
17,RNK,3.9800000000000004,1
18,IFQ,8.580000000000002,0
19,MEM,7.86,0
20,TSS,7.9399999999999995,0
21,IWL,5.1899999999999995,0
22,AKW,7.0600000000000005,0
23,NKR,2.85,0
24,MRG,8.420000000000002,0
25,QFD,5.02,0
26,NVD,3.0500000000000003,0
27,FIQ,6.54,0
28,DIT,0.7699999999999996,0
29,GVA,2.5400000000000005,0
30,WEK,3.7899999999999996,0
31,TS,9.44,1
32,KM,2.9000000000000004,1
33,IF,7.540000000000001,1
34,GF,3.1100000000000003,1
35,PD,2.39,1
36,WS,3.74,1
37,DI,9.25,1
38,LI,8.459999999999999,1
39,DN,3.6800000000000006,1
40,DD,3.3,1
41,TA,2.02,1
42,SQ,9.720000000000002,1
43,LK,8.900000000000002,1
44,MR,12.180000000000001,1
45,MR,13.400000000000002,1
46,TR,7.08,1
47,GA,1.2800000000000002,1
48,LK,8.73,1
49,LK,8.830000000000002,1
50,LN,4.260000000000001,1
51,LK,4.49,1
52,LK,2.9,1
53,MK,7.34,1
54,KL,9.240000000000002,1
55,KL,7.260000000000002,1
56,KE,6.009999999999999,1
57,MG,9.300000000000002,1
58,TM,7.75,1
59,RT,1.6900000000000004,1
60,KT,4.390000000000001,1
61,KW,6.040000000000001,1
62,KE,2.88,1
63,GA,0.20000000000000073,1
64,LA,3.67,1
65,WE,8.41,1
66,E,4.779999999999999,1
67,W,4.87,1
68,K,1.76,1
69,I,5.119999999999999,1
70,G,4.11,1
71,R,5.2,1
72,E,0.9100000000000004,1
73,V,1.2999999999999994,1
74,E,0.5300000000000002,1
75,S,8.650000000000002,1
76,I,8.25,1
77,G,2.14,1
78,I,7.310000000000003,1
79,I,0.33000000000000007,1
80,K,6.56,1
81,T,2.880000000000001,1
