,pattern,weight,status
0,YKVMVATP,5.62,0
1,EKMWTNQV,3.34,0
2,PMMYEVV,9.150000000000002,0
3,GLPIPH,4.199999999999999,0
4,GWFLAH,4.029999999999999,0
5,IKAQN,2.650000000000001,0
6,IDTKF,-0.21999999999999986,0
7,WDDCW,5.99,0
8,PFDNG,2.9699999999999998,0
9,ANWA,-2.6300000000000003,0
10,KQIW,2.5299999999999994,0
11,RKGF,5.54,0
12,TNSK,3.7199999999999998,0
13,SLDY,2.7500000000000004,0
14,FSGQ,6.470000000000001,0
15,MFEG,5.68,0
16,KQCT,4.17,0
17,CWQI,4.88,0
18,IIWD,7.039999999999999,0
19,HTRG,6.21,0
20,RIMS,6.949999999999999,0
21,WVY,4.41,0
22,WDW,4.58,1
23,HSD,0.7800000000000001,1
24,ICN,4.01,0
25,TSK,4.449999999999999,1
26,VSG,6.8500000000000005,1
27,FWD,11.89,0
28,NRE,8.01,0
29,VPN,7.57,1
30,YFP,4.419999999999999,0
31,APS,-1.5400000000000003,0
32,GIL,12.060000000000002,1
33,LKW,4.850000000000001,1
34,WD,8.0,1
35,IM,7.949999999999999,0
36,LN,5.4,1
37,CV,6.749999999999999,1
38,PA,7.79,1
39,MG,6.329999999999999,1
40,AD,-2.5699999999999994,0
41,GV,9.91,1
42,FD,1.1100000000000005,1
43,IP,5.37,1
44,PG,-2.13,1
45,QD,4.9799999999999995,1
46,TH,6.440000000000001,1
47,VD,2.2,1
48,HG,3.7600000000000002,1
49,FG,2.7600000000000002,1
50,TK,1.9000000000000001,1
51,EN,3.67,1
52,LN,3.3,1
53,TM,4.87,1
54,KN,8.02,1
55,KN,8.539999999999997,1
56,GI,11.350000000000001,1
57,GI,9.540000000000001,1
58,WD,10.44,1
59,KL,5.7,1
60,TR,7.31,1
61,LK,6.2399999999999975,1
62,LK,5.259999999999998,1
63,DI,7.409999999999998,1
64,KL,7.530000000000002,1
65,KL,7.330000000000002,1
66,LK,3.450000000000001,1
67,TI,4.790000000000001,1
68,IN,5.289999999999999,1
69,QW,3.64,1
70,WD,3.2,1
71,KW,11.75,1
72,MK,7.270000000000001,1
73,LL,6.209999999999999,1
74,RN,5.6899999999999995,1
75,PK,8.66,1
76,FS,1.8800000000000006,0
77,Q,6.620000000000001,1
78,W,6.01,1
79,V,3.29,1
80,M,9.930000000000001,1
81,I,5.480000000000002,1
82,I,6.830000000000002,1
83,I,5.279999999999999,1
84,T,5.630000000000001,1
85,W,3.0399999999999996,1
86,G,8.029999999999998,1
87,L,7.65,1
88,R,7.13,1
89,K,9.09,1
90,S,7.890000000000001,1
