,pattern,weight,status
0,CEVCKKKD,2.33,0
1,DGTVEIMR,11.11,0
2,WLESCAWF,4.9999999999999964,0
3,IFSWKSN,1.4400000000000004,0
4,KQSPSWK,2.4100000000000006,0
5,TRPSLLK,3.33,0
6,NPQMHEA,2.32,0
7,NGPIHFN,10.080000000000004,0
8,SGSVSWC,6.999999999999998,0
9,GQTQSK,3.1899999999999995,0
10,EEDQQP,-0.29999999999999966,0
11,KKSKFE,1.8300000000000005,0
12,ILKLPD,12.490000000000002,0
13,KVQWM,4.130000000000001,0
14,DRMWG,5.87,0
15,KTHSK,0.5900000000000007,0
16,DTRAE,6.289999999999999,0
17,SNSDS,6.739999999999999,0
18,NRMTS,7.969999999999998,0
19,TKESR,2.4699999999999998,0
20,WYDS,-1.8699999999999997,0
21,EPVK,4.8999999999999995,0
22,KLVA,8.21,0
23,KVNY,13.510000000000002,0
24,LGDL,9.5,0
25,WKLA,6.089999999999998,0
26,CKLL,9.569999999999999,0
27,WKLS,3.9899999999999998,0
28,MNTD,1.3400000000000005,0
29,KRFL,10.469999999999999,0
30,YQNR,2.4700000000000006,0
31,YWWP,1.5500000000000003,0
32,LRM,4.87,1
33,KRQ,-1.3299999999999994,0
34,KLK,11.899999999999997,1
35,KLI,6.219999999999997,1
36,AGE,7.050000000000001,0
37,FSR,7.07,0
38,KFV,2.45,0
39,WPI,5.130000000000001,0
40,MVL,8.239999999999997,0
41,IGI,9.959999999999999,1
42,CGR,10.440000000000003,0
43,ART,0.5300000000000002,0
44,HSS,1.5300000000000005,1
45,TES,-1.1199999999999994,0
46,KKL,10.760000000000002,1
47,ESD,1.2200000000000002,1
48,YTP,7.109999999999999,0
49,YM,5.550000000000001,0
50,TQ,5.28,1
51,MA,2.19,0
52,VL,1.6700000000000004,1
53,ND,4.11,1
54,KL,11.330000000000002,1
55,PV,2.83,1
56,QS,2.9,1
57,KQ,4.1000000000000005,1
58,IC,2.35,1
59,IW,8.06,1
60,GI,8.539999999999997,1
61,HG,7.469999999999998,1
62,MR,6.909999999999999,1
63,PL,9.529999999999996,1
64,IG,6.499999999999998,1
65,RG,6.440000000000001,1
66,KL,8.950000000000001,1
67,KL,9.650000000000002,1
68,RT,8.79,1
69,KL,12.38,1
70,WI,10.910000000000002,1
71,WI,8.95,1
72,SQ,5.4799999999999995,1
73,HM,9.1,0
74,EG,8.560000000000002,1
75,KE,11.25,1
76,K,7.750000000000001,1
77,M,4.31,1
78,W,4.760000000000001,1
79,S,2.36,1
80,I,10.31,1
81,T,1.2999999999999998,1
82,R,2.52,1
