,pattern,weight,status
0,EWVFGQDIQ,2.2800000000000002,0
1,EMIDKMRF,0.5899999999999997,0
2,MFIELVL,4.98,0
3,KGLRFL,7.790000000000001,0
4,EKRCF,1.2799999999999998,0
5,WIYRK,7.710000000000003,0
6,FCTWR,1.43,0
7,IKDVL,4.0,0
8,ENLTK,7.2299999999999995,0
9,EPCK,8.640000000000002,0
10,KDIK,4.05,0
11,YKGC,6.180000000000002,0
12,LDSW,5.829999999999998,0
13,KEYF,0.09000000000000008,0
14,EHHV,-0.1399999999999999,0
15,LVAA,5.1,0
16,EPNT,-1.8599999999999999,0
17,HLN,10.79,1
18,CHP,1.54,0
19,SRE,10.05,0
20,ITK,0.67,0
21,HVL,11.25,0
22,IDT,7.42,0
23,PCA,7.269999999999999,0
24,EKY,9.090000000000003,0
25,CKE,0.7000000000000002,0
26,SCD,1.0600000000000005,0
27,KW,3.2399999999999993,1
28,IK,3.9299999999999997,1
29,KL,10.33,1
30,NG,9.090000000000002,1
31,AS,3.46,1
32,PL,10.290000000000001,1
33,LR,4.199999999999999,1
34,KL,10.739999999999998,1
35,IE,-2.81,1
36,GN,10.49,1
37,PC,7.039999999999999,1
38,NP,6.810000000000001,1
39,KL,8.059999999999999,1
40,GI,11.030000000000001,1
41,IW,13.45,1
42,WI,5.19,1
43,LK,6.14,1
44,LK,6.4399999999999995,1
45,LK,7.79,1
46,MY,0.30000000000000004,0
47,RT,7.260000000000001,1
48,EK,10.270000000000001,1
49,EK,11.48,1
50,LL,8.77,1
51,QE,9.549999999999999,1
52,KL,9.779999999999998,1
53,KL,7.809999999999999,1
54,KL,9.200000000000001,1
55,DI,8.610000000000003,1
56,DI,10.590000000000003,1
57,MT,10.450000000000001,1
58,PH,0.22999999999999976,0
59,GP,-0.050000000000000364,1
60,LE,7.080000000000001,1
61,MK,11.670000000000002,1
62,H,0.3799999999999998,1
63,W,5.7,1
64,I,12.83,1
65,K,2.49,1
66,G,4.72,1
67,T,5.5200000000000005,1
68,I,5.829999999999999,1
69,Q,4.079999999999999,1
70,W,6.000000000000001,1
71,S,8.930000000000001,1
72,C,2.5300000000000002,1
73,R,8.750000000000002,1
74,K,7.539999999999999,1
