,pattern,weight,status
0,FVSKSWM,7.799999999999999,0
1,LVDPII,-0.73,0
2,SFYRM,10.339999999999996,0
3,YQFTW,5.06,0
4,PEGSH,1.5899999999999999,0
5,DFSKI,9.68,0
6,WAFM,6.680000000000001,0
7,VPQL,10.01,0
8,HFMS,1.4300000000000002,0
9,MCSV,9.509999999999998,0
10,KINQ,4.630000000000001,0
11,KCIN,3.9600000000000004,0
12,YAPQ,6.95,0
13,KVYD,7.24,0
14,VYK,6.88,0
15,TTY,8.02,0
16,WHQ,8.05,1
17,WHQ,7.8500000000000005,1
18,KYL,8.23,1
19,DEQ,3.3899999999999997,0
20,WDF,6.3999999999999995,0
21,LAP,1.5900000000000003,0
22,ASY,7.8000000000000025,0
23,MYL,6.450000000000001,0
24,PWQ,6.95,0
25,VP,-2.1799999999999997,1
26,AN,7.79,1
27,RK,4.01,1
28,RK,4.01,1
29,GQ,2.24,1
30,TP,4.089999999999999,1
31,TP,5.749999999999999,1
32,HS,3.27,1
33,HS,3.27,1
34,PM,10.64,1
35,PM,10.91,1
36,SL,6.510000000000001,1
37,SL,6.190000000000001,1
38,PK,8.18,1
39,PK,6.789999999999999,1
40,YL,6.240000000000001,1
41,KG,9.020000000000001,1
42,QI,6.550000000000001,1
43,QI,6.550000000000001,1
44,NW,4.09,1
45,VC,3.5099999999999993,1
46,SY,6.520000000000002,1
47,NT,0.56,1
48,EV,3.75,1
49,EV,4.05,1
50,MN,1.4900000000000002,1
51,LV,3.5099999999999993,1
52,YL,9.000000000000002,1
53,AT,1.9200000000000002,1
54,YY,8.35,1
55,NM,7.210000000000001,1
56,FV,9.159999999999998,0
57,A,8.32,1
58,A,8.34,1
59,T,0.56,1
60,N,1.9900000000000002,1
61,F,6.41,1
62,P,2.3800000000000003,1
63,D,2.54,1
64,P,-1.5999999999999999,1
65,G,9.020000000000001,1
66,A,2.1099999999999994,1
67,E,8.91,1
68,E,8.91,1
69,V,4.41,1
70,V,4.41,1
71,Y,9.000000000000002,1
72,H,9.429999999999998,1
73,Q,7.370000000000001,1
74,A,1.35,1
75,D,3.14,1
76,F,9.78,1
77,T,3.09,1
78,V,9.479999999999999,1
79,T,4.06,1
80,T,3.4299999999999997,1
81,H,8.690000000000001,1
82,H,8.690000000000001,1
83,N,8.53,1
84,D,3.94,1
85,D,4.76,1
86,Y,11.61,1
87,Y,11.42,1
88,D,5.51,1
89,S,5.24,1
90,S,5.24,1
