,pattern,weight,status
0,LVPIGILKG,8.67,1
1,LVPIGILKG,7.689999999999999,1
2,LVPIGILKG,5.989999999999998,1
3,LVPIGILKG,5.159999999999998,1
4,LVPIGILKG,3.259999999999999,1
5,LVPIGILKG,4.139999999999999,1
6,LVPIGILKG,4.119999999999999,1
7,LVPIGILKG,4.479999999999999,1
8,LVPIGILKG,0.8399999999999987,1
9,CLLVPIYIL,7.479999999999999,0
10,ALVPGILTK,5.069999999999999,0
11,LVPIGLKG,4.159999999999998,0
12,LVPIGLQK,2.799999999999999,0
13,LVPIILKG,1.1999999999999988,0
14,LVIGILKG,7.68,0
15,LVPIGLKG,6.1899999999999995,0
16,VPGEILK,2.619999999999999,0
17,LVYIGKG,6.349999999999999,0
18,LVPIGL,2.999999999999999,0
19,GLKNPC,2.77,0
20,WYEQE,7.289999999999999,0
21,CSSS,7.76,0
22,WDWE,7.299999999999997,1
23,DDWE,9.45,0
24,PRII,9.110000000000001,0
25,TRII,9.110000000000001,0
26,CIAA,10.729999999999997,0
27,KSQF,5.01,0
28,DWE,9.809999999999999,1
29,WDE,7.299999999999997,0
30,DWE,8.989999999999998,1
31,QKK,8.629999999999999,1
32,QKK,8.069999999999999,1
33,QKK,9.299999999999999,1
34,QKK,9.02,1
35,WQM,2.03,1
36,WQM,2.63,1
37,IKM,7.550000000000001,1
38,QWG,11.08,0
39,HYE,-3.4000000000000004,1
40,HYE,-3.51,1
41,YLH,-0.039999999999999925,0
42,CAI,10.699999999999998,0
43,SMC,6.9700000000000015,1
44,WAQ,10.729999999999999,0
45,PIL,10.469999999999999,1
46,VVG,11.030000000000001,0
47,CTR,5.229999999999999,1
48,CRK,4.9799999999999995,0
49,LWK,6.81,1
50,QIM,7.010000000000001,0
51,WQE,9.679999999999996,1
52,WE,8.589999999999996,1
53,EK,9.639999999999999,1
54,EK,9.639999999999999,1
55,EL,3.6399999999999997,1
56,EL,3.76,1
57,PI,10.469999999999999,1
58,QK,6.830000000000002,1
59,QK,6.520000000000001,1
60,MR,7.100000000000001,1
61,MR,6.450000000000001,1
62,VG,11.9,1
63,TR,4.379999999999999,1
64,CR,4.9799999999999995,1
65,GI,9.15,1
66,GI,9.120000000000001,1
67,LK,3.4299999999999997,1
68,LK,3.4299999999999997,1
69,LK,6.6,1
70,LK,4.13,1
71,LK,4.13,1
72,IP,10.33,1
73,IP,10.33,1
74,YR,0.27000000000000013,1
75,YR,0.6300000000000003,1
76,MC,6.740000000000001,1
77,LW,4.21,1
78,PS,-0.5499999999999995,1
79,FS,-1.0299999999999998,0
80,GS,-1.9,1
81,WS,3.9499999999999997,1
82,H,-0.4499999999999999,1
83,F,-1.0299999999999998,1
84,S,-0.5199999999999996,1
85,S,-1.6099999999999999,1
86,V,-1.7199999999999998,1
87,Y,-5.3100000000000005,1
88,Y,-4.840000000000001,1
89,R,3.5700000000000003,1
90,S,4.18,1
91,K,5.2,1
92,L,4.95,1
