,pattern,weight,status
0,HKAIGIR,10.37,0
1,SFMRSDI,1.5700000000000003,0
2,KTEGGL,3.8100000000000005,0
3,THIVLD,3.95,0
4,PRAMLR,4.79,0
5,TCTMKF,1.37,0
6,DHIPE,3.8400000000000003,0
7,NKWAN,6.6,0
8,IWHIE,5.36,0
9,CLVN,6.0,0
10,QPAL,3.0199999999999996,0
11,CRNQ,9.139999999999999,0
12,THTD,2.4000000000000004,0
13,TFAK,7.050000000000001,0
14,CTH,3.1000000000000005,0
15,NKM,6.149999999999999,0
16,NTG,8.059999999999999,1
17,DFN,7.859999999999998,0
18,SRS,8.22,1
19,HYC,5.859999999999999,0
20,HGD,4.550000000000001,0
21,PGG,8.239999999999997,1
22,NQS,6.3999999999999995,0
23,PIW,4.89,0
24,SVL,7.570000000000001,1
25,RTH,4.140000000000001,0
26,FCM,6.75,0
27,MMI,1.98,0
28,FIM,4.45,0
29,DGA,3.12,0
30,TH,5.95,1
31,QG,7.909999999999999,1
32,ES,8.49,1
33,YT,3.2599999999999993,1
34,MV,10.07,1
35,DL,0.8600000000000002,1
36,AN,7.489999999999999,1
37,CL,9.12,1
38,WA,0.19999999999999996,0
39,CD,-1.9599999999999995,1
40,HW,5.180000000000001,1
41,SC,6.52,1
42,SI,6.159999999999999,1
43,CM,7.32,1
44,VM,2.4999999999999996,1
45,EC,-2.9299999999999997,1
46,YS,5.499999999999999,1
47,YS,5.33,1
48,QT,8.910000000000002,1
49,WP,6.6899999999999995,1
50,EE,8.25,1
51,AN,7.759999999999999,1
52,PK,4.68,1
53,RE,8.920000000000002,1
54,HP,9.779999999999996,0
55,SL,5.550000000000001,1
56,WN,3.29,1
57,YT,8.17,1
58,MN,10.229999999999999,1
59,AH,3.1500000000000004,0
60,PD,2.98,1
61,D,4.239999999999999,1
62,V,1.29,1
63,N,6.409999999999999,1
64,Y,4.989999999999999,1
65,Y,8.090000000000002,1
66,K,0.7799999999999998,1
67,E,8.54,1
68,V,6.970000000000001,1
69,H,3.34,1
70,H,4.26,1
71,H,5.920000000000001,1
72,F,6.81,1
73,G,8.12,1
74,D,6.84,1
75,Y,10.459999999999999,1
76,S,2.8699999999999997,1
77,M,1.2200000000000002,1
78,F,7.569999999999999,1
79,T,3.58,1
80,T,3.11,1
