,pattern,weight,status
0,DHLYERYKS,4.75,0
1,YNGMESH,2.9899999999999998,0
2,VRRCDH,7.159999999999999,0
3,GIQLCS,2.5999999999999996,0
4,QTEGIC,9.080000000000002,0
5,FSTLIA,5.010000000000001,0
6,MYPGVQ,0.33999999999999997,0
7,KRCNV,4.55,0
8,EVWYE,7.96,0
9,MIVTV,7.75,0
10,RKLIK,5.890000000000001,0
11,NIDFY,8.56,0
12,KFYHN,3.9399999999999995,0
13,EWFV,4.709999999999999,0
14,YSEA,9.29,0
15,CCAH,4.14,0
16,EIVR,6.21,0
17,MGNQ,3.85,0
18,REDN,5.9799999999999995,0
19,MRVC,6.87,0
20,YWAM,8.579999999999998,0
21,KGLQ,2.26,0
22,VTHD,2.9300000000000006,0
23,KFHK,6.62,0
24,QNYN,4.87,0
25,KGW,5.88,1
26,EWF,5.18,0
27,CCG,3.019999999999999,0
28,THD,4.24,1
29,GQG,1.4799999999999995,0
30,SKT,4.0200000000000005,0
31,ANM,8.760000000000002,1
32,YPQ,4.64,0
33,EVF,4.309999999999999,0
34,LMP,4.26,0
35,TVT,3.6100000000000008,0
36,NFY,2.5,0
37,MLP,3.94,0
38,KVI,0.8700000000000003,1
39,SPL,2.26,0
40,AS,2.92,1
41,QT,7.449999999999999,1
42,WV,6.72,1
43,TG,5.32,1
44,KR,6.949999999999999,1
45,GP,5.0200000000000005,1
46,YH,5.88,1
47,VT,4.0,1
48,RE,5.39,1
49,RE,5.659999999999999,1
50,FM,4.949999999999999,1
51,ET,2.47,1
52,ER,5.760000000000001,1
53,NW,8.760000000000002,1
54,NW,7.770000000000001,1
55,CH,4.140000000000001,1
56,AN,7.2299999999999995,1
57,MN,7.06,1
58,NV,3.63,1
59,LT,3.24,1
60,EF,5.2,0
61,EV,8.13,1
62,A,4.59,1
63,A,8.49,1
64,V,3.89,1
65,D,4.680000000000001,1
66,E,7.239999999999999,1
67,F,7.72,1
68,Y,9.08,1
69,H,4.07,1
70,V,7.4399999999999995,1
71,S,3.9000000000000012,1
72,N,8.080000000000002,1
73,H,9.399999999999999,1
74,G,6.610000000000001,1
75,D,7.240000000000002,1
76,Y,12.579999999999998,1
77,T,5.42,1
