,pattern,weight,status
0,TQQRMEFHT,3.55,0
1,QCWRAIDT,5.3500000000000005,0
2,IVADWC,-0.5700000000000005,0
3,MKNPYM,7.57,0
4,RIPGIF,13.16,0
5,RIPGIF,12.3,0
6,MDMSRY,0.5599999999999999,0
7,MDMSQY,0.5399999999999999,0
8,VMYGRA,7.669999999999999,0
9,LCGRFF,-1.1700000000000002,0
10,RADSH,8.07,0
11,CAYVV,6.7,0
12,KPHQ,7.480000000000001,0
13,PNPA,8.53,0
14,EPIS,4.949999999999999,0
15,RDNS,4.920000000000002,0
16,TQRR,0.9700000000000001,0
17,QAGV,5.9399999999999995,0
18,YRSM,1.7000000000000002,0
19,HGKG,-0.48,0
20,WRRR,3.1100000000000003,0
21,SYKE,5.63,0
22,YKQE,-0.6700000000000002,0
23,HKR,10.56,1
24,HKR,10.13,1
25,GKG,0.009999999999999953,1
26,WRR,3.1100000000000003,1
27,MKG,5.76,1
28,SYE,6.24,0
29,KQE,-0.6700000000000002,1
30,VSP,7.810000000000001,0
31,HEG,4.430000000000001,0
32,GIM,10.18,0
33,GNR,6.5600000000000005,0
34,DVE,1.96,0
35,LWD,6.740000000000001,1
36,NGW,3.02,0
37,VGC,5.880000000000002,0
38,DDW,4.939999999999998,0
39,TM,7.54,1
40,GI,10.18,1
41,PI,10.72,1
42,MK,5.7299999999999995,1
43,WK,6.390000000000001,1
44,WK,6.67,1
45,TM,6.69,1
46,WK,4.29,1
47,WK,3.74,1
48,GN,6.67,1
49,KL,5.990000000000003,1
50,KL,7.380000000000003,1
51,KE,8.93,1
52,KE,8.26,1
53,VG,5.810000000000001,1
54,LK,9.38,1
55,LK,9.38,1
56,WD,9.450000000000001,1
57,WD,8.71,1
58,LK,9.540000000000001,1
59,LK,9.770000000000001,1
60,DW,4.439999999999998,1
61,PL,9.98,1
62,DV,0.12,1
63,LK,11.340000000000002,1
64,LK,11.560000000000002,1
65,WS,8.55,1
66,LG,6.63,1
67,G,3.02,1
68,I,10.83,1
69,H,4.2,1
70,L,1.64,1
71,L,0.7399999999999999,1
72,R,4.550000000000001,1
73,R,4.920000000000001,1
74,I,8.99,1
75,M,5.170000000000001,1
76,M,5.080000000000001,1
77,L,0.09999999999999996,1
78,L,-0.4700000000000001,1
79,S,6.97,1
80,T,3.0299999999999994,1
81,T,3.8999999999999995,1
82,W,8.55,1
83,I,6.370000000000001,1
84,I,6.370000000000001,1
85,K,6.95,1
86,K,6.95,1
