,pattern,weight,status
0,RTHFKDLS,2.6100000000000003,0
1,RTHFKDLS,3.9,0
2,GTYRNK,2.1199999999999997,0
3,YLYHW,5.050000000000001,0
4,DIVCL,5.8999999999999995,0
5,GTYRN,2.26,0
6,MWFEW,4.96,0
7,DYNWF,2.4800000000000004,0
8,LGSCI,4.129999999999999,0
9,GGDD,4.51,0
10,PQCV,0.8800000000000001,0
11,NSY,1.0699999999999998,1
12,NSY,0.8099999999999998,1
13,KVR,4.760000000000001,1
14,KVR,4.830000000000001,1
15,QYY,2.81,0
16,GWW,2.58,1
17,PNS,2.57,1
18,MQN,8.479999999999999,0
19,VN,5.0,1
20,NT,2.55,1
21,LY,8.719999999999999,1
22,HD,7.950000000000003,1
23,KC,2.1500000000000004,1
24,LL,9.6,1
25,DR,5.899999999999999,1
26,GW,1.74,1
27,VE,10.310000000000002,1
28,VE,8.720000000000002,1
29,YR,6.0600000000000005,1
30,YR,6.890000000000001,1
31,NS,2.76,1
32,MV,6.26,1
33,MV,6.26,1
34,CE,3.53,1
35,DG,10.95,1
36,DG,9.860000000000001,1
37,WW,7.7200000000000015,1
38,WW,9.260000000000002,1
39,WN,6.5200000000000005,1
40,WN,6.79,1
41,LK,-2.59,1
42,LK,-2.83,1
43,EV,5.94,1
44,EV,7.010000000000001,1
45,DR,5.879999999999999,1
46,NV,5.239999999999999,1
47,KQ,1.9600000000000002,1
48,VN,10.390000000000002,1
49,YG,2.8200000000000003,0
50,YT,9.360000000000003,1
51,HY,6.08,1
52,QT,6.299999999999999,1
53,CD,3.23,1
54,RE,6.87,1
55,CV,9.360000000000001,1
56,GQ,2.58,1
57,P,3.6300000000000003,1
58,H,7.950000000000003,1
59,Q,2.37,1
60,Y,8.910000000000002,1
61,Y,9.360000000000003,1
62,H,5.109999999999999,1
63,E,6.87,1
64,S,4.500000000000001,1
65,D,8.639999999999999,1
66,N,7.2299999999999995,1
67,T,6.289999999999999,1
68,G,3.7800000000000002,1
69,G,2.9800000000000004,1
