,pattern,weight,status
0,TTKTTTKTT,2.9100000000000006,1
1,TTKTTTKTT,-0.6799999999999999,1
2,TTKTTTKTT,0.42000000000000026,1
3,TTKTTTKTT,3.5799999999999996,1
4,TTKTTTKTT,-0.9999999999999998,1
5,TKTTTKTTT,3.8699999999999997,1
6,TTKTTPDKT,-1.3800000000000003,0
7,TTTTATKTT,2.3600000000000003,0
8,QTTKTTKTT,-0.31999999999999973,0
9,TKGTTTKTT,-2.53,0
10,TRPTTTKTT,-1.6199999999999999,0
11,TKFTTTKTT,-0.9499999999999997,0
12,TWTTTTKTT,3.9300000000000006,0
13,TTMTTKTTY,-1.6600000000000001,0
14,TTKTRTKTT,-1.05,0
15,TKTNKTTKT,1.0699999999999998,0
16,FTKTDTTTT,-4.239999999999999,0
17,TPTQKTMTT,3.17,0
18,TKTTKTYT,2.46,0
19,TKTTKTTT,4.0,0
20,TTKTETKT,-2.35,0
21,TTKTTNKT,-0.6,0
22,TKTTTKTT,-0.6999999999999997,1
23,TTTTTKTT,-1.42,1
24,TTTITTKT,-0.9399999999999997,0
25,TKTTTKVT,-2.7399999999999998,0
26,TTKTTKTT,2.8800000000000003,1
27,TDTTTKTT,-1.3,0
28,TKTTTKTT,-0.5299999999999998,1
29,TTKTTTKT,0.49000000000000027,1
30,TTKTTTKT,4.67,1
31,TKTTTKTT,-0.9999999999999998,1
32,TTTTFKET,2.07,0
33,TTKTTKTT,-1.04,1
34,ATKTTTTT,1.1400000000000001,0
35,TTKTTKT,-0.5399999999999998,1
36,TTETKTQ,-0.7999999999999999,0
37,KTTTKTT,2.52,1
38,TTKTPTT,-0.6699999999999998,0
39,TTTKTET,-1.19,0
40,TKTTTKT,-3.13,1
41,TTKTTKT,-0.6400000000000001,1
42,TTKTTTT,-2.9499999999999993,1
43,VSCGWEL,9.27,0
44,TTTTQT,-0.98,0
45,TKTTGT,-0.67,0
46,TKTKTT,-0.4399999999999997,0
47,TTTWTT,-0.92,0
48,TTKTKT,-1.1099999999999999,0
49,TTTKTT,-2.77,1
50,NPPP,6.359999999999998,0
51,MGKV,6.9600000000000035,1
52,PVYN,2.120000000000004,0
53,FCQN,-6.719999999999995,0
54,CDA,2.4000000000000035,0
55,PQS,-5.309999999999997,1
56,REQ,7.240000000000001,1
57,AP,3.6,1
58,NP,6.189999999999998,1
59,IP,-4.319999999999997,1
60,IP,-2.279999999999996,1
61,WN,5.0800000000000045,1
62,GK,5.620000000000004,1
63,YR,6.420000000000002,1
64,RE,6.780000000000001,1
65,VY,2.940000000000004,1
66,NS,6.790000000000005,1
67,YL,5.880000000000001,1
68,FI,-2.759999999999996,1
69,MV,6.82,1
70,HT,0.4300000000000036,1
71,WY,7.710000000000002,1
72,GD,6.310000000000003,1
73,SA,4.83,1
74,D,2.280000000000003,1
75,A,4.140000000000001,1
76,E,5.260000000000002,1
77,N,6.110000000000005,1
78,S,3.469999999999999,1
79,Y,6.330000000000001,1
80,Y,9.130000000000003,1
81,C,4.849999999999998,1
82,C,5.389999999999997,1
83,E,3.0900000000000007,1
84,H,4.849999999999999,1
85,H,4.799999999999999,1
86,I,-5.059999999999997,1
87,D,6.090000000000003,1
88,T,3.160000000000004,1
89,T,1.0500000000000043,1
90,V,6.590000000000001,1
