,pattern,weight,status
0,QWAWHANRK,5.090000000000001,0
1,VIVTII,9.190000000000001,0
2,NMSMVQ,4.660000000000001,0
3,PLFNIK,6.889999999999999,0
4,HQRFTY,4.540000000000001,0
5,QGFHF,7.91,0
6,WCPCC,1.6800000000000004,0
7,VYKIL,7.96,0
8,NYMPV,2.37,0
9,TPYPF,9.149999999999999,0
10,EMGAI,8.76,0
11,EPHPE,1.41,0
12,KHMPS,2.65,0
13,HMHSF,5.029999999999999,0
14,RIATM,3.230000000000001,0
15,ILVLY,8.490000000000002,0
16,RWPA,5.17,0
17,SMET,5.550000000000001,0
18,HQKI,2.670000000000001,0
19,VRPA,3.46,0
20,HWVI,4.99,0
21,RLNM,1.9800000000000004,0
22,MYKI,4.800000000000001,0
23,VPLT,3.2499999999999996,0
24,DGVY,3.990000000000001,0
25,DGPN,3.8199999999999994,0
26,KYR,-1.92,0
27,NRF,5.4,0
28,DDE,1.9600000000000002,1
29,CRK,1.99,0
30,WWQ,8.05,0
31,LEC,6.0200000000000005,0
32,SHE,3.0500000000000003,0
33,CRV,6.43,0
34,YIS,6.700000000000004,0
35,YTW,3.1400000000000006,0
36,EDY,0.5500000000000003,0
37,KFT,1.69,0
38,KMT,8.749999999999998,0
39,WC,-2.2900000000000005,1
40,GV,6.989999999999999,1
41,SP,5.68,1
42,WD,4.470000000000001,1
43,RN,4.53,1
44,RC,0.9300000000000005,1
45,QE,5.1,1
46,QS,2.5600000000000005,1
47,PV,4.499999999999999,1
48,EW,5.849999999999999,1
49,RN,5.200000000000001,1
50,RN,6.1800000000000015,1
51,QL,10.940000000000001,1
52,KL,6.510000000000001,1
53,KL,10.38,1
54,TR,4.989999999999999,1
55,LK,6.8,1
56,EK,8.41,1
57,LK,4.8,1
58,LK,6.279999999999999,1
59,LQ,3.089999999999999,1
60,CW,2.8000000000000003,1
61,I,4.339999999999999,1
62,M,5.52,1
63,H,0.14999999999999988,1
64,C,3.79,1
65,H,0.9299999999999999,1
66,S,7.609999999999999,1
67,L,3.42,1
68,K,7.770000000000001,1
69,G,6.760000000000002,1
70,W,7.26,1
71,T,4.220000000000001,1
72,R,4.579999999999999,1
73,I,7.87,1
74,I,6.4,1
