,pattern,weight,status
0,QGNCFPAI,7.42,0
1,AIAQHPW,5.21,0
2,IRDEKVI,3.35,0
3,KRANP,4.069999999999999,0
4,HCAR,8.11,0
5,AAKK,4.669999999999999,0
6,KLLK,1.8000000000000003,0
7,NTHS,6.23,0
8,LSVM,3.4800000000000004,0
9,IRK,4.0299999999999985,1
10,MKG,2.2400000000000007,1
11,YQY,1.4,0
12,KLV,4.07,1
13,KGL,1.2300000000000002,1
14,KKL,4.65,1
15,KLI,4.340000000000002,1
16,CLR,1.8900000000000001,0
17,HGK,9.12,0
18,WRW,7.33,1
19,PH,3.039999999999999,0
20,CK,-0.03999999999999965,1
21,KL,5.3,1
22,WE,3.27,1
23,GS,3.789999999999999,1
24,QP,4.920000000000001,1
25,SK,0.5500000000000003,1
26,PL,3.1200000000000006,1
27,KL,3.4,1
28,RT,1.27,1
29,IW,4.560000000000001,1
30,QN,1.06,1
31,H,-0.6000000000000002,1
32,Y,-1.9599999999999995,1
33,K,1.1999999999999997,1
34,R,0.8499999999999999,1
