,pattern,weight,status
0,VIYPPDCCF,10.100000000000001,0
1,KNQPFTGTV,3.5300000000000007,0
2,SKKIMKVKS,3.6100000000000008,0
3,VIYPPDCF,10.100000000000001,0
4,MKVHSGHW,3.7300000000000013,0
5,KHTFSGGV,2.5800000000000014,0
6,SYKVSHP,6.59,0
7,QGGKRH,7.549999999999999,0
8,SYKVHP,6.59,0
9,VSGVCK,5.900000000000002,0
10,SKSAEY,3.7299999999999995,0
11,SGVSG,2.0900000000000016,0
12,TKFNA,6.699999999999999,0
13,WKYWH,-1.9599999999999997,0
14,WINL,0.6399999999999999,0
15,KMSF,0.2800000000000016,0
16,KMS,0.2800000000000016,1
17,MMC,2.079999999999999,0
18,VSV,2.9500000000000015,1
19,VSV,2.4700000000000015,1
20,SSV,1.2200000000000013,1
21,SSV,1.1900000000000013,1
22,RHK,7.400000000000001,0
23,SGV,8.390000000000002,1
24,SGV,9.340000000000003,1
25,DLG,5.04,0
26,HTI,3.750000000000001,0
27,HGL,2.33,1
28,YT,3.1700000000000013,1
29,YT,3.1700000000000013,1
30,GV,6.110000000000001,1
31,GV,5.660000000000001,1
32,HG,3.3,1
33,MT,7.129999999999999,1
34,MT,6.469999999999999,1
35,KI,2.99,1
36,IW,6.9300000000000015,1
37,IW,6.9300000000000015,1
38,KL,6.100000000000001,1
39,KL,6.100000000000001,1
40,IP,3.6300000000000012,1
41,TF,1.95,0
42,GI,4.470000000000001,1
43,GI,4.74,1
44,MN,-0.1900000000000001,1
45,MN,-0.56,1
46,K,2.99,1
47,K,-2.72,1
48,K,-2.18,1
49,R,-2.8899999999999997,1
50,R,-3.32,1
51,R,8.570000000000002,1
52,R,7.600000000000001,1
53,K,3.3099999999999996,1
54,R,-2.34,1
55,R,-1.6,1
56,R,-2.35,1
57,R,-2.59,1
