,pattern,weight,status
0,CHYWHPEM,0.57,0
1,KCGKLW,1.43,0
2,KMGLNW,2.2399999999999998,0
3,LNKYKF,0.9800000000000001,0
4,KMKKL,-0.08000000000000018,0
5,VLESC,5.78,0
6,SAITM,4.670000000000001,0
7,EKWLE,1.1800000000000002,0
8,KCEWG,-0.98,0
9,FWTMY,3.2400000000000007,0
10,IWGYM,1.1300000000000001,0
11,GNWNS,0.26,0
12,KCKL,0.49,0
13,GNKD,1.92,0
14,GCKL,3.0300000000000002,0
15,ATKM,5.380000000000001,0
16,DGKL,1.79,0
17,VGKL,0.7100000000000001,0
18,AKDL,1.6499999999999995,0
19,KYHL,1.1800000000000002,0
20,NKLD,2.41,0
21,WQMC,1.2500000000000004,0
22,GKLE,2.58,0
23,NDLL,0.25,1
24,GEKY,3.66,0
25,WIIV,1.8900000000000001,0
26,KKLQ,2.5799999999999996,0
27,GYKL,2.87,0
28,HWFH,1.65,0
29,GRKL,1.65,0
30,YNLS,1.45,0
31,ILRA,1.77,0
32,YWM,2.4000000000000004,0
33,SNA,1.1999999999999997,0
34,AHM,5.580000000000001,0
35,KMF,1.8200000000000005,1
36,CKL,2.92,0
37,HLE,-0.43999999999999984,0
38,KGL,1.36,1
39,KGE,-0.5699999999999998,0
40,SKL,1.7900000000000003,1
41,KGK,-0.7300000000000002,1
42,KLK,-0.10999999999999982,1
43,ATM,5.72,1
44,GKL,1.7,1
45,GKL,2.3200000000000003,1
46,GKL,2.31,1
47,SKL,0.1100000000000001,1
48,KLK,2.8299999999999996,1
49,GIL,0.9299999999999999,1
50,LTL,0.7100000000000002,0
51,WKK,1.5500000000000003,1
52,WIT,1.3900000000000001,0
53,DPC,-0.09999999999999998,0
54,YWI,-0.56,0
55,WHE,0.5600000000000003,0
56,WC,0.9399999999999998,1
57,CC,-0.85,1
58,QK,0.14000000000000024,1
59,WI,2.0100000000000002,1
60,LT,-0.13,1
61,KL,-0.16999999999999993,1
62,HM,6.23,0
63,KL,1.1199999999999997,1
64,WC,1.3000000000000003,1
65,WE,2.0700000000000003,1
66,AM,6.380000000000001,0
67,WS,2.9400000000000004,1
68,KK,-0.9099999999999999,1
69,RM,3.4200000000000004,1
70,WM,1.2300000000000004,1
71,KL,0.69,1
72,KL,2.61,1
73,KL,3.06,1
74,QK,0.45999999999999996,1
75,WI,2.21,1
76,WI,0.6900000000000001,1
77,WI,1.74,1
78,SL,0.7300000000000001,1
79,LH,0.66,1
80,ID,1.33,1
81,L,-0.3699999999999999,1
82,T,0.3700000000000002,1
83,K,0.6199999999999999,1
84,K,1.4000000000000001,1
85,K,-0.25999999999999995,1
86,S,0.7300000000000001,1
87,L,1.3,1
88,R,0.9400000000000001,1
89,I,0.3800000000000002,1
90,L,-0.72,1
91,T,0.06000000000000005,1
