,pattern,weight,status
0,HQVGVWMWE,4.75,0
1,IFATTDKKG,4.02,0
2,ITWSRPYE,7.99,0
3,ECSMQLA,2.35,0
4,KPEHPPR,2.0,0
5,QLICTR,2.1800000000000006,0
6,YVDFFH,3.0400000000000005,0
7,YYPKWV,11.019999999999998,0
8,GEDLA,5.92,0
9,RWRPF,6.6400000000000015,0
10,SKTRL,10.54,0
11,DWPNQ,0.4500000000000002,0
12,FYKL,2.1699999999999995,0
13,THLR,6.510000000000001,0
14,SHSQ,2.4200000000000004,0
15,YKWL,11.04,0
16,SGKL,11.01,0
17,FDDI,3.079999999999999,0
18,PVAN,4.06,0
19,TFYH,-0.28000000000000036,0
20,EKPL,7.39,0
21,RKLT,10.39,0
22,ADT,8.879999999999999,0
23,RMH,0.5200000000000002,0
24,IRW,2.3900000000000006,1
25,SGM,6.58,0
26,GKL,11.839999999999998,1
27,VNH,0.7799999999999998,0
28,EWH,7.579999999999999,0
29,VTM,1.9100000000000001,0
30,FNS,2.3099999999999996,1
31,KLI,10.780000000000001,1
32,AEL,8.17,0
33,RIW,-0.57,1
34,HCY,5.5,0
35,GW,1.6800000000000002,1
36,SW,6.759999999999999,1
37,LF,7.970000000000001,0
38,KN,7.779999999999999,1
39,NA,3.7499999999999996,1
40,EK,10.05,1
41,KL,8.15,1
42,SM,10.510000000000003,1
43,KL,11.020000000000001,1
44,SW,6.7299999999999995,1
45,QD,10.040000000000001,1
46,SM,7.289999999999999,1
47,QD,10.71,1
48,AT,7.29,1
49,PL,11.579999999999998,1
50,KW,10.17,1
51,TR,6.700000000000002,1
52,KL,8.059999999999999,1
53,KL,9.829999999999998,1
54,KL,10.299999999999999,1
55,KL,8.059999999999999,1
56,EW,10.1,1
57,EW,6.889999999999999,1
58,SQ,6.9,1
59,GS,9.26,1
60,MR,9.74,1
61,IC,5.2299999999999995,1
62,RY,1.4200000000000002,1
63,SW,5.120000000000001,1
64,PW,7.71,1
65,CW,2.0,1
66,T,1.62,1
67,K,3.799999999999999,1
68,E,3.749999999999999,1
69,M,6.819999999999999,1
70,K,8.37,1
71,W,9.1,1
72,S,8.659999999999998,1
73,G,2.5600000000000005,1
74,I,8.450000000000005,1
75,I,12.110000000000005,1
76,T,2.74,1
77,R,6.469999999999999,1
78,M,0.0,1
