,pattern,weight,status
0,HHVAVGKLA,4.8500000000000005,0
1,LCDMSPSYG,-1.27,0
2,HAHKIMNTY,6.3,0
3,PHCNAATNG,3.08,0
4,VYKVISY,10.26,0
5,DSKDWFI,5.140000000000001,0
6,KGGFCA,6.050000000000001,0
7,RTAIPG,4.0299999999999985,0
8,KWFGC,3.2600000000000002,0
9,TFMAW,9.950000000000001,0
10,AVVAP,2.5700000000000003,0
11,PRLQK,6.43,0
12,ECYHE,8.42,0
13,IYRWH,3.75,0
14,QLKWK,2.82,0
15,KHRH,6.56,0
16,GKAW,10.150000000000002,0
17,KMDK,6.93,0
18,SKLL,8.85,0
19,VDTG,9.000000000000002,0
20,QGSD,1.18,0
21,QSRH,2.0500000000000007,0
22,IAWF,6.08,0
23,RYKT,3.0899999999999994,0
24,KPDK,9.420000000000002,0
25,VTSR,1.79,0
26,APFY,9.290000000000003,0
27,DSTF,-0.9099999999999999,0
28,MIWG,8.75,0
29,ASIF,7.909999999999999,0
30,AEKA,5.099999999999999,0
31,FRTG,-0.3099999999999997,0
32,DRKV,3.34,0
33,PKD,7.430000000000001,0
34,KHA,9.0,0
35,DKH,4.74,0
36,ILK,9.64,1
37,QRH,1.4400000000000006,1
38,QKK,5.42,1
39,KHT,3.73,0
40,KNS,5.79,1
41,NFS,6.15,0
42,DIS,3.4400000000000004,1
43,MPI,5.519999999999999,0
44,AYT,11.250000000000002,0
45,KFA,7.199999999999999,0
46,ADQ,5.82,0
47,KWC,3.7800000000000002,0
48,LPK,11.600000000000001,1
49,AGL,3.8800000000000012,0
50,TSC,-0.7299999999999994,0
51,KL,4.88,1
52,LK,10.230000000000002,1
53,RN,7.69,1
54,LK,8.669999999999998,1
55,NK,8.44,1
56,LK,8.540000000000001,1
57,WE,7.160000000000001,1
58,CS,2.0700000000000003,1
59,KQ,6.2,1
60,LK,10.670000000000002,1
61,KQ,9.390000000000002,1
62,KM,6.129999999999999,1
63,LK,7.0600000000000005,1
64,LK,9.440000000000001,1
65,LK,8.790000000000001,1
66,LK,6.519999999999999,1
67,GI,5.73,1
68,KW,10.85,1
69,LD,9.66,1
70,PS,6.26,1
71,TR,3.7399999999999998,1
72,NT,-0.36000000000000004,1
73,GI,6.82,1
74,HG,1.11,1
75,FK,2.1300000000000003,1
76,K,1.7200000000000002,1
77,I,8.270000000000001,1
78,G,6.269999999999999,1
79,D,-2.4299999999999997,1
80,T,4.999999999999999,1
81,M,3.7000000000000006,1
82,S,6.58,1
83,R,8.8,1
84,K,8.52,1
85,W,10.94,1
86,I,8.72,1
