,pattern,weight,status
0,CLGRMQNQ,5.76,0
1,LIKPQENC,4.19,0
2,SMQEPWD,6.399999999999999,0
3,TLNRHG,7.82,0
4,DTQGK,9.210000000000003,0
5,MKREQ,8.839999999999996,0
6,PRLEA,1.6400000000000001,0
7,DDSQP,5.4399999999999995,0
8,MPLII,-0.5700000000000001,0
9,SAPN,6.58,0
10,PIML,-2.33,0
11,YQFK,-2.9499999999999997,0
12,YEQW,10.82,0
13,GSLW,7.379999999999999,0
14,PKGW,6.3500000000000005,0
15,IRWK,6.579999999999999,0
16,NGSQ,4.640000000000001,0
17,TIRK,6.309999999999999,0
18,EQGD,8.899999999999999,0
19,DTKK,10.020000000000001,0
20,EQED,9.909999999999998,0
21,RPTW,6.2,0
22,RTKG,3.4100000000000006,0
23,SQQL,4.5299999999999985,0
24,SNQH,4.48,0
25,RRA,1.8000000000000003,0
26,KWF,4.6000000000000005,0
27,PLS,1.24,0
28,ADC,7.8100000000000005,0
29,NVP,1.4599999999999997,1
30,VPE,0.9000000000000001,1
31,NLW,6.649999999999999,0
32,SQW,5.6899999999999995,1
33,RKS,6.889999999999999,0
34,EWI,4.109999999999999,0
35,LDK,2.9399999999999995,1
36,PLK,2.77,1
37,FIM,5.94,0
38,AKG,1.13,0
39,SWW,6.83,0
40,KAL,6.839999999999999,0
41,KLV,7.39,1
42,ELR,-0.12999999999999964,0
43,NNK,3.04,1
44,YWD,0.5900000000000001,0
45,PL,1.33,1
46,HA,5.390000000000001,0
47,KE,5.269999999999999,1
48,KG,-0.7699999999999998,1
49,CL,-2.3,1
50,CQ,7.529999999999999,1
51,PK,2.02,1
52,VG,6.540000000000001,1
53,TM,7.8100000000000005,1
54,QD,6.080000000000001,1
55,QS,3.5100000000000016,1
56,SW,3.0599999999999987,1
57,SQ,3.669999999999999,1
58,KW,4.97,1
59,DN,7.470000000000001,1
60,KL,9.059999999999999,1
61,SW,8.100000000000001,1
62,KL,3.82,1
63,KL,4.380000000000001,1
64,TR,6.2299999999999995,1
65,IW,6.649999999999999,1
66,LK,5.929999999999999,1
67,LK,6.059999999999999,1
68,EW,6.78,1
69,EP,6.5,1
70,NK,3.7199999999999998,1
71,T,-0.8099999999999997,1
72,H,-0.6299999999999997,1
73,Q,3.7800000000000007,1
74,K,2.98,1
75,W,7.139999999999999,1
76,K,4.03,1
77,M,6.36,1
78,I,6.959999999999999,1
79,T,4.01,1
80,G,6.64,1
81,S,5.87,1
82,R,4.5,1
83,L,3.4100000000000006,1
84,I,6.039999999999999,1
