,pattern,weight,status
0,MCHQYHE,2.6899999999999995,0
1,IKHMIR,4.8500000000000005,0
2,TMNLIG,4.359999999999999,0
3,YTELH,0.6900000000000004,0
4,EGESA,12.180000000000003,0
5,GDHQ,4.969999999999999,0
6,NGTY,1.4700000000000002,0
7,CPMV,10.950000000000003,0
8,HHMG,8.450000000000001,0
9,KQTH,6.470000000000001,0
10,NSPT,3.4,0
11,FLGV,4.52,0
12,MFR,10.970000000000002,0
13,CLR,9.259999999999998,0
14,LNR,10.229999999999999,1
15,RLP,9.12,1
16,LPM,8.21,1
17,ISK,6.37,0
18,FQH,8.450000000000001,0
19,STA,4.650000000000001,0
20,HTI,0.17999999999999952,0
21,DTR,2.5800000000000005,0
22,LKP,8.91,1
23,SRL,4.300000000000001,0
24,LKN,10.42,0
25,MCN,6.29,1
26,AIS,7.3500000000000005,0
27,SQQ,4.69,0
28,WVC,0.4400000000000003,0
29,KL,7.1,1
30,YQ,-1.0100000000000005,1
31,AW,11.0,0
32,QP,5.16,1
33,DR,4.890000000000001,1
34,WA,12.829999999999998,0
35,PS,5.15,1
36,NT,3.88,1
37,KC,1.2199999999999995,1
38,AE,-0.66,0
39,TF,4.35,0
40,DI,5.1499999999999995,1
41,WI,9.36,1
42,KN,4.13,1
43,KN,4.459999999999999,1
44,DQ,7.089999999999999,1
45,DQ,4.779999999999999,1
46,HG,8.410000000000002,1
47,EK,5.259999999999999,1
48,SG,7.62,1
49,SG,6.8,1
50,TR,4.110000000000001,1
51,WE,13.760000000000002,1
52,WE,12.98,1
53,IG,4.3,1
54,LK,10.43,1
55,LK,5.01,1
56,LK,8.38,1
57,EC,-0.3699999999999998,1
58,YN,0.5099999999999996,1
59,MT,5.140000000000001,1
60,LK,6.359999999999999,1
61,FF,2.8299999999999996,0
62,QG,5.0,1
63,NR,2.500000000000001,1
64,G,2.49,1
65,L,6.2,1
66,I,3.3099999999999996,1
67,G,1.3799999999999994,1
68,W,9.85,1
69,T,6.1,1
70,R,2.0200000000000014,1
71,M,8.440000000000003,1
72,K,1.7199999999999998,1
73,I,6.319999999999999,1
74,R,2.9000000000000012,1
75,I,6.300000000000001,1
76,G,2.15,1
77,S,6.489999999999999,1
78,K,5.6099999999999985,1
