,pattern,weight,status
0,QEMDFRHRE,9.77,0
1,KILFYSK,4.030000000000001,0
2,SKEGCEQ,9.92,0
3,RKLCHH,5.339999999999999,0
4,MMDISE,8.86,0
5,PCRLSY,6.3999999999999995,0
6,APWVK,8.77,0
7,MSMQS,9.27,0
8,WHMSG,2.23,0
9,QPHSH,9.44,0
10,GQQQI,9.32,0
11,SKWN,3.280000000000001,0
12,NVTR,8.96,0
13,LRNC,5.9099999999999975,0
14,KVNN,8.51,0
15,KMRM,9.230000000000002,0
16,RMPS,3.27,0
17,QIMS,-0.38000000000000034,0
18,IQKN,7.500000000000001,0
19,PKIM,10.87,0
20,TRVL,9.36,0
21,VRKT,10.680000000000001,0
22,WLRE,8.030000000000001,0
23,VAQ,0.18000000000000016,0
24,CVE,9.030000000000001,0
25,QIW,7.610000000000001,0
26,TVK,2.959999999999999,0
27,WVH,2.78,0
28,DSH,4.5,1
29,RFE,4.809999999999999,0
30,YIG,5.09,0
31,VVI,6.149999999999999,0
32,CSP,5.319999999999999,1
33,LKK,10.8,1
34,SKY,4.430000000000001,0
35,WIS,9.55,0
36,VTA,6.51,0
37,DR,4.03,1
38,IG,10.240000000000002,1
39,IA,8.3,1
40,EL,-0.6000000000000003,1
41,QK,7.39,1
42,NL,5.149999999999999,1
43,QS,10.209999999999999,1
44,NL,7.619999999999997,1
45,IG,6.049999999999998,1
46,LK,9.140000000000002,1
47,TR,7.88,1
48,DY,6.55,0
49,LK,8.07,1
50,PL,7.3,1
51,LK,9.650000000000002,1
52,LK,5.680000000000001,1
53,WE,6.19,1
54,WE,3.5100000000000007,1
55,KY,6.819999999999999,1
56,VN,7.1,1
57,EI,9.240000000000002,1
58,KL,9.17,1
59,GI,8.910000000000002,1
60,RN,8.079999999999998,1
61,LK,8.200000000000001,1
62,WI,10.07,1
63,FQ,4.419999999999999,0
64,MW,9.6,1
65,I,10.520000000000001,1
66,T,4.899999999999999,1
67,C,10.139999999999999,1
68,Q,8.579999999999998,1
69,M,0.09999999999999974,1
70,R,5.749999999999998,1
71,S,7.9399999999999995,1
72,E,4.009999999999999,1
73,W,7.369999999999999,1
74,G,6.359999999999999,1
75,K,7.12,1
