,pattern,weight,status
0,TLTTTTTRT,1.4099999999999993,0
1,TLTTTTTRT,1.1399999999999992,0
2,RSQPFLEHH,2.55,0
3,TTNQTTIRK,2.13,0
4,TTRTCDTWT,-0.58,0
5,FSRIKTLCT,9.92,0
6,TTRTCDTCT,-1.47,0
7,TGLRWRTR,4.9399999999999995,0
8,TTTTTTDT,-0.7200000000000003,0
9,RTATRFDT,0.5599999999999998,0
10,TRWTTM,1.8699999999999997,0
11,CTNTSS,-0.8399999999999999,0
12,ERPYYG,5.360000000000001,0
13,HPKLN,3.35,0
14,HALHD,3.9299999999999997,0
15,TQFRD,2.17,0
16,IKYG,9.030000000000003,0
17,RTTY,4.1499999999999995,0
18,ITNT,-1.6199999999999999,0
19,IYTC,1.660000000000001,0
20,IQRT,3.840000000000001,0
21,GLDA,11.009999999999998,0
22,DLF,-1.2600000000000002,0
23,LDA,10.919999999999998,0
24,KLK,9.559999999999997,1
25,KLK,9.749999999999998,1
26,RLN,7.73,1
27,RLN,6.98,1
28,LKK,10.089999999999995,1
29,LKK,10.319999999999995,1
30,LKG,10.389999999999999,1
31,VGA,-0.2399999999999986,0
32,LKG,10.020000000000003,1
33,FLK,14.500000000000004,0
34,LCQ,8.039999999999997,0
35,KEK,6.109999999999999,1
36,PIP,8.700000000000001,0
37,LFR,4.210000000000001,0
38,DF,-1.9400000000000004,1
39,LK,9.45,1
40,TT,2.2900000000000005,1
41,TT,2.2900000000000005,1
42,QL,4.600000000000001,1
43,QL,4.600000000000001,1
44,MR,5.410000000000001,1
45,MR,5.410000000000001,1
46,NR,7.370000000000001,1
47,NR,8.180000000000001,1
48,LQ,8.729999999999997,1
49,LK,8.610000000000001,1
50,LK,8.940000000000001,1
51,RT,5.350000000000001,1
52,ST,5.220000000000001,1
53,KE,6.709999999999999,1
54,LK,9.880000000000003,1
55,LK,13.420000000000003,1
56,IG,8.670000000000003,1
57,IG,10.110000000000003,1
58,IW,10.080000000000002,1
59,IW,10.220000000000002,1
60,SM,6.9700000000000015,1
61,SM,7.610000000000001,1
62,IP,8.700000000000001,1
63,HM,1.2600000000000013,0
64,KW,5.680000000000002,1
65,M,1.2600000000000013,1
66,R,3.670000000000001,1
67,K,4.319999999999998,1
68,K,4.529999999999998,1
69,S,3.410000000000001,1
70,W,5.680000000000002,1
71,I,7.14,1
