,pattern,weight,status
0,NTMNICP,6.42,0
1,KNCIMPG,7.02,0
2,KNIMPG,7.64,0
3,FKNPNA,10.34,0
4,TSPNN,7.369999999999999,0
5,VKNPD,6.33,0
6,QDCPG,3.7699999999999982,0
7,NCVHP,4.049999999999999,0
8,SNMP,4.99,0
9,SNMP,4.99,0
10,KENV,9.299999999999997,0
11,KNVN,9.419999999999998,0
12,KNNN,8.209999999999999,1
13,RKDT,3.4599999999999995,0
14,RKTR,4.1899999999999995,1
15,RLMG,-0.5400000000000001,0
16,RLG,-0.5400000000000001,1
17,NNM,9.159999999999997,1
18,KNN,7.429999999999999,1
19,SND,7.29,1
20,SND,7.42,1
21,DNM,4.33,0
22,NPP,4.459999999999999,0
23,QQH,7.4399999999999995,1
24,QQH,6.85,1
25,ERC,4.539999999999999,0
26,KNN,8.599999999999998,1
27,QGP,2.9699999999999993,0
28,SY,-1.2299999999999995,1
29,QG,4.509999999999999,1
30,ER,4.489999999999999,1
31,WN,7.700000000000001,1
32,WN,8.360000000000001,1
33,VM,4.769999999999999,1
34,VM,5.419999999999998,1
35,NP,5.85,1
36,NP,5.52,1
37,SN,7.709999999999999,1
38,LV,7.169999999999999,1
39,LV,5.909999999999999,1
40,KR,8.17,1
41,KR,8.17,1
42,QR,2.6099999999999994,1
43,QR,4.89,1
44,ES,7.6599999999999975,1
45,ES,7.6599999999999975,1
46,TT,5.2299999999999995,1
47,TT,4.84,1
48,ET,4.6899999999999995,1
49,ET,4.6899999999999995,1
50,IV,5.0600000000000005,1
51,IV,5.0600000000000005,1
52,DT,2.32,1
53,DT,1.66,1
54,TN,6.19,1
55,FN,6.19,1
56,CH,4.329999999999999,1
57,DR,4.880000000000001,1
58,HM,4.73,0
59,M,7.580000000000001,1
60,D,0.08,1
61,C,5.9399999999999995,1
62,H,4.979999999999999,1
63,H,5.179999999999999,1
64,I,-0.7599999999999998,1
65,I,-1.7499999999999998,1
66,H,4.819999999999999,1
67,T,1.17,1
68,F,8.17,1
69,F,8.17,1
70,G,5.609999999999999,1
71,G,5.06,1
72,S,4.68,1
73,S,4.68,1
74,H,4.090000000000001,1
75,A,4.38,1
76,A,4.38,1
77,D,5.32,1
78,Y,8.91,1
79,Y,9.76,1
80,N,8.82,1
81,E,9.41,1
82,D,6.329999999999999,1
83,V,5.579999999999999,1
84,Y,10.48,1
85,Y,10.15,1
