,pattern,weight,status
0,VGMGINDV,0.5800000000000001,0
1,PCCDSIE,2.6599999999999997,0
2,PCCDSIE,3.0399999999999996,0
3,KQRGMED,4.159999999999999,0
4,DCNDIT,2.9699999999999998,0
5,FYHWAS,10.359999999999998,0
6,NRTQS,8.14,0
7,DIFLK,6.34,0
8,TPCQ,1.2700000000000002,0
9,PCQQ,1.5300000000000002,0
10,CGRT,7.020000000000002,0
11,PEQA,3.0799999999999996,0
12,YTK,11.069999999999999,1
13,YTK,12.009999999999998,1
14,SFL,5.25,0
15,VVS,3.8400000000000007,1
16,FPL,10.42,0
17,WSD,7.500000000000001,1
18,WSD,8.170000000000002,1
19,RWF,7.65,0
20,GGI,3.709999999999999,0
21,QWE,7.339999999999998,0
22,WSY,8.669999999999998,0
23,WSH,7.969999999999998,0
24,GCQ,5.8500000000000005,0
25,PEL,1.0699999999999998,0
26,TLK,9.14,0
27,VWF,6.640000000000001,0
28,AKL,3.92,0
29,PLE,3.0799999999999996,0
30,KHL,4.909999999999999,0
31,GI,6.19,1
32,WD,9.45,1
33,EW,8.580000000000002,1
34,EQ,8.980000000000002,1
35,SK,2.0999999999999996,1
36,VV,3.750000000000001,1
37,PC,1.2799999999999998,1
38,PC,1.2799999999999998,1
39,VW,5.800000000000001,1
40,SK,2.0799999999999996,1
41,WE,7.509999999999998,1
42,KL,3.6599999999999997,1
43,WT,12.430000000000003,1
44,RQ,10.069999999999999,1
45,RQ,10.069999999999999,1
46,PE,2.01,1
47,DW,11.17,1
48,DW,11.63,1
49,WD,9.959999999999999,1
50,IG,6.339999999999998,1
51,IG,7.459999999999998,1
52,IG,5.369999999999999,1
53,SW,13.05,1
54,SW,13.57,1
55,KW,8.5,1
56,KW,8.5,1
57,SW,10.74,1
58,SW,10.2,1
59,RT,6.7600000000000025,1
60,KL,5.21,1
61,LK,9.72,1
62,LK,12.38,1
63,LK,11.100000000000001,1
64,RM,6.89,1
65,RM,6.709999999999999,1
66,KL,7.4799999999999995,1
67,KL,7.4799999999999995,1
68,MV,7.11,1
69,PN,3.28,1
70,PN,3.17,1
71,LG,0.73,1
72,LG,1.52,1
73,CG,1.8199999999999998,1
74,KI,6.449999999999999,1
75,MI,6.629999999999998,0
76,RF,3.7499999999999987,0
77,HS,0.09999999999999964,1
78,TS,0.5699999999999998,1
79,I,5.759999999999999,1
80,G,1.8199999999999998,1
81,T,0.5399999999999998,1
82,S,1.0799999999999996,1
83,K,7.289999999999999,1
84,R,4.599999999999999,1
