,pattern,weight,status
0,VGFRVN,8.42,0
1,FKRLQ,0.7799999999999997,0
2,SWLLF,0.10999999999999988,0
3,ISHQ,10.720000000000002,0
4,GKVR,4.15,0
5,DRWT,3.78,0
6,DKLI,1.18,0
7,LDC,2.2300000000000004,0
8,GVR,3.8,1
9,CSQ,1.9100000000000001,0
10,STG,9.15,0
11,KWW,8.739999999999998,1
12,SLK,8.499999999999998,0
13,FSC,1.2300000000000004,0
14,SMT,9.52,0
15,WI,8.389999999999997,1
16,IA,5.58,1
17,GS,4.290000000000001,1
18,GS,3.8300000000000005,1
19,MS,10.58,1
20,MS,10.92,1
21,LC,1.2200000000000002,1
22,LC,1.6600000000000001,1
23,LI,1.03,1
24,LI,1.51,1
25,VT,2.4799999999999995,1
26,VT,3.2399999999999993,1
27,WL,1.18,1
28,WT,3.02,1
29,VP,5.149999999999999,1
30,VP,3.979999999999998,1
31,WI,5.16,1
32,WI,6.200000000000001,1
33,KW,8.52,1
34,LK,7.8999999999999995,1
35,LN,7.669999999999999,1
36,LK,8.479999999999999,1
37,IG,5.58,1
38,IG,4.01,1
39,IG,3.6399999999999997,1
40,RT,3.7800000000000002,1
41,RT,3.7800000000000002,1
42,LK,8.120000000000003,1
43,LK,8.190000000000003,1
44,MW,1.1199999999999999,1
45,LK,7.98,1
46,LK,7.98,1
47,LK,5.94,1
48,LK,6.380000000000001,1
49,WT,2.63,1
50,WT,2.07,1
51,LK,6.18,1
52,LK,6.63,1
53,HI,8.9,1
54,HI,8.9,1
55,TC,-0.5299999999999998,1
56,MG,1.6099999999999999,1
57,MG,1.6099999999999999,1
58,KN,0.36,1
59,KN,0.36,1
60,IW,-1.92,1
61,WE,9.989999999999998,1
62,MW,5.369999999999999,1
63,CP,-2.0,1
64,RG,3.0900000000000003,1
65,D,1.18,1
66,P,3.5699999999999985,1
67,M,1.68,1
68,Q,3.8599999999999985,1
69,W,-1.01,1
70,W,10.329999999999998,1
71,I,7.700000000000001,1
72,T,-2.86,1
73,T,-3.71,1
74,I,4.910000000000001,1
75,I,4.940000000000001,1
76,S,4.57,1
77,S,2.93,1
78,R,5.229999999999999,1
79,T,4.859999999999999,1
80,T,4.859999999999999,1
81,K,5.53,1
82,K,5.53,1
83,G,3.0900000000000003,1
