,pattern,weight,status
0,KLIGIPVLK,15.169999999999996,1
1,KLIGIPVLK,10.629999999999994,1
2,KLIGIPVLK,11.979999999999999,1
3,KLIGIPVLK,14.919999999999996,1
4,KLIGIPVLK,16.13,1
5,KLIGIVNLK,12.690000000000001,0
6,LIGFIPLKW,17.269999999999996,0
7,GKLIGIPLK,13.989999999999995,0
8,KVLIGIPVK,12.649999999999997,0
9,WHVSAFYHL,3.8199999999999994,0
10,LIIPVFQLK,12.069999999999999,0
11,KLWIGILKG,13.159999999999997,0
12,IGIPVHLKH,11.689999999999996,0
13,KIKGIQPVL,13.899999999999997,0
14,MLIGGIHCP,14.359999999999996,0
15,LGIPVAKLK,13.779999999999994,0
16,LIGIPVLK,14.149999999999999,1
17,NWTAHPHH,0.6700000000000002,0
18,ERLHQKWS,8.63,0
19,RPIMDGPV,14.829999999999998,0
20,LCGIPLLK,14.729999999999997,0
21,KLIGTILK,15.209999999999999,0
22,ERCEEIQH,3.6999999999999993,0
23,KLEGILKY,13.690000000000001,0
24,LGQPVLK,12.769999999999996,0
25,KDLWGVK,12.109999999999994,0
26,LIIQPLK,12.239999999999995,0
27,KIGIPVK,12.719999999999995,0
28,LIIPMKQ,12.95,0
29,KLQIPVK,12.699999999999996,0
30,DCLKCFW,5.789999999999999,0
31,LDIIMHI,13.559999999999999,0
32,LIGPVL,12.539999999999997,0
33,PSGPIE,1.48,0
34,WSCCIK,10.03,0
35,LNRIIL,11.249999999999998,0
36,LKSIIP,14.63,0
37,LIPLN,11.719999999999997,0
38,TLRDY,2.35,0
39,WTIPK,14.989999999999998,0
40,YVRL,7.7700000000000005,0
41,VLIP,15.649999999999999,0
42,PPK,4.709999999999999,0
43,RRM,7.09,1
44,TCK,-1.06,0
45,LWS,10.04,1
46,QKK,9.86,1
47,MRD,7.83,1
48,CNC,7.17,0
49,QNI,-3.8900000000000006,0
50,QR,10.150000000000002,1
51,WD,8.05,1
52,PN,2.5399999999999987,1
53,WS,5.470000000000001,1
54,AL,-0.5500000000000003,1
55,IP,11.439999999999998,1
56,QE,5.95,1
57,AT,5.62,1
58,WE,5.25,1
59,RT,5.760000000000001,1
60,WS,7.67,1
61,CN,5.42,1
62,WS,7.04,1
63,KW,7.93,1
64,EW,9.070000000000002,1
65,LK,2.58,1
66,LK,4.31,1
67,IP,10.919999999999998,1
68,MR,6.06,1
69,KL,7.800000000000002,1
70,DL,-3.19,1
71,GS,9.32,1
72,CF,4.329999999999999,0
73,L,-2.5100000000000002,1
74,G,3.0500000000000003,1
75,S,5.41,1
76,R,-3.49,1
77,W,6.320000000000002,1
78,L,9.479999999999997,1
79,C,2.5500000000000003,1
80,T,3.6899999999999995,1
81,I,12.299999999999999,1
82,M,6.739999999999999,1
83,R,7.44,1
84,K,8.59,1
