,pattern,weight,status
0,TKTTKTTKT,0.5100000000000001,1
1,TKTTKTTKT,1.58,1
2,TKHTTKTKT,0.9400000000000005,0
3,TMKTTKTKT,3.2199999999999998,0
4,TKPTKTTET,-2.1199999999999997,0
5,KTKTTTTKT,3.75,0
6,TKETTKTKT,0.8800000000000002,0
7,TKTTKTKTP,1.5300000000000002,0
8,KSPTKTETK,0.9200000000000002,0
9,TKTTQTNKT,0.6900000000000001,0
10,MTTKTKTAK,5.04,0
11,KTTKCTLKT,-3.57,0
12,KTKDQTTKT,2.45,0
13,HKTNKTTKT,1.6100000000000003,0
14,TKTTKFTKT,1.8300000000000005,0
15,KTKIATTKT,-0.9999999999999997,0
16,TKTECKTTK,4.11,0
17,TQTKTTKTL,1.5299999999999998,0
18,CTTTKRQKT,2.9600000000000004,0
19,TTTKTKTK,0.3800000000000001,0
20,KLTTKTKT,-1.8899999999999997,0
21,GTTATKTN,3.2700000000000005,0
22,ATKTKTTK,1.4300000000000002,0
23,TTKTTRKT,-0.6699999999999999,0
24,TKTTKTKT,0.4700000000000003,0
25,TKTTTTKT,0.08999999999999997,0
26,TLKTTKTT,2.31,0
27,TPTTTTKT,2.31,0
28,WQTTTTKT,-0.09999999999999987,0
29,PTKTTTTT,0.74,0
30,TTTKTTKW,0.8400000000000003,0
31,DTTKTKHH,3.33,0
32,TGKTTTK,2.43,0
33,TKTTNKT,1.6000000000000008,0
34,TKTTKTT,2.88,1
35,TKTTTTK,-0.37999999999999945,0
36,TKTKTTK,-1.6399999999999997,0
37,TTTKTTT,0.14000000000000043,1
38,TKTTKTT,-1.2899999999999996,1
39,TKTKTTK,-1.4200000000000002,0
40,DFFLVRC,0.71,0
41,TKTKKT,-1.0999999999999996,0
42,TTKTTK,0.34000000000000064,1
43,TTKTGK,3.7200000000000006,0
44,TPKCTK,-2.1799999999999997,0
45,KMTTTK,-0.71,0
46,KTTKT,1.59,1
47,GKKKT,1.9900000000000002,0
48,TTKWT,0.8400000000000003,0
49,TTTTG,1.1400000000000001,0
50,TTTKT,-0.9699999999999999,1
51,HMYM,6.889999999999999,0
52,FND,8.870000000000001,0
53,SGR,0.19000000000000006,0
54,KKG,7.080000000000001,1
55,INA,7.169999999999998,0
56,HW,7.449999999999999,1
57,HN,7.619999999999999,1
58,IQ,9.3,1
59,TN,7.3199999999999985,1
60,TN,9.829999999999998,1
61,NW,6.81,1
62,TE,7.320000000000001,1
63,LG,8.479999999999999,1
64,LG,8.399999999999999,1
65,SN,9.579999999999998,1
66,YH,7.8500000000000005,1
67,IN,6.109999999999999,1
68,RF,11.049999999999999,0
69,VM,6.58,1
70,WN,7.43,1
71,N,9.069999999999999,1
72,E,5.8900000000000015,1
73,Y,6.930000000000001,1
74,C,9.339999999999998,1
75,G,7.95,1
76,F,7.91,1
77,A,7.499999999999999,1
78,Y,10.360000000000003,1
79,S,7.959999999999997,1
80,V,6.809999999999999,1
81,V,6.989999999999999,1
82,T,7.850000000000004,1
83,H,9.799999999999999,1
84,H,9.35,1
85,D,9.019999999999998,1
86,D,8.219999999999999,1
87,Y,11.63,1
88,Y,11.02,1
