,pattern,weight,status
0,VESLLSWT,9.58,0
1,GGR,6.7,0
2,KK,3.02,1
3,KK,3.7,0
4,GR,6.36,1
5,RT,8.84,1
6,HK,6.460000000000001,1
7,RR,7.919999999999999,1
8,KT,0.31999999999999995,1
9,RR,8.54,0
10,GG,4.57,1
11,KS,7.75,1
12,LR,7.42,0
13,K,8.93,1
14,R,7.1,1
15,P,3.81,1
16,T,5.2299999999999995,1
17,G,7.08,1
18,H,9.13,1
19,S,7.84,1
20,S,7.81,0
21,K,9.240000000000002,0
22,H,11.57,0
23,T,9.38,0
24,T,9.38,0
25,G,7.5,0
26,K,10.71,0
27,S,3.46,0
28,R,7.83,0
