,pattern,weight,status
0,MVIESGY,1.12,0
1,KET,6.45,1
2,HHN,8.770000000000001,1
3,WNW,5.52,1
4,QER,0.7,1
5,NW,3.01,1
6,QG,2.56,1
7,CA,2.03,1
8,PT,2.4,1
9,RM,7.83,1
10,GM,3.88,1
11,GQ,5.1,1
12,DG,5.51,1
13,YN,2.13,1
14,TY,3.83,1
15,GC,9.37,1
16,WE,0.8,1
17,CC,6.2,1
18,WT,2.64,1
19,PI,3.83,1
20,M,1.72,1
21,I,5.789999999999999,1
22,L,9.68,1
23,Q,9.45,1
24,G,0.07999999999999999,1
25,K,8.59,1
26,K,6.13,1
27,L,5.57,1
28,C,2.96,1
29,C,8.17,1
30,S,0.6600000000000001,1
31,K,5.85,1
