,pattern,weight,status
0,MTKLL,1.89,0
1,KST,1.7599999999999998,0
2,ECL,5.92,0
3,END,1.06,0
4,FRW,5.13,0
5,WGK,8.15,0
6,MLN,6.33,0
7,NW,1.92,1
8,KE,9.18,1
9,SW,0.94,1
10,GR,1.9,1
11,DW,0.8400000000000001,1
12,EN,2.0,1
13,EL,5.92,1
14,GS,9.66,1
15,LL,1.15,1
16,RW,4.78,1
17,ME,4.569999999999999,0
18,AK,3.27,1
19,AK,3.27,0
20,GK,8.15,1
21,VD,0.5900000000000001,0
22,TK,5.27,1
23,RS,7.57,1
24,LA,6.43,1
25,LK,5.33,1
26,L,4.109999999999999,1
27,L,1.29,0
28,K,10.719999999999999,1
29,A,6.43,1
30,S,2.96,1
31,M,0.9199999999999999,1
32,R,5.09,1
33,R,2.2199999999999998,0
34,I,6.75,1
35,G,4.15,1
36,V,9.36,1
37,V,1.66,0
38,K,8.45,0
39,G,4.63,0
40,N,4.58,1
41,T,8.0,1
42,W,7.95,1
43,Q,-0.42000000000000004,1
44,C,6.89,1
45,T,7.87,0
46,I,2.56,0
47,I,6.16,0
48,D,1.2500000000000004,1
49,N,9.65,0
50,E,3.42,1
51,C,8.71,0
52,S,3.4400000000000004,0
53,H,9.66,1
