,pattern,weight,status
0,TTTRTTTRT,8.37,1
1,TTTRTTTRT,8.059999999999999,0
2,TTTRTTTRT,8.899999999999999,0
3,TTTETTTTT,0.23999999999999996,1
4,KTTTKTTTK,3.170000000000001,1
5,KTTTKTTTK,2.76,0
6,TTTTTDTTT,3.34,1
7,KTTTTTKTT,2.6799999999999997,1
8,RRRRRRRRR,2.3099999999999996,1
9,KTTTTTKTT,1.58,0
10,TTTTTDTTT,2.7299999999999995,0
11,GGKGGKGGK,0.7100000000000002,1
12,KTTTTTKTT,0.16999999999999993,0
13,GGKGGKGGK,-0.1599999999999998,0
14,RRRRRRRRR,1.0599999999999998,0
15,TTRTTRTTR,5.779999999999999,1
16,TTTTTTTTT,1.8,1
17,TTTAETTTT,3.25,0
18,TTTTTTTTT,1.56,0
19,TTTETTTET,0.9099999999999999,1
20,MKTTTKTTT,3.8499999999999996,0
21,KSTTTKTTT,2.37,0
22,TTTSRTTTR,6.919999999999999,0
23,DTTTTTDTT,1.77,0
24,TTTTTTTT,0.040000000000000036,1
25,GGKGKGGK,-0.31999999999999984,0
26,KTTKTTTK,2.7600000000000007,0
27,TTETTTET,-0.020000000000000073,0
28,RRRRRRRR,2.3099999999999996,1
29,TTTTTTTT,1.6,0
30,KTTTKTTK,1.3900000000000001,0
31,TTTTTTTT,-0.53,0
32,GGKGGKGG,-0.5800000000000002,1
33,TTTRTTTR,5.61,1
34,TTTTTTTT,-0.15000000000000002,0
35,TTTKTTTK,1.96,1
36,KTTTTTKT,-0.87,1
37,RRRRRRRR,4.239999999999999,0
38,KTTTTTKT,0.69,0
39,GGKGGKGG,1.0300000000000002,0
40,TTRTTRTT,4.5600000000000005,1
41,TTRTTRTT,5.069999999999999,0
42,TTTTTDTT,2.25,1
43,RRRRDRRR,3.53,0
44,TETTTTT,1.5999999999999999,1
45,RRRRRRR,2.7899999999999996,1
46,RRRRRRR,3.4899999999999998,0
47,RRRRRRR,2.7799999999999994,0
48,RRRRRRR,2.3099999999999996,0
49,TTTDGTT,1.87,0
50,WKHE,1.819999999999999,0
51,GVGC,3.080000000000002,0
52,TRT,2.5900000000000003,1
53,KKP,2.13,1
54,RTD,7.4499999999999975,0
55,YTK,4.01,0
56,LSK,8.299999999999999,0
57,DTT,1.9800000000000004,1
58,SSG,6.1899999999999995,0
59,GK,4.210000000000001,1
60,TD,1.94,1
61,PK,2.94,1
62,ET,1.07,1
63,GG,4.680000000000001,1
64,RS,4.61,1
65,PK,1.7600000000000002,0
66,GK,3.830000000000001,0
67,SS,4.589999999999999,1
68,KT,4.879999999999999,1
69,HK,6.4399999999999995,1
70,RR,5.67,1
71,DS,0.3400000000000002,1
72,RS,6.34,0
73,SK,7.799999999999998,1
74,RR,3.1299999999999994,0
75,SS,8.410000000000002,0
76,RH,3.9699999999999998,1
77,SD,0.28,0
78,KK,4.85,1
79,RT,10.399999999999999,1
80,GR,5.8100000000000005,1
81,HH,6.74,0
82,T,2.41,1
83,K,5.889999999999999,1
84,H,4.51,1
85,E,-0.6199999999999999,0
86,T,2.6300000000000003,0
87,G,8.220000000000002,1
88,H,1.8499999999999996,0
89,R,9.44,1
90,R,5.67,0
91,G,6.740000000000002,0
92,S,6.029999999999999,1
93,K,5.640000000000001,0
94,T,2.0700000000000003,0
95,P,4.83,1
96,P,8.760000000000002,0
97,T,1.9100000000000001,0
