sequence,fitness
FPSITGFLGF,5.27262163422222
FGRSSVLFRK,4.65945889913422
MTGVLGFLGF,10.2369227606419
FTGVLGFLGW,4.51375556397167
