sequence,fitness
FTGVLGWLGF,3.05518643136948
FTGVLGFLGF,6.27296714944444
FTSGSGLLNF,3.88728842022222
MTGVLGWLGW,3.69668912099786
LITKAGLQVY,2.02319073938957
FTGITGFLGF,5.86590439144445
FPSISGFLGF,10.2586145912222
