Sequence,Score
FPSISGFLGF,105.2391733
FTGVLGFLGF,85.32074209
MTGVLGFLGF,39.35011686
FTGITGFLGF,34.40883433
FPSITGFLGF,27.8005389
FGRSSVLFRK,21.71055723
FTGVLGFLGW,20.37398929
FTSGSGLLNF,15.11101126
MTGVLGWLGW,13.66551046
FTGVLGWLGF,9.33416413
LITKAGLQVY,4.093300768

