sequence,fitness
FPSISGFLGF,10.2586145912222
MTGVLGFLGF,10.2369227606419
FTGVLGFLGF,6.27296714944444
FTGITGFLGF,5.86590439144445
FPSITGFLGF,5.27262163422222
FGRSSVLFRK,4.65945889913422
FTGVLGFLGW,4.51375556397167
FTSGSGLLNF,3.88728842022222
MTGVLGWLGW,3.69668912099786
FTGVLGWLGF,3.05518643136948
LITKAGLQVY,2.02319073938957
