,pattern,weight,status
0,RVSRRR,-0.5000000000000003,1
1,RVSRRR,-1.0000000000000002,1
2,RVSRRR,-1.5300000000000002,1
3,RVSRRR,-1.2400000000000002,1
4,RVSRRR,0.07999999999999985,1
5,RVSRRR,-0.20000000000000018,1
6,RVSRRR,-3.27,1
7,RVSRRR,-1.0600000000000005,1
8,RVSRRR,0.29000000000000015,1
9,RVSRRR,-1.3400000000000003,1
10,RVSRKR,0.89,0
11,RVSRRR,0.5199999999999998,1
12,RVSRRR,-0.13000000000000023,1
13,RVSRRR,-1.1600000000000004,1
14,RVSRRR,-2.130000000000001,1
15,RVKRRR,-2.2300000000000004,0
16,VYSRRR,-0.07000000000000028,0
17,VKSRRK,-0.4800000000000003,0
18,RVSRPR,-0.9900000000000002,0
19,RVSGRR,-1.5400000000000007,0
20,RSRRCR,0.28999999999999976,0
21,NVSRRR,-0.9000000000000002,0
22,VSRQRR,-0.4500000000000003,0
23,RVISRR,-0.4700000000000001,0
24,DMIWCV,0.9200000000000007,0
25,RSRRRQ,-0.06000000000000022,0
26,RVSSRR,-0.8900000000000002,0
27,RVSRG,0.19999999999999973,0
28,VSRRR,-0.7100000000000007,1
29,RVRRR,1.4899999999999998,0
30,RVSRR,-0.060000000000000275,1
31,RVSRR,1.6499999999999997,1
32,RSRRR,-1.4600000000000002,0
33,RRRQR,0.3799999999999998,0
34,RVSRR,-1.8500000000000005,1
35,RVRRV,-0.060000000000000275,0
36,EMIAL,-4.56,0
37,RVSR,2.9499999999999997,1
38,SRRR,-1.1200000000000003,1
39,VSRR,2.32,1
40,YYNI,-1.4700000000000002,0
41,RVSR,-2.1800000000000006,1
42,RVSR,-1.6000000000000008,1
43,RSRR,1.1799999999999997,0
44,CIKN,4.32,0
45,RVKR,1.3899999999999997,0
46,VRRS,-1.6100000000000003,0
47,RVR,-1.0600000000000003,0
48,RVR,-0.2000000000000003,0
49,VTY,4.1899999999999995,0
50,MSC,4.32,0
51,MI,-2.47,0
52,IV,2.3600000000000008,0
53,HN,4.5600000000000005,0
54,SR,-0.3500000000000002,1
55,YI,-0.5600000000000004,0
56,IY,1.9800000000000006,0
57,NM,0.9300000000000003,0
58,PI,1.0099999999999998,0
59,I,-0.3699999999999992,1
60,A,-1.0999999999999992,1
61,I,3.7800000000000002,1
62,I,0.6900000000000004,1
63,D,-0.5299999999999997,1
64,P,-3.0600000000000005,1
65,E,-0.8699999999999997,1
66,I,-3.6100000000000003,1
67,R,1.77,1
68,K,1.26,1
69,T,0.9299999999999997,1
70,I,1.6700000000000004,1
71,S,1.03,1
72,G,2.3,1
73,G,-1.95,1
74,I,-1.1099999999999992,1
75,G,0.5699999999999998,1
76,I,-1.5599999999999994,1
77,I,-3.2500000000000004,1
78,I,2.8400000000000007,1
