,pattern,weight,status
0,TTKCKH,-4.509999999999999,1
1,EYYNNL,-1.5699999999999998,1
2,TTKCKH,-3.0700000000000003,1
3,NYWLGA,2.77,0
4,QTTKHF,0.6200000000000001,0
5,TTKCKD,0.92,0
6,TNEECH,0.7000000000000001,0
7,WDGGFF,7.420000000000001,0
8,KCSWYT,5.1899999999999995,0
9,HWDLLT,-1.9299999999999993,0
10,TFKCYH,-4.21,0
11,TTYCH,-1.5199999999999998,0
12,KCVHW,-2.8600000000000003,0
13,GFVEQ,2.49,0
14,FLQSA,0.9500000000000004,0
15,TTCKH,-0.2600000000000001,0
16,TTKAC,2.41,0
17,YTKKT,-0.8299999999999998,0
18,VTKSC,-0.35999999999999965,0
19,TIKKH,0.55,0
20,CAWFT,2.5100000000000002,0
21,RYDNN,-0.10999999999999993,0
22,CCKVD,-2.1399999999999997,0
23,TKFHY,-0.6099999999999999,0
24,KSLNQ,1.7900000000000007,0
25,DHKC,-1.5699999999999998,0
26,VTKH,-3.3099999999999996,0
27,GTKH,1.7600000000000002,0
28,EYLR,-5.470000000000001,0
29,EYNI,-1.09,0
30,TTKK,1.1400000000000001,0
31,RKCK,-2.16,0
32,DHTH,1.9100000000000001,0
33,TTKC,-0.07000000000000017,1
34,GTWH,6.869999999999999,0
35,FDQM,1.9299999999999997,0
36,YNLD,2.84,0
37,KRSW,6.739999999999999,0
38,YKLC,1.13,0
39,MFMN,3.7199999999999998,0
40,DVH,0.72,0
41,ATC,-0.6499999999999999,0
42,TSH,-2.3000000000000003,0
43,CSW,0.02000000000000013,0
44,PPR,2.4800000000000004,0
45,AEQ,4.619999999999998,0
46,EEL,-1.2099999999999995,0
47,FMG,-3.21,0
48,CH,-0.6,0
49,HQ,2.3300000000000005,1
50,CK,-0.3400000000000002,1
51,MT,-0.4700000000000002,1
52,YL,-0.7699999999999998,1
53,DC,0.18000000000000005,0
54,SH,2.78,1
55,WH,3.1100000000000003,1
56,CQ,3.1900000000000004,1
57,QS,4.239999999999999,1
58,AF,3.19,0
59,WY,-4.55,1
60,NN,3.4200000000000004,1
61,LG,-2.17,1
62,YY,-3.23,1
63,WR,6.7,1
64,KF,4.950000000000001,1
65,KK,-1.22,1
66,RV,-2.26,1
67,TR,0.8700000000000002,1
68,E,-0.5900000000000003,1
69,G,0.8799999999999994,1
70,S,0.79,1
71,T,0.7000000000000002,1
72,K,1.7699999999999998,1
73,R,1.27,1
74,C,1.5399999999999996,1
