,pattern,weight,status
0,PVKKQW,-1.3999999999999981,0
1,KKQWED,1.3700000000000019,0
2,PKKQEW,-2.0999999999999983,0
3,KKQEDY,0.4100000000000016,0
4,QAEWDE,4.480000000000001,0
5,KEWPID,2.390000000000002,0
6,RKCCKY,1.1500000000000017,0
7,EKSCEV,5.34,0
8,TFQDGY,1.2300000000000002,0
9,KYQFRS,0.9300000000000002,0
10,KGPQWD,-1.9699999999999982,0
11,KYKTWD,2.5700000000000016,0
12,KQWANF,2.2600000000000016,0
13,FKKDGN,1.3000000000000018,0
14,QHFEHH,-2.659999999999998,0
15,EDGSQ,8.620000000000001,0
16,EIMLL,0.21999999999999953,0
17,GLERD,1.5500000000000014,0
18,CELEW,1.570000000000002,0
19,KIKEI,0.14000000000000198,0
20,KQEWD,1.9700000000000017,1
21,KQEWD,2.8400000000000016,1
22,PFGSN,1.9400000000000002,0
23,KQEWD,7.400000000000003,1
24,QCKEW,0.6100000000000018,0
25,FKIQE,0.9400000000000016,0
26,FKHKD,-3.179999999999999,0
27,ADKWH,-1.1099999999999983,0
28,KEDIK,1.860000000000002,0
29,KFYQS,-3.5300000000000007,0
30,LNCSS,3.12,0
31,YYYC,11.47,0
32,EYAK,-1.7699999999999994,0
33,KQDD,0.5300000000000016,0
34,HWKE,-1.5099999999999982,0
35,FDYS,2.5100000000000016,0
36,WKKE,-1.4599999999999982,0
37,KVQD,-2.759999999999998,0
38,AANN,-0.07999999999999907,0
39,YGQG,-2.7299999999999986,0
40,QYGV,-4.419999999999999,0
41,RNSW,1.4699999999999998,0
42,FQIA,4.55,0
43,RHL,1.1799999999999997,1
44,WQC,2.300000000000002,0
45,ERL,-0.3199999999999986,0
46,QEH,1.3100000000000014,0
47,TQE,3.2300000000000018,0
48,IWW,-2.0199999999999987,0
49,KQW,-2.5199999999999982,0
50,KKD,2.8200000000000016,1
51,FRL,2.359999999999999,0
52,KQS,2.980000000000002,1
53,TVQ,2.2600000000000016,0
54,QD,3.5700000000000016,1
55,KV,1.3100000000000018,1
56,KE,2.5700000000000016,0
57,QK,0.46000000000000163,1
58,YS,-2.450000000000001,1
59,AV,0.09000000000000064,1
60,SH,5.780000000000002,1
61,TR,1.4900000000000004,1
62,LK,7.080000000000001,1
63,KW,3.2199999999999993,1
64,EL,2.389999999999999,1
65,F,-2.3,1
66,C,1.370000000000002,1
67,R,0.2800000000000002,1
68,R,0.8999999999999999,1
69,K,1.3200000000000005,1
70,T,0.6100000000000008,1
71,W,1.5899999999999996,1
72,S,0.9699999999999999,1
73,G,1.0999999999999999,1
