,pattern,weight,status
0,GRLRRRARR,-2.21,0
1,RRRRRRRR,3.0700000000000007,1
2,RRRRRRRR,3.130000000000001,0
3,RRRRGGRR,3.2600000000000002,1
4,SCRRRRPM,1.12,0
5,TPTRTWTR,4.840000000000002,0
6,TPTRTWTR,4.440000000000001,0
7,TRTRTRHT,2.0500000000000003,0
8,PTTKTTTK,0.54,0
9,AGNWGFAI,6.01,0
10,SCRRRPM,1.12,0
11,SRLRRRR,-3.5599999999999996,0
12,RRRRRRR,3.1800000000000006,1
13,RRRRGGR,3.3000000000000003,1
14,SSGSRRR,-0.9499999999999998,0
15,TRTRTRT,1.57,1
16,KYKYPKG,3.6799999999999993,0
17,GRRRRRR,0.3400000000000001,1
18,GRRRRRR,0.2600000000000001,0
19,TTRTTTR,4.090000000000002,1
20,TTRTTTR,3.1300000000000017,0
21,SSSRRRR,0.74,1
22,TTKTTTK,1.5,1
23,SRRRRPM,1.68,1
24,SRRRRPM,1.8199999999999998,0
25,FTTKTTK,1.21,0
26,ITTKTTT,1.5,0
27,WSSKSSS,1.1,0
28,RRRRRRP,-1.1199999999999999,0
29,SSSRRR,0.010000000000000009,1
30,SSSRRG,-0.25999999999999984,0
31,TTKTTT,1.5,1
32,RRRRRR,3.17,1
33,RRRRRR,3.17,0
34,SRRRRR,-3.0199999999999996,1
35,SRRRRR,-2.76,0
36,TTRTTR,1.7400000000000009,1
37,TRTRTR,1.6600000000000001,1
38,RRRRRP,-1.19,1
39,GRRRQR,-0.6799999999999998,0
40,GRRRRR,-1.7999999999999998,1
41,PRPARR,1.9000000000000001,0
42,TERTRT,0.8500000000000003,0
43,TRTTR,1.060000000000001,1
44,TRTRT,4.4,1
45,TRTRR,1.6600000000000001,0
46,SKSSS,1.07,1
47,TKTTK,0.98,1
48,TKTTK,1.39,0
49,TTWTK,1.9500000000000002,0
50,KSRSS,1.76,0
51,SKSS,0.27000000000000013,1
52,RTRT,2.04,1
53,RTRT,2.04,0
54,RRRR,-0.52,1
55,RRRR,-0.020000000000000018,0
56,TRTT,1.1900000000000004,1
57,TTTK,1.9500000000000002,1
58,RRR,0.1100000000000001,1
59,VKK,0.9900000000000003,0
60,YKS,0.20000000000000007,0
61,NDK,1.4799999999999998,0
62,RRV,0.3799999999999997,1
63,KGW,0.9799999999999999,0
64,RR,0.9600000000000001,1
65,KK,0.9900000000000003,1
66,NK,0.9899999999999998,1
67,EY,-4.1,1
68,EY,-3.41,0
69,RR,0.3799999999999997,0
70,AL,0.6500000000000001,1
71,WG,-0.9299999999999999,1
72,WG,-0.59,0
73,KG,0.7599999999999999,1
74,WW,-1.76,1
75,GV,1.61,0
76,WE,-1.58,0
77,W,-0.79,1
78,L,0.6500000000000001,1
79,Y,0.20000000000000007,1
80,R,1.2099999999999997,1
81,R,1.2099999999999997,0
82,L,-0.4999999999999999,0
83,Q,0.52,1
84,Q,0.52,0
85,K,2.0999999999999996,1
86,K,2.0999999999999996,0
87,I,0.4399999999999998,1
88,I,0.4399999999999998,0
89,C,1.16,0
90,G,1.27,1
91,T,0.4600000000000001,1
92,S,0.87,1
93,S,0.5700000000000001,0
94,W,-0.79,0
95,A,-1.03,1
