,pattern,weight,status
0,LWEMI,5.31,0
1,SNKR,7.780000000000002,0
2,IRPV,-1.73,0
3,VRVK,1.91,0
4,HKS,-0.6500000000000001,0
5,NYM,6.489999999999999,0
6,VQG,2.7500000000000004,0
7,PVK,0.04000000000000015,0
8,KVR,6.65,0
9,HRK,5.03,0
10,RSH,2.71,0
11,KVP,9.47,0
12,PHR,5.019999999999999,0
13,ERF,9.59,0
14,GK,2.8,1
15,ES,13.519999999999998,0
16,PK,0.5200000000000001,1
17,VR,0.3999999999999999,1
18,DW,-1.3599999999999999,1
19,KV,7.24,0
20,KG,0.7400000000000002,1
21,KG,0.3000000000000002,1
22,RK,3.8900000000000006,1
23,NN,6.5200000000000005,1
24,SN,4.670000000000002,1
25,SN,5.070000000000002,1
26,HR,7.399999999999999,1
27,HR,5.119999999999999,1
28,KK,2.2,1
29,KK,2.21,1
30,TT,3.62,1
31,TT,3.6999999999999997,1
32,RS,2.71,1
33,KP,9.040000000000001,1
34,WY,9.51,1
35,VI,0.4700000000000002,0
36,DW,9.73,1
37,DW,1.7799999999999998,1
38,YF,8.349999999999998,0
39,YK,9.040000000000001,1
40,MD,5.23,0
41,SR,2.9699999999999998,1
42,QT,6.929999999999999,0
43,KK,0.6799999999999998,1
44,GW,9.22,1
45,DY,3.99,0
46,R,0.049999999999999906,1
47,H,6.439999999999999,1
48,P,6.709999999999999,1
49,W,-2.04,1
50,K,-1.2800000000000002,1
51,N,5.930000000000001,1
52,H,5.119999999999999,1
53,Y,9.51,1
54,Y,7.579999999999998,1
55,D,5.8900000000000015,1
56,D,5.53,1
57,S,1.0300000000000002,1
58,P,6.39,1
59,Y,8.14,1
60,Q,6.919999999999999,1
61,A,11.34,1
62,A,10.78,1
63,A,9.339999999999998,1
64,R,-2.0600000000000005,1
65,R,-2.6,1
66,R,-1.9200000000000004,1
67,Y,11.249999999999998,1
68,Y,9.409999999999998,1
69,K,2.62,1
70,G,3.9899999999999998,1
71,G,4.6899999999999995,1
72,L,2.23,1
73,L,2.23,1
74,L,1.8900000000000001,1
75,L,2.21,1
76,W,9.91,1
77,W,9.790000000000001,1
78,D,4.140000000000001,1
79,D,4.950000000000001,1
80,D,5.720000000000001,1
81,D,4.82,1
82,D,5.3500000000000005,1
83,T,2.38,1
84,W,9.66,1
85,W,8.97,1
86,E,15.530000000000001,1
87,E,15.65,1
88,S,1.98,1
89,E,9.25,1
90,L,10.409999999999998,1
