,pattern,weight,status
0,RLEPEW,9.929999999999998,0
1,PRMSIM,8.29,0
2,QLYELE,0.9399999999999998,0
3,GLNCV,4.74,0
4,HVMHY,-1.0500000000000003,0
5,GYVN,4.68,0
6,RHRW,2.8500000000000005,0
7,IAWI,-1.8399999999999994,0
8,YKKP,0.9699999999999998,0
9,QTL,-1.44,0
10,IRN,-1.9,0
11,NHK,4.94,1
12,QNN,8.57,0
13,VGH,9.269999999999998,0
14,PTT,5.250000000000001,0
15,TRE,2.7600000000000002,0
16,WHA,7.509999999999999,0
17,KMK,4.7,0
18,YFM,5.739999999999999,0
19,IR,0.8199999999999997,1
20,QR,5.500000000000001,1
21,WG,8.420000000000002,1
22,PI,8.690000000000001,0
23,TT,1.2799999999999998,1
24,SR,3.7499999999999987,1
25,TR,-0.92,1
26,NR,5.479999999999999,1
27,NR,6.479999999999999,1
28,TT,2.55,1
29,HR,8.430000000000001,1
30,GQ,9.590000000000002,1
31,YN,-1.4900000000000004,1
32,DW,11.94,1
33,YP,5.429999999999999,0
34,TH,0.7799999999999999,0
35,NC,-0.7900000000000005,0
36,A,6.3100000000000005,1
37,I,8.889999999999999,1
38,I,3.6400000000000006,1
39,L,7.35,1
40,Y,8.09,1
41,F,4.349999999999999,1
42,W,4.500000000000002,1
43,T,-1.8400000000000003,1
44,P,4.970000000000001,1
45,D,6.220000000000001,1
46,V,-0.5400000000000003,1
47,E,5.220000000000001,1
48,E,5.029999999999999,1
49,Y,3.6499999999999995,1
50,W,8.83,1
51,A,4.300000000000001,1
52,M,10.860000000000003,1
53,M,10.860000000000003,1
54,R,-2.75,1
55,R,-2.7399999999999998,1
56,A,2.789999999999999,1
57,Y,3.8600000000000003,1
58,M,1.7500000000000002,1
59,D,9.01,1
60,E,9.02,1
61,I,9.08,1
62,Y,6.97,1
