,pattern,weight,status
0,HFFRRQ,6.41,0
1,LITERP,2.22,0
2,LWAVIQ,5.519999999999999,0
3,WTFAN,5.339999999999999,0
4,MDIFG,1.1,0
5,PQSYT,2.09,0
6,KCKMW,9.419999999999998,0
7,QPYAF,1.3400000000000003,0
8,HHCT,1.3900000000000001,0
9,MIQA,5.91,0
10,CFHH,5.78,0
11,SCLP,5.1000000000000005,0
12,HKCA,6.119999999999999,0
13,TTLW,9.169999999999998,0
14,MDTM,3.1100000000000003,0
15,RNCI,5.950000000000001,0
16,QNMH,3.25,0
17,EFN,1.5599999999999998,0
18,IIY,0.8599999999999999,0
19,KEC,0.27,0
20,MKA,8.090000000000002,1
21,CWE,10.519999999999998,0
22,HGR,3.79,0
23,NML,1.270000000000001,0
24,MLG,3.6399999999999997,0
25,CKD,4.049999999999999,0
26,VTC,2.749999999999999,0
27,HQK,6.139999999999999,0
28,MHY,6.6,0
29,WWQ,2.8100000000000005,0
30,SC,9.92,1
31,LT,2.41,1
32,RY,1.27,1
33,ST,9.98,1
34,NI,5.740000000000001,1
35,SM,4.95,1
36,VH,5.0,0
37,TT,1.2200000000000002,1
38,SY,7.84,1
39,EN,8.729999999999999,1
40,EN,9.809999999999997,1
41,YE,11.489999999999998,1
42,TT,2.750000000000001,1
43,HR,4.430000000000001,1
44,PS,0.76,1
45,WL,5.579999999999999,1
46,IQ,11.110000000000001,1
47,HQ,6.989999999999999,1
48,LF,4.029999999999999,0
49,TS,0.15999999999999992,1
50,RQ,8.459999999999999,1
51,LW,5.1,1
52,II,4.4799999999999995,0
53,FQ,4.73,0
54,E,5.510000000000001,1
55,G,2.5,1
56,V,4.2299999999999995,1
57,S,1.39,1
58,Y,-2.76,1
59,A,1.09,1
60,L,7.68,1
61,N,5.2700000000000005,1
62,N,6.390000000000001,1
63,L,5.499999999999999,1
64,F,3.21,1
65,K,3.04,1
66,H,2.88,1
67,L,4.9300000000000015,1
68,E,6.619999999999999,1
69,D,6.5600000000000005,1
70,D,6.86,1
71,I,5.12,1
