,pattern,weight,status
0,RKQSSK,3.9200000000000004,1
1,RKQSSK,3.1500000000000004,1
2,RKQSSK,5.700000000000002,1
3,RKQSSK,1.42,1
4,RKQSSK,1.9299999999999997,1
5,RKQSSK,5.870000000000001,1
6,RKQSSK,7.15,1
7,YKFQSR,3.9799999999999995,0
8,LTRKQS,1.5599999999999998,0
9,RQSKSK,7.180000000000002,0
10,NKSFSK,4.79,0
11,RKYSKD,4.26,0
12,RKQSS,7.4,1
13,RKQSS,3.080000000000002,1
14,RQSSK,6.07,0
15,RKQYS,2.67,0
16,RQSSK,5.230000000000001,0
17,KQSSK,3.280000000000003,1
18,KWSSK,3.2600000000000007,0
19,KQKSK,2.2099999999999995,0
20,QSSFN,3.4099999999999997,0
21,EKCQS,6.8500000000000005,0
22,CKSSI,2.3800000000000003,0
23,WYYST,-7.210000000000001,0
24,RKIRS,4.130000000000001,0
25,RYKAS,5.900000000000001,0
26,KQSAK,4.7600000000000025,0
27,AKFQS,4.76,0
28,RWKYY,5.000000000000001,0
29,QFSCS,3.5400000000000014,0
30,QQVH,4.779999999999999,0
31,FKKS,4.0600000000000005,0
32,RQSK,3.4800000000000004,0
33,LIKS,0.4800000000000005,0
34,KQSS,3.6900000000000013,1
35,RKSS,3.4000000000000012,0
36,RKQS,2.4899999999999998,1
37,KQSK,2.9300000000000015,0
38,ENAY,2.39,0
39,TYWW,-9.420000000000002,0
40,RQP,8.110000000000003,0
41,RES,2.4100000000000006,0
42,KQS,7.860000000000001,1
43,PVK,-5.02,0
44,PRK,2.74,1
45,HNH,-4.940000000000001,0
46,SYI,-5.6400000000000015,0
47,YY,-5.910000000000001,1
48,PI,7.85,0
49,FR,3.84,0
50,QS,2.0900000000000003,1
51,YW,-5.630000000000002,1
52,LW,-5.800000000000002,1
53,WK,2.210000000000001,1
54,RS,-1.5699999999999994,1
55,KS,1.06,1
56,RK,2.93,1
57,SY,-5.98,1
58,HR,-7.040000000000001,1
59,KR,2.9099999999999997,1
60,TY,-7.070000000000001,1
61,TS,1.14,1
62,TR,1.8900000000000001,1
63,GL,-4.950000000000002,1
64,D,1.0999999999999996,1
65,T,-0.4500000000000001,1
66,A,-4.12,1
67,F,-4.03,1
68,E,-2.5100000000000002,1
69,Y,-7.45,1
70,R,2.120000000000001,1
71,R,2.800000000000001,1
72,Y,-9.16,1
73,P,-8.020000000000001,1
74,P,-4.22,1
75,D,-6.879999999999999,1
76,D,-6.329999999999999,1
77,E,-3.8299999999999996,1
78,E,-2.8599999999999994,1
79,E,-4.069999999999999,1
80,N,-6.07,1
81,C,2.49,1
