,pattern,weight,status
0,EWDWMK,9.849999999999998,1
1,EWDWMK,7.4399999999999995,1
2,EWDWMK,8.43,1
3,EWDWMK,7.75,1
4,DEWWMM,8.019999999999998,0
5,EMWDMK,5.299999999999998,0
6,KWCDMK,7.119999999999999,0
7,EWDVWK,7.09,0
8,EKWWRM,9.240000000000002,0
9,AVDTGR,6.120000000000001,0
10,EDWMFE,7.510000000000002,0
11,EWQWMK,9.849999999999998,0
12,EGVWDV,11.19,0
13,WDQWHW,5.359999999999999,0
14,EWMWK,9.299999999999999,0
15,YNDAE,3.5500000000000003,0
16,EWWMK,9.349999999999998,0
17,EWDMK,7.349999999999996,0
18,AEWDW,9.24,0
19,GTMPW,7.290000000000001,0
20,VGMLD,12.270000000000003,0
21,NSDQY,-3.24,0
22,WFMFK,10.71,0
23,EDKK,9.609999999999998,0
24,FEWW,8.78,0
25,NRKW,7.31,0
26,EVLM,4.089999999999998,0
27,KSDY,9.150000000000002,0
28,DVGR,-3.04,0
29,IKGY,-4.74,0
30,DEMH,-3.49,0
31,ELIV,5.96,0
32,QGMM,7.17,0
33,WADE,7.83,0
34,KDDI,5.640000000000001,0
35,EWD,10.459999999999999,1
36,DAM,7.409999999999999,0
37,AMK,6.459999999999998,0
38,PKG,2.39,0
39,ELV,5.07,0
40,WLK,7.089999999999999,0
41,KKN,2.4600000000000004,0
42,GLK,6.920000000000001,1
43,ALE,10.83,0
44,DLR,-2.23,1
45,LET,11.32,0
46,NQS,-4.010000000000001,0
47,RWK,9.97,1
48,MI,9.349999999999998,0
49,EW,10.099999999999998,1
50,WM,6.500000000000002,1
51,WK,10.069999999999999,1
52,FE,-3.960000000000001,0
53,WA,7.34,0
54,WM,6.790000000000001,1
55,WD,7.02,1
56,EW,11.299999999999999,1
57,YK,6.449999999999998,1
58,YK,5.239999999999999,1
59,YK,6.71,1
60,YK,7.46,1
61,LK,7.6000000000000005,1
62,LK,7.519999999999999,1
63,WD,6.77,1
64,EL,5.92,1
65,DR,-2.23,1
66,TR,4.24,1
67,DE,-5.200000000000001,1
68,DE,-5.48,1
69,RH,-1.1999999999999997,1
70,LE,10.16,1
71,LE,11.08,1
72,YD,-3.0700000000000003,0
73,ME,-3.56,0
74,R,3.74,1
75,K,2.1100000000000003,1
76,D,-4.8500000000000005,1
77,H,-2.53,1
78,Y,-5.09,1
79,E,-5.470000000000001,1
80,E,-3.5400000000000005,1
81,V,-5.72,1
82,Y,-6.370000000000001,1
83,N,-3.69,1
