,pattern,weight,status
0,DWEQKK,6.370000000000001,1
1,DWEQKK,6.6999999999999975,1
2,DWEQKK,8.319999999999999,1
3,GDEHGK,6.130000000000001,0
4,WEQKKD,4.8100000000000005,0
5,CDKTPD,4.93,0
6,DEWCKK,7.6800000000000015,0
7,EWDEKK,2.3699999999999983,0
8,WSGEN,6.339999999999999,0
9,NQKPN,8.85,0
10,DWEQK,7.300000000000001,1
11,WQRQK,7.72,0
12,DKSHK,3.130000000000001,0
13,WQKK,4.000000000000001,0
14,WERV,5.239999999999999,0
15,DELK,4.349999999999999,0
16,VVYA,5.769999999999999,0
17,TFRA,0.7199999999999995,0
18,WQWM,8.030000000000003,0
19,CWWE,5.14,0
20,WMKE,7.629999999999997,0
21,WIKK,3.65,0
22,WQM,8.650000000000002,1
23,WKK,5.799999999999999,1
24,WKK,7.44,1
25,WKK,3.37,1
26,KSK,1.5399999999999991,1
27,KLD,6.939999999999999,1
28,EVK,7.009999999999999,0
29,LWP,-2.2600000000000016,0
30,EDD,-2.6800000000000006,1
31,DLK,5.179999999999998,1
32,EML,3.37,0
33,LLI,-3.0100000000000016,0
34,EK,4.54,1
35,YI,5.409999999999999,0
36,DQ,5.629999999999999,1
37,SK,0.7699999999999992,1
38,LL,-2.8800000000000017,1
39,WE,7.9799999999999995,1
40,WE,8.9,1
41,EK,5.769999999999999,1
42,WK,7.699999999999998,1
43,KY,5.299999999999999,1
44,KY,6.329999999999999,1
45,KY,6.04,1
46,KL,5.999999999999998,1
47,DK,5.3599999999999985,1
48,TR,2.249999999999999,1
49,TR,1.239999999999999,1
50,EL,2.4,1
51,EL,5.28,1
52,EL,5.660000000000001,1
53,EL,6.050000000000001,1
54,EL,6.860000000000001,1
55,WL,-3.4000000000000012,1
56,WP,-3.2000000000000015,1
57,RH,-0.1900000000000015,1
58,YN,-1.3000000000000012,1
59,R,-0.3300000000000015,1
60,P,-2.780000000000001,1
61,Y,-2.1900000000000013,1
62,T,0.44999999999999907,1
63,D,-2.5200000000000014,1
64,K,0.6799999999999994,1
65,K,0.9399999999999993,1
66,E,-3.5000000000000004,1
67,Y,-3.2300000000000013,1
68,R,1.1999999999999993,1
69,R,1.1999999999999993,1
