,pattern,weight,status
0,WGWVND,5.28,0
1,WQDTLK,3.130000000000001,0
2,AYLPD,5.779999999999999,0
3,YCDRY,5.580000000000001,0
4,TEID,1.46,0
5,EGWL,9.829999999999998,0
6,IWPF,10.26,0
7,PHAG,-2.19,0
8,VLTD,7.620000000000001,0
9,RPGK,11.15,0
10,NHED,10.389999999999999,0
11,GVYR,2.3000000000000003,0
12,KHRH,8.15,0
13,CEGI,10.899999999999999,0
14,EAG,-1.5,0
15,VQN,0.1,0
16,KKL,8.519999999999998,1
17,DDE,5.919999999999999,1
18,WPK,11.99,1
19,MWD,10.379999999999999,1
20,RNI,10.399999999999999,0
21,DRD,4.390000000000001,1
22,PHG,-0.5000000000000001,0
23,CWK,3.8000000000000003,0
24,RIP,10.51,0
25,CKN,8.28,0
26,FKR,7.629999999999999,0
27,IIP,10.15,0
28,EWW,9.469999999999997,0
29,IPP,8.299999999999999,0
30,GIP,10.940000000000001,1
31,WSE,13.36,0
32,IPV,10.36,1
33,IHK,8.329999999999998,0
34,EEW,9.08,0
35,DL,8.119999999999997,1
36,WA,9.94,0
37,PI,8.47,1
38,PD,11.17,1
39,GI,10.999999999999998,1
40,MD,10.79,0
41,DW,8.629999999999999,1
42,DW,9.21,1
43,WS,9.34,1
44,IP,8.939999999999998,1
45,WM,10.650000000000002,1
46,WM,11.73,1
47,WS,10.669999999999998,1
48,WS,12.1,1
49,WS,11.79,1
50,EW,10.499999999999998,1
51,EW,9.749999999999998,1
52,KL,10.079999999999998,1
53,KL,7.620000000000001,1
54,EW,9.609999999999998,1
55,EW,8.599999999999998,1
56,KL,9.389999999999999,1
57,KL,11.049999999999999,1
58,KL,7.059999999999997,1
59,KL,8.549999999999999,1
60,WK,8.349999999999998,1
61,RT,4.299999999999999,1
62,NK,0.14999999999999997,1
63,GR,4.809999999999999,1
64,K,5.600000000000001,1
65,R,4.029999999999999,1
66,K,-1.1099999999999999,1
67,I,9.34,1
68,V,-1.2699999999999998,1
69,D,-1.5799999999999998,1
70,L,-5.640000000000001,1
71,F,7.07,1
