,pattern,weight,status
0,SIQDMT,3.7300000000000004,0
1,WNRMK,3.120000000000001,0
2,WWHI,3.65,0
3,VKIC,7.829999999999999,0
4,VDNP,5.010000000000001,0
5,HLGK,6.830000000000003,0
6,LGKD,7.540000000000003,0
7,KKMQ,7.67,0
8,LNGC,7.529999999999997,0
9,TAK,10.0,1
10,DMT,3.0500000000000003,0
11,GKM,7.4200000000000035,1
12,TKK,7.06,1
13,QCA,10.229999999999997,0
14,AFW,2.6899999999999995,0
15,TAK,8.459999999999999,1
16,TKP,10.36,0
17,LNG,6.399999999999999,1
18,TKK,7.820000000000002,1
19,TKK,9.47,1
20,TKK,10.06,1
21,LNG,8.269999999999996,1
22,LGK,9.040000000000003,1
23,KKQ,7.140000000000001,1
24,KKQ,7.1,1
25,KKQ,7.01,1
26,QKK,3.1799999999999997,1
27,QKK,3.53,1
28,CHG,3.5899999999999994,0
29,VLK,7.710000000000001,1
30,IGG,8.65,0
31,IG,7.76,1
32,QC,8.519999999999998,1
33,CG,2.0699999999999994,1
34,LK,7.130000000000001,1
35,QK,1.8399999999999992,1
36,F,-1.7500000000000004,1
37,A,-2.67,1
38,F,-2.4200000000000004,1
39,R,1.2700000000000002,1
40,K,1.2499999999999998,1
41,Y,-2.4699999999999998,1
